transaction_date,settlement_date,activity,symbol,quantity,price,total_amount,source_row,record_id,source_hash
2023-08-03,2023-08-07,Buy,VNQ,886.0,83.81,-74265.61,357,a594f601f7c0368c,37b647d13b92c0c056b10f28de8d960194e9976c31302d45e787470ecce5cd12
2023-08-03,2023-08-07,Buy,RSP,490.0,152.2,-74587.95,358,e411b253c673b8f5,37b647d13b92c0c056b10f28de8d960194e9976c31302d45e787470ecce5cd12
2023-08-03,2023-08-07,Buy,IWY,467.0,159.38,-74440.41,359,dc08804b30a60abf,37b647d13b92c0c056b10f28de8d960194e9976c31302d45e787470ecce5cd12
2023-08-03,2023-08-07,Buy,MOAT,916.0,81.25,-74434.95,360,dcdcdd0a624d0bf3,37b647d13b92c0c056b10f28de8d960194e9976c31302d45e787470ecce5cd12
2023-08-03,2023-08-07,Buy,PFF,2438.0,30.58,-74563.99,361,7bd3d0ed844ffadf,37b647d13b92c0c056b10f28de8d960194e9976c31302d45e787470ecce5cd12
2023-09-08,2023-09-08,Dividend,PFF,2438.0,0.0,375.52,355,465753d3984c3365,37b647d13b92c0c056b10f28de8d960194e9976c31302d45e787470ecce5cd12
2023-09-08,2023-09-08,Non resident tax,PFF,2438.0,0.0,-56.32,356,eb01237119732a8f,37b647d13b92c0c056b10f28de8d960194e9976c31302d45e787470ecce5cd12
2023-09-22,2023-09-22,Dividend,RSP,490.0,0.0,312.43,353,68c87f5f44686ad2,37b647d13b92c0c056b10f28de8d960194e9976c31302d45e787470ecce5cd12
2023-09-22,2023-09-22,Non resident tax,RSP,490.0,0.0,-46.86,354,bf9ae7f3c3a865d6,37b647d13b92c0c056b10f28de8d960194e9976c31302d45e787470ecce5cd12
2023-09-25,2023-09-27,Buy,PFF,40.0,30.26,-1220.35,348,7a2ae55da694e785,37b647d13b92c0c056b10f28de8d960194e9976c31302d45e787470ecce5cd12
2023-09-25,2023-09-27,Buy,MOAT,16.0,76.04,-1226.59,349,5a94bd06ab64badd,37b647d13b92c0c056b10f28de8d960194e9976c31302d45e787470ecce5cd12
2023-09-25,2023-09-27,Buy,IWY,8.0,155.33,-1252.59,350,00f2552bd0fb9b69,37b647d13b92c0c056b10f28de8d960194e9976c31302d45e787470ecce5cd12
2023-09-25,2023-09-27,Buy,VNQ,16.0,77.32,-1247.06,351,33fba41df3fdcaf9,37b647d13b92c0c056b10f28de8d960194e9976c31302d45e787470ecce5cd12
2023-09-25,2023-09-27,Buy,RSP,8.0,143.01,-1154.03,352,3f67b072e24bc594,37b647d13b92c0c056b10f28de8d960194e9976c31302d45e787470ecce5cd12
2023-10-02,2023-10-02,Non resident tax,IWY,475.0,0.0,-21.18,346,986afc55ba2ab84a,37b647d13b92c0c056b10f28de8d960194e9976c31302d45e787470ecce5cd12
2023-10-02,2023-10-02,Dividend,IWY,475.0,0.0,141.23,347,d4d36baba90d614b,37b647d13b92c0c056b10f28de8d960194e9976c31302d45e787470ecce5cd12
2023-10-03,2023-10-03,Non resident tax,VNQ,902.0,0.0,-98.33,344,f6855fc7daf07eb0,37b647d13b92c0c056b10f28de8d960194e9976c31302d45e787470ecce5cd12
2023-10-03,2023-10-03,Dividend,VNQ,902.0,0.0,655.57,345,9da3c765c72a5ea8,37b647d13b92c0c056b10f28de8d960194e9976c31302d45e787470ecce5cd12
2023-10-06,2023-10-06,Non resident tax,PFF,2478.0,0.0,-59.76,342,a8d6aca026a7e04f,37b647d13b92c0c056b10f28de8d960194e9976c31302d45e787470ecce5cd12
2023-10-06,2023-10-06,Dividend,PFF,2478.0,0.0,398.43,343,175aba13ca148ce1,37b647d13b92c0c056b10f28de8d960194e9976c31302d45e787470ecce5cd12
2023-10-27,2023-10-31,Buy,RSP,15.0,133.99,-2019.79,337,dc2e1eb0e3cc463a,37b647d13b92c0c056b10f28de8d960194e9976c31302d45e787470ecce5cd12
2023-10-27,2023-10-31,Buy,IWY,13.0,149.65,-1955.39,338,9785e50751a6975f,37b647d13b92c0c056b10f28de8d960194e9976c31302d45e787470ecce5cd12
2023-10-27,2023-10-31,Buy,PFF,70.0,28.42,-1999.2,339,b16eef12e92f1e57,37b647d13b92c0c056b10f28de8d960194e9976c31302d45e787470ecce5cd12
2023-10-27,2023-10-31,Buy,VNQ,28.0,71.1,-2000.63,340,a93ce737bbb84bb4,37b647d13b92c0c056b10f28de8d960194e9976c31302d45e787470ecce5cd12
2023-10-27,2023-10-31,Buy,MOAT,28.0,70.93,-1995.97,341,cb4f85b5ac2068a9,37b647d13b92c0c056b10f28de8d960194e9976c31302d45e787470ecce5cd12
2023-11-07,2023-11-07,Dividend,PFF,2548.0,0.0,440.87,335,536722de4eb6f581,37b647d13b92c0c056b10f28de8d960194e9976c31302d45e787470ecce5cd12
2023-11-07,2023-11-07,Non resident tax,PFF,2548.0,0.0,-66.13,336,cc68df162161b87a,37b647d13b92c0c056b10f28de8d960194e9976c31302d45e787470ecce5cd12
2023-12-07,2023-12-07,Non resident tax,PFF,2548.0,0.0,-66.96,333,42229d114859458f,37b647d13b92c0c056b10f28de8d960194e9976c31302d45e787470ecce5cd12
2023-12-07,2023-12-07,Dividend,PFF,2548.0,0.0,446.45,334,0e35c7c2d57f02ee,37b647d13b92c0c056b10f28de8d960194e9976c31302d45e787470ecce5cd12
2023-12-20,2023-12-20,Non resident tax,PFF,2548.0,0.0,-73.63,331,92b711e4522043e3,37b647d13b92c0c056b10f28de8d960194e9976c31302d45e787470ecce5cd12
2023-12-20,2023-12-20,Dividend,PFF,2548.0,0.0,490.89,332,89a1aefd2fb7e995,37b647d13b92c0c056b10f28de8d960194e9976c31302d45e787470ecce5cd12
2023-12-22,2023-12-22,Dividend,MOAT,960.0,0.0,699.36,327,10e4c6f25bf4ed8d,37b647d13b92c0c056b10f28de8d960194e9976c31302d45e787470ecce5cd12
2023-12-22,2023-12-22,Non resident tax,MOAT,960.0,0.0,-104.9,328,2afe596962131f45,37b647d13b92c0c056b10f28de8d960194e9976c31302d45e787470ecce5cd12
2023-12-22,2023-12-22,Non resident tax,RSP,513.0,0.0,-46.87,329,114bac52806f644d,37b647d13b92c0c056b10f28de8d960194e9976c31302d45e787470ecce5cd12
2023-12-22,2023-12-22,Dividend,RSP,513.0,0.0,312.47,330,29b1e5e3fe2cdf1e,37b647d13b92c0c056b10f28de8d960194e9976c31302d45e787470ecce5cd12
2023-12-27,2023-12-27,Dividend,VNQ,930.0,0.0,993.52,323,4641d6a2842fb47f,37b647d13b92c0c056b10f28de8d960194e9976c31302d45e787470ecce5cd12
2023-12-27,2023-12-27,Dividend,IWY,488.0,0.0,189.03,324,076bf7b4af41b603,37b647d13b92c0c056b10f28de8d960194e9976c31302d45e787470ecce5cd12
2023-12-27,2023-12-27,Non resident tax,IWY,488.0,0.0,-28.35,325,07134e84acda23f3,37b647d13b92c0c056b10f28de8d960194e9976c31302d45e787470ecce5cd12
2023-12-27,2023-12-27,Non resident tax,VNQ,930.0,0.0,-149.02,326,4fe2612d4de8755b,37b647d13b92c0c056b10f28de8d960194e9976c31302d45e787470ecce5cd12
2024-01-11,2024-01-16,Buy,IWY,11.0,175.31,-1938.36,318,65ec2b5ebc812833,37b647d13b92c0c056b10f28de8d960194e9976c31302d45e787470ecce5cd12
2024-01-11,2024-01-16,Buy,MOAT,24.0,83.1,-2004.35,319,a4237a50c612ef8f,37b647d13b92c0c056b10f28de8d960194e9976c31302d45e787470ecce5cd12
2024-01-11,2024-01-16,Buy,VNQ,23.0,86.26,-1993.9,320,e96b25c6c3e778b0,37b647d13b92c0c056b10f28de8d960194e9976c31302d45e787470ecce5cd12
2024-01-11,2024-01-16,Buy,PFF,64.0,31.42,-2020.82,321,e09bae13008a8fe1,37b647d13b92c0c056b10f28de8d960194e9976c31302d45e787470ecce5cd12
2024-01-11,2024-01-16,Buy,RSP,13.0,155.25,-2028.16,322,040caa08230b1430,37b647d13b92c0c056b10f28de8d960194e9976c31302d45e787470ecce5cd12
2024-01-31,2024-02-02,Buy,IWY,11.0,181.22,-2003.35,313,977e0177a07cc15a,37b647d13b92c0c056b10f28de8d960194e9976c31302d45e787470ecce5cd12
2024-01-31,2024-02-02,Buy,PFF,62.0,32.13,-2001.85,314,51764127a076649e,37b647d13b92c0c056b10f28de8d960194e9976c31302d45e787470ecce5cd12
2024-01-31,2024-02-02,Buy,RSP,13.0,158.24,-2067.07,315,8bf834a2b2ea66d2,37b647d13b92c0c056b10f28de8d960194e9976c31302d45e787470ecce5cd12
2024-01-31,2024-02-02,Buy,MOAT,24.0,84.53,-2038.62,316,38afc653c2d55e6a,37b647d13b92c0c056b10f28de8d960194e9976c31302d45e787470ecce5cd12
2024-01-31,2024-02-02,Buy,VNQ,23.0,85.5,-1976.35,317,ce7d920fa10f6422,37b647d13b92c0c056b10f28de8d960194e9976c31302d45e787470ecce5cd12
2024-02-07,2024-02-07,Dividend,PFF,2674.0,0.0,471.9,311,ca9915835c26133f,37b647d13b92c0c056b10f28de8d960194e9976c31302d45e787470ecce5cd12
2024-02-07,2024-02-07,Non resident tax,PFF,2674.0,0.0,-70.78,312,b8eb1e1219d068a8,37b647d13b92c0c056b10f28de8d960194e9976c31302d45e787470ecce5cd12
2024-02-13,2024-02-15,Buy,MOAT,24.0,85.1,-2052.35,306,5762093bfa65a3be,37b647d13b92c0c056b10f28de8d960194e9976c31302d45e787470ecce5cd12
2024-02-13,2024-02-15,Buy,PFF,63.0,31.77,-2011.15,307,57995ac08d4e041c,37b647d13b92c0c056b10f28de8d960194e9976c31302d45e787470ecce5cd12
2024-02-13,2024-02-15,Buy,VNQ,25.0,82.0,-2059.95,308,019898bf26a071b8,37b647d13b92c0c056b10f28de8d960194e9976c31302d45e787470ecce5cd12
2024-02-13,2024-02-15,Buy,RSP,13.0,158.13,-2065.64,309,74ce66368a350c47,37b647d13b92c0c056b10f28de8d960194e9976c31302d45e787470ecce5cd12
2024-02-13,2024-02-15,Buy,IWY,11.0,187.15,-2068.61,310,80b9267700966d81,37b647d13b92c0c056b10f28de8d960194e9976c31302d45e787470ecce5cd12
2024-03-05,2024-03-07,Buy,PFF,63.0,31.91,-2019.97,301,0fe8d2b2faca0ab5,37b647d13b92c0c056b10f28de8d960194e9976c31302d45e787470ecce5cd12
2024-03-05,2024-03-07,Buy,IWY,11.0,189.67,-2096.32,302,e702d43cfebc1198,37b647d13b92c0c056b10f28de8d960194e9976c31302d45e787470ecce5cd12
2024-03-05,2024-03-07,Buy,RSP,12.0,163.21,-1968.43,303,f16aa818d6bf5892,37b647d13b92c0c056b10f28de8d960194e9976c31302d45e787470ecce5cd12
2024-03-05,2024-03-07,Buy,VNQ,24.0,86.11,-2076.58,304,ae574ddcc678d05c,37b647d13b92c0c056b10f28de8d960194e9976c31302d45e787470ecce5cd12
2024-03-05,2024-03-07,Buy,MOAT,24.0,86.32,-2081.63,305,17464d648ac3da7d,37b647d13b92c0c056b10f28de8d960194e9976c31302d45e787470ecce5cd12
2024-03-07,2024-03-07,Non resident tax,PFF,2737.0,0.0,-69.92,299,10adfa82705389f9,37b647d13b92c0c056b10f28de8d960194e9976c31302d45e787470ecce5cd12
2024-03-07,2024-03-07,Dividend,PFF,2737.0,0.0,466.14,300,e1567236938db259,37b647d13b92c0c056b10f28de8d960194e9976c31302d45e787470ecce5cd12
2024-03-22,2024-03-22,Dividend,RSP,564.0,0.0,383.61,297,ffc364673fb0fc8d,37b647d13b92c0c056b10f28de8d960194e9976c31302d45e787470ecce5cd12
2024-03-22,2024-03-22,Non resident tax,RSP,564.0,0.0,-57.54,298,d885de548c40148e,37b647d13b92c0c056b10f28de8d960194e9976c31302d45e787470ecce5cd12
2024-03-27,2024-03-27,Dividend,IWY,532.0,0.0,132.72,293,3224c227543f957b,37b647d13b92c0c056b10f28de8d960194e9976c31302d45e787470ecce5cd12
2024-03-27,2024-03-27,Non resident tax,VNQ,1025.0,0.0,-112.6,294,f93b6577b65d9092,37b647d13b92c0c056b10f28de8d960194e9976c31302d45e787470ecce5cd12
2024-03-27,2024-03-27,Non resident tax,IWY,532.0,0.0,-19.9,295,2d31ca540036a992,37b647d13b92c0c056b10f28de8d960194e9976c31302d45e787470ecce5cd12
2024-03-27,2024-03-27,Dividend,VNQ,1025.0,0.0,750.71,296,988950a21a8bbe30,37b647d13b92c0c056b10f28de8d960194e9976c31302d45e787470ecce5cd12
2024-04-02,2024-04-04,Buy,IWY,10.0,192.63,-1936.25,288,12c93c4d8e8bc1bb,37b647d13b92c0c056b10f28de8d960194e9976c31302d45e787470ecce5cd12
2024-04-02,2024-04-04,Buy,PFF,63.0,31.92,-2020.73,289,ccc4e15e4928638f,37b647d13b92c0c056b10f28de8d960194e9976c31302d45e787470ecce5cd12
2024-04-02,2024-04-04,Buy,RSP,12.0,166.83,-2011.91,290,5dd15765dd2edc32,37b647d13b92c0c056b10f28de8d960194e9976c31302d45e787470ecce5cd12
2024-04-02,2024-04-04,Buy,VNQ,24.0,84.06,-2027.3,291,437db3f7867e4a87,37b647d13b92c0c056b10f28de8d960194e9976c31302d45e787470ecce5cd12
2024-04-02,2024-04-04,Buy,MOAT,24.0,88.31,-2129.36,292,623ba49aefe5a887,37b647d13b92c0c056b10f28de8d960194e9976c31302d45e787470ecce5cd12
2024-04-05,2024-04-05,Non resident tax,PFF,2800.0,0.0,-65.58,286,81523522fdc10313,37b647d13b92c0c056b10f28de8d960194e9976c31302d45e787470ecce5cd12
2024-04-05,2024-04-05,Dividend,PFF,2800.0,0.0,437.21,287,8a1e24094e024226,37b647d13b92c0c056b10f28de8d960194e9976c31302d45e787470ecce5cd12
2024-04-19,2024-04-23,Buy,PFF,65.0,30.89,-2017.77,281,c24790f3d8f2acc2,37b647d13b92c0c056b10f28de8d960194e9976c31302d45e787470ecce5cd12
2024-04-19,2024-04-23,Buy,IWY,11.0,184.43,-2038.67,282,de0918ae05c7ec10,37b647d13b92c0c056b10f28de8d960194e9976c31302d45e787470ecce5cd12
2024-04-19,2024-04-23,Buy,RSP,13.0,159.73,-2086.38,283,318829e5de38d3b4,37b647d13b92c0c056b10f28de8d960194e9976c31302d45e787470ecce5cd12
2024-04-19,2024-04-23,Buy,VNQ,25.0,78.92,-1982.95,284,c1f757e1bcc82aa5,37b647d13b92c0c056b10f28de8d960194e9976c31302d45e787470ecce5cd12
2024-04-19,2024-04-23,Buy,MOAT,24.0,84.15,-2029.49,285,686da75b87bde164,37b647d13b92c0c056b10f28de8d960194e9976c31302d45e787470ecce5cd12
2024-05-07,2024-05-07,Non resident tax,PFF,2928.0,0.0,-70.11,279,8f38a685f4e0538e,37b647d13b92c0c056b10f28de8d960194e9976c31302d45e787470ecce5cd12
2024-05-07,2024-05-07,Dividend,PFF,2928.0,0.0,467.45,280,6e43c53b27088be0,37b647d13b92c0c056b10f28de8d960194e9976c31302d45e787470ecce5cd12
2024-05-17,2024-05-21,Buy,MOAT,22.0,89.53,-1979.61,274,7888cbb48ec0ab0e,37b647d13b92c0c056b10f28de8d960194e9976c31302d45e787470ecce5cd12
2024-05-17,2024-05-21,Buy,VNQ,23.0,84.92,-1963.03,275,b6ded8a19e84a8fc,37b647d13b92c0c056b10f28de8d960194e9976c31302d45e787470ecce5cd12
2024-05-17,2024-05-21,Buy,RSP,12.0,167.84,-2024.03,276,d85a1f8324245089,37b647d13b92c0c056b10f28de8d960194e9976c31302d45e787470ecce5cd12
2024-05-17,2024-05-21,Buy,IWY,10.0,199.57,-2005.65,277,4b88a67a30657a21,37b647d13b92c0c056b10f28de8d960194e9976c31302d45e787470ecce5cd12
2024-05-17,2024-05-21,Buy,PFF,63.0,31.57,-1998.67,278,71132a5ae6c8ebe7,37b647d13b92c0c056b10f28de8d960194e9976c31302d45e787470ecce5cd12
2024-06-07,2024-06-07,Dividend,PFF,2991.0,0.0,488.77,272,8789f168416a9463,37b647d13b92c0c056b10f28de8d960194e9976c31302d45e787470ecce5cd12
2024-06-07,2024-06-07,Non resident tax,PFF,2991.0,0.0,-73.31,273,87d72321007858be,37b647d13b92c0c056b10f28de8d960194e9976c31302d45e787470ecce5cd12
2024-06-17,2024-06-17,Dividend,IWY,563.0,0.0,109.45,270,bf3aeda4c1d617c0,37b647d13b92c0c056b10f28de8d960194e9976c31302d45e787470ecce5cd12
2024-06-17,2024-06-17,Non resident tax,IWY,563.0,0.0,-16.41,271,d7635d2a5807d0e3,37b647d13b92c0c056b10f28de8d960194e9976c31302d45e787470ecce5cd12
2024-06-21,2024-06-24,Buy,RSP,12.0,165.35,-1994.15,265,3a8c71116ea96320,37b647d13b92c0c056b10f28de8d960194e9976c31302d45e787470ecce5cd12
2024-06-21,2024-06-24,Buy,IWY,9.0,214.34,-1939.01,266,711fcf1fcf088583,37b647d13b92c0c056b10f28de8d960194e9976c31302d45e787470ecce5cd12
2024-06-21,2024-06-24,Buy,MOAT,23.0,86.93,-2009.34,267,480f614eaeae0fc8,37b647d13b92c0c056b10f28de8d960194e9976c31302d45e787470ecce5cd12
2024-06-21,2024-06-24,Buy,PFF,63.0,31.54,-1996.88,268,41130bfa1addb3b8,37b647d13b92c0c056b10f28de8d960194e9976c31302d45e787470ecce5cd12
2024-06-21,2024-06-24,Buy,VNQ,23.0,83.93,-1940.33,269,2a725166136450fb,37b647d13b92c0c056b10f28de8d960194e9976c31302d45e787470ecce5cd12
2024-06-28,2024-06-28,Dividend,RSP,613.0,0.0,406.68,263,e0af0e2bb813dacc,37b647d13b92c0c056b10f28de8d960194e9976c31302d45e787470ecce5cd12
2024-06-28,2024-06-28,Non resident tax,RSP,613.0,0.0,-61.0,264,1c12ef5e0b528843,37b647d13b92c0c056b10f28de8d960194e9976c31302d45e787470ecce5cd12
2024-07-02,2024-07-02,Non resident tax,VNQ,1120.0,0.0,-173.51,261,3169dd748a3b8cae,37b647d13b92c0c056b10f28de8d960194e9976c31302d45e787470ecce5cd12
2024-07-02,2024-07-02,Dividend,VNQ,1120.0,0.0,1156.74,262,c36819b4781e15a9,37b647d13b92c0c056b10f28de8d960194e9976c31302d45e787470ecce5cd12
2024-07-05,2024-07-05,Non resident tax,PFF,3054.0,0.0,-75.12,259,4da923633fb515fc,37b647d13b92c0c056b10f28de8d960194e9976c31302d45e787470ecce5cd12
2024-07-05,2024-07-05,Dividend,PFF,3054.0,0.0,500.84,260,ff58e30a2c2ddbe9,37b647d13b92c0c056b10f28de8d960194e9976c31302d45e787470ecce5cd12
2024-07-11,2024-07-12,Buy,RSP,9.0,167.15,-1514.26,254,cbb60f3a85d53fed,37b647d13b92c0c056b10f28de8d960194e9976c31302d45e787470ecce5cd12
2024-07-11,2024-07-12,Buy,IWY,7.0,220.1,-1550.65,255,678a1c42597a1386,37b647d13b92c0c056b10f28de8d960194e9976c31302d45e787470ecce5cd12
2024-07-11,2024-07-12,Buy,PFF,46.0,31.84,-1474.59,256,41ffa6e493309220,37b647d13b92c0c056b10f28de8d960194e9976c31302d45e787470ecce5cd12
2024-07-11,2024-07-12,Buy,MOAT,17.0,87.51,-1497.62,257,e472c19e7b2cec34,37b647d13b92c0c056b10f28de8d960194e9976c31302d45e787470ecce5cd12
2024-07-11,2024-07-12,Buy,VNQ,17.0,86.81,-1485.68,258,87a2816bbba3b940,37b647d13b92c0c056b10f28de8d960194e9976c31302d45e787470ecce5cd12
2024-08-01,2024-08-02,Buy,RSP,18.0,169.24,-3056.27,249,21a7cc25fb9a07c9,37b647d13b92c0c056b10f28de8d960194e9976c31302d45e787470ecce5cd12
2024-08-01,2024-08-02,Buy,PFF,328.0,31.64,-10387.02,250,3b4774ae0eacf1ef,37b647d13b92c0c056b10f28de8d960194e9976c31302d45e787470ecce5cd12
2024-08-01,2024-08-02,Buy,VNQ,54.0,91.0,-4923.93,251,6336c5d8843f731e,37b647d13b92c0c056b10f28de8d960194e9976c31302d45e787470ecce5cd12
2024-08-01,2024-08-02,Buy,MOAT,38.0,90.07,-3432.61,252,092e271f47299ef0,37b647d13b92c0c056b10f28de8d960194e9976c31302d45e787470ecce5cd12
2024-08-01,2024-08-02,Sell,IWY,-54.0,206.12,11120.32,253,8095d122dd78ce8e,37b647d13b92c0c056b10f28de8d960194e9976c31302d45e787470ecce5cd12
2024-08-05,2024-08-06,Buy,PFF,64.0,31.26,-2010.27,244,7f6dd51c08d68aa2,37b647d13b92c0c056b10f28de8d960194e9976c31302d45e787470ecce5cd12
2024-08-05,2024-08-06,Buy,MOAT,23.0,87.35,-2019.0,245,2777e1d7006f49ae,37b647d13b92c0c056b10f28de8d960194e9976c31302d45e787470ecce5cd12
2024-08-05,2024-08-06,Buy,IWY,10.0,194.12,-1951.14,246,51d3acc944c94483,37b647d13b92c0c056b10f28de8d960194e9976c31302d45e787470ecce5cd12
2024-08-05,2024-08-06,Buy,VNQ,22.0,89.16,-1971.47,247,f6120fec27236d45,37b647d13b92c0c056b10f28de8d960194e9976c31302d45e787470ecce5cd12
2024-08-05,2024-08-06,Buy,RSP,12.0,162.94,-1965.23,248,e470e3fdaf8e1be1,37b647d13b92c0c056b10f28de8d960194e9976c31302d45e787470ecce5cd12
2024-08-06,2024-08-06,Dividend,PFF,3100.0,0.0,497.9,242,b9e795e150757817,37b647d13b92c0c056b10f28de8d960194e9976c31302d45e787470ecce5cd12
2024-08-06,2024-08-06,Non resident tax,PFF,3100.0,0.0,-74.68,243,394f4f7f7dad638d,37b647d13b92c0c056b10f28de8d960194e9976c31302d45e787470ecce5cd12
2024-09-03,2024-09-04,Buy,PFF,62.0,32.14,-2002.42,237,ed1d701e56aa2f96,37b647d13b92c0c056b10f28de8d960194e9976c31302d45e787470ecce5cd12
2024-09-03,2024-09-04,Buy,IWY,10.0,209.16,-2101.55,238,dd359e10a58bd90f,37b647d13b92c0c056b10f28de8d960194e9976c31302d45e787470ecce5cd12
2024-09-03,2024-09-04,Buy,VNQ,21.0,95.24,-2009.99,239,c5046f4acfe18829,37b647d13b92c0c056b10f28de8d960194e9976c31302d45e787470ecce5cd12
2024-09-03,2024-09-04,Buy,MOAT,22.0,94.81,-2095.76,240,0ca69ba03946dc91,37b647d13b92c0c056b10f28de8d960194e9976c31302d45e787470ecce5cd12
2024-09-03,2024-09-04,Buy,RSP,12.0,174.2,-2100.35,241,0a6da8678bd3009d,37b647d13b92c0c056b10f28de8d960194e9976c31302d45e787470ecce5cd12
2024-09-06,2024-09-06,Non resident tax,PFF,3492.0,0.0,-85.49,235,00c3cf19c1927df4,37b647d13b92c0c056b10f28de8d960194e9976c31302d45e787470ecce5cd12
2024-09-06,2024-09-06,Dividend,PFF,3492.0,0.0,569.94,236,3539542ca889c56a,37b647d13b92c0c056b10f28de8d960194e9976c31302d45e787470ecce5cd12
2024-09-27,2024-09-27,Non resident tax,RSP,664.0,0.0,-69.2,233,3aca1ab7e60981f9,37b647d13b92c0c056b10f28de8d960194e9976c31302d45e787470ecce5cd12
2024-09-27,2024-09-27,Dividend,RSP,664.0,0.0,461.35,234,0abfca24c123e193,37b647d13b92c0c056b10f28de8d960194e9976c31302d45e787470ecce5cd12
2024-09-30,2024-09-30,Dividend,IWY,545.0,0.0,165.28,231,d3aa1241fdb21421,37b647d13b92c0c056b10f28de8d960194e9976c31302d45e787470ecce5cd12
2024-09-30,2024-09-30,Non resident tax,IWY,545.0,0.0,-24.79,232,c8166f6b6241cbca,37b647d13b92c0c056b10f28de8d960194e9976c31302d45e787470ecce5cd12
2024-10-01,2024-10-02,Buy,MOAT,21.0,96.12,-2028.43,224,2ccaa348dee6d598,37b647d13b92c0c056b10f28de8d960194e9976c31302d45e787470ecce5cd12
2024-10-01,2024-10-02,Buy,VNQ,21.0,96.69,-2040.42,225,44405217614f4a76,37b647d13b92c0c056b10f28de8d960194e9976c31302d45e787470ecce5cd12
2024-10-01,2024-10-02,Buy,RSP,11.0,178.38,-1972.13,226,51e08031bbf1deac,37b647d13b92c0c056b10f28de8d960194e9976c31302d45e787470ecce5cd12
2024-10-01,2024-10-02,Buy,IWY,9.0,216.03,-1954.21,227,8551a9bd31aebfa2,37b647d13b92c0c056b10f28de8d960194e9976c31302d45e787470ecce5cd12
2024-10-01,2024-10-02,Buy,PFF,61.0,33.17,-2033.02,228,e346eddc2dd4156e,37b647d13b92c0c056b10f28de8d960194e9976c31302d45e787470ecce5cd12
2024-10-01,2024-10-01,Non resident tax,VNQ,1234.0,0.0,-150.45,229,035b70257f7bf4e7,37b647d13b92c0c056b10f28de8d960194e9976c31302d45e787470ecce5cd12
2024-10-01,2024-10-01,Dividend,VNQ,1234.0,0.0,1003.0,230,db1c2c923320a065,37b647d13b92c0c056b10f28de8d960194e9976c31302d45e787470ecce5cd12
2024-10-04,2024-10-04,Dividend,PFF,3554.0,0.0,588.02,222,bd086cd4a81d7353,37b647d13b92c0c056b10f28de8d960194e9976c31302d45e787470ecce5cd12
2024-10-04,2024-10-04,Non resident tax,PFF,3554.0,0.0,-88.2,223,640fd6557e85dc1d,37b647d13b92c0c056b10f28de8d960194e9976c31302d45e787470ecce5cd12
2024-11-06,2024-11-06,Non resident tax,PFF,3615.0,0.0,-89.64,220,4d3eeb67234feac7,37b647d13b92c0c056b10f28de8d960194e9976c31302d45e787470ecce5cd12
2024-11-06,2024-11-06,Dividend,PFF,3615.0,0.0,597.66,221,6a87f045ecb48600,37b647d13b92c0c056b10f28de8d960194e9976c31302d45e787470ecce5cd12
2024-11-15,2024-11-18,Buy,PFF,62.0,32.54,-2027.37,215,4a26e46748e9c518,37b647d13b92c0c056b10f28de8d960194e9976c31302d45e787470ecce5cd12
2024-11-15,2024-11-18,Buy,IWY,9.0,226.58,-2049.21,216,e68778d9739b6234,37b647d13b92c0c056b10f28de8d960194e9976c31302d45e787470ecce5cd12
2024-11-15,2024-11-18,Buy,RSP,11.0,180.9,-1999.84,217,137f84c89f8400cb,37b647d13b92c0c056b10f28de8d960194e9976c31302d45e787470ecce5cd12
2024-11-15,2024-11-18,Buy,VNQ,22.0,93.37,-2064.07,218,0b35077355bebd69,37b647d13b92c0c056b10f28de8d960194e9976c31302d45e787470ecce5cd12
2024-11-15,2024-11-18,Buy,MOAT,21.0,95.04,-2005.75,219,76ef7acfb4ce0234,37b647d13b92c0c056b10f28de8d960194e9976c31302d45e787470ecce5cd12
2024-12-05,2024-12-05,Non resident tax,PFF,3677.0,0.0,-90.92,213,a02172fc6312bd95,37b647d13b92c0c056b10f28de8d960194e9976c31302d45e787470ecce5cd12
2024-12-05,2024-12-05,Dividend,PFF,3677.0,0.0,606.18,214,1c4299249c8ed473,37b647d13b92c0c056b10f28de8d960194e9976c31302d45e787470ecce5cd12
2024-12-18,2024-12-19,Buy,PFF,63.0,31.74,-2009.56,208,01bd74f05763e257,37b647d13b92c0c056b10f28de8d960194e9976c31302d45e787470ecce5cd12
2024-12-18,2024-12-19,Buy,IWY,8.0,241.55,-1942.35,209,fb001ef863666143,37b647d13b92c0c056b10f28de8d960194e9976c31302d45e787470ecce5cd12
2024-12-18,2024-12-19,Buy,VNQ,23.0,90.47,-2090.76,210,8245f42939a6f762,37b647d13b92c0c056b10f28de8d960194e9976c31302d45e787470ecce5cd12
2024-12-18,2024-12-19,Buy,MOAT,21.0,95.38,-2012.87,211,8af1dadafbbd2b53,37b647d13b92c0c056b10f28de8d960194e9976c31302d45e787470ecce5cd12
2024-12-18,2024-12-19,Buy,RSP,11.0,177.56,-1963.09,212,4af2299059df01b8,37b647d13b92c0c056b10f28de8d960194e9976c31302d45e787470ecce5cd12
2024-12-20,2024-12-20,Dividend,IWY,563.0,0.0,140.52,206,49995fc10b73df2b,37b647d13b92c0c056b10f28de8d960194e9976c31302d45e787470ecce5cd12
2024-12-20,2024-12-20,Non resident tax,IWY,563.0,0.0,-21.07,207,42cb3de83919a2be,37b647d13b92c0c056b10f28de8d960194e9976c31302d45e787470ecce5cd12
2024-12-23,2024-12-23,Dividend,PFF,3677.0,0.0,649.66,204,d24ab680ffbd2d11,37b647d13b92c0c056b10f28de8d960194e9976c31302d45e787470ecce5cd12
2024-12-23,2024-12-23,Non resident tax,PFF,3677.0,0.0,-97.44,205,d771a74dd821421b,37b647d13b92c0c056b10f28de8d960194e9976c31302d45e787470ecce5cd12
2024-12-24,2024-12-24,Dividend,MOAT,1312.0,0.0,1662.96,202,e7c7c790146ab6a9,37b647d13b92c0c056b10f28de8d960194e9976c31302d45e787470ecce5cd12
2024-12-24,2024-12-24,Non resident tax,MOAT,1312.0,0.0,-249.44,203,4bfca840ad6047a8,37b647d13b92c0c056b10f28de8d960194e9976c31302d45e787470ecce5cd12
2024-12-27,2024-12-27,Dividend,VNQ,1300.0,0.0,1112.15,198,ea728d7315388b24,37b647d13b92c0c056b10f28de8d960194e9976c31302d45e787470ecce5cd12
2024-12-27,2024-12-27,Dividend,RSP,697.0,0.0,431.9,199,579bcbd33cc8fe19,37b647d13b92c0c056b10f28de8d960194e9976c31302d45e787470ecce5cd12
2024-12-27,2024-12-27,Non resident tax,RSP,697.0,0.0,-64.78,200,57e1e567e47397ba,37b647d13b92c0c056b10f28de8d960194e9976c31302d45e787470ecce5cd12
2024-12-27,2024-12-27,Non resident tax,VNQ,1300.0,0.0,-166.82,201,0f410362e6fa8e75,37b647d13b92c0c056b10f28de8d960194e9976c31302d45e787470ecce5cd12
2025-01-10,2025-01-13,Buy,PFF,64.0,31.28,-2011.68,193,2953e5bb2919be6d,37b647d13b92c0c056b10f28de8d960194e9976c31302d45e787470ecce5cd12
2025-01-10,2025-01-13,Buy,IWY,9.0,234.46,-2120.08,194,2214d8a6388774e2,37b647d13b92c0c056b10f28de8d960194e9976c31302d45e787470ecce5cd12
2025-01-10,2025-01-13,Buy,MOAT,22.0,91.55,-2024.05,195,7d64c85259e0e36b,37b647d13b92c0c056b10f28de8d960194e9976c31302d45e787470ecce5cd12
2025-01-10,2025-01-13,Buy,VNQ,24.0,85.93,-2072.22,196,060ddf4e9dd5cb0e,37b647d13b92c0c056b10f28de8d960194e9976c31302d45e787470ecce5cd12
2025-01-10,2025-01-13,Buy,RSP,12.0,174.17,-2099.98,197,6e2abf375593d4a3,37b647d13b92c0c056b10f28de8d960194e9976c31302d45e787470ecce5cd12
2025-02-03,2025-02-04,Buy,PFF,64.0,31.51,-2026.59,188,094b80e36b187b51,37b647d13b92c0c056b10f28de8d960194e9976c31302d45e787470ecce5cd12
2025-02-03,2025-02-04,Buy,IWY,9.0,234.6,-2121.33,189,d9c7c8eebebdf4b4,37b647d13b92c0c056b10f28de8d960194e9976c31302d45e787470ecce5cd12
2025-02-03,2025-02-04,Buy,RSP,11.0,178.38,-1972.13,190,1e24dfd81b58f9d6,37b647d13b92c0c056b10f28de8d960194e9976c31302d45e787470ecce5cd12
2025-02-03,2025-02-04,Buy,VNQ,23.0,89.21,-2061.78,191,73a9ab3d559c6e23,37b647d13b92c0c056b10f28de8d960194e9976c31302d45e787470ecce5cd12
2025-02-03,2025-02-04,Buy,MOAT,22.0,93.72,-2071.79,192,9c5529ffdceae47f,37b647d13b92c0c056b10f28de8d960194e9976c31302d45e787470ecce5cd12
2025-02-06,2025-02-06,Dividend,PFF,3804.0,0.0,667.45,186,03da5a340a7c9e7c,37b647d13b92c0c056b10f28de8d960194e9976c31302d45e787470ecce5cd12
2025-02-06,2025-02-06,Non resident tax,PFF,3804.0,0.0,-100.11,187,99f1476f6a59c4f1,37b647d13b92c0c056b10f28de8d960194e9976c31302d45e787470ecce5cd12
2025-03-03,2025-03-04,Buy,PFF,63.0,31.52,-1995.4,181,41c4562188481989,37b647d13b92c0c056b10f28de8d960194e9976c31302d45e787470ecce5cd12
2025-03-03,2025-03-04,Buy,IWY,9.0,223.79,-2024.05,182,7ad1d433cb7f3f51,37b647d13b92c0c056b10f28de8d960194e9976c31302d45e787470ecce5cd12
2025-03-03,2025-03-04,Buy,VNQ,21.0,93.95,-1982.9,183,661fe7cd3cad6839,37b647d13b92c0c056b10f28de8d960194e9976c31302d45e787470ecce5cd12
2025-03-03,2025-03-04,Buy,MOAT,22.0,90.84,-2008.43,184,8dee1dc2cf351f8b,37b647d13b92c0c056b10f28de8d960194e9976c31302d45e787470ecce5cd12
2025-03-03,2025-03-04,Buy,RSP,11.0,177.76,-1965.31,185,f6f8292329c17f1a,37b647d13b92c0c056b10f28de8d960194e9976c31302d45e787470ecce5cd12
2025-03-06,2025-03-06,Dividend,PFF,3868.0,0.0,669.44,179,812d6007326d7345,37b647d13b92c0c056b10f28de8d960194e9976c31302d45e787470ecce5cd12
2025-03-06,2025-03-06,Non resident tax,PFF,3868.0,0.0,-100.41,180,ac5657c351ec033d,37b647d13b92c0c056b10f28de8d960194e9976c31302d45e787470ecce5cd12
2025-03-11,2025-03-12,Buy,PFF,64.0,30.79,-1980.44,174,ae2b608dc026cfc6,37b647d13b92c0c056b10f28de8d960194e9976c31302d45e787470ecce5cd12
2025-03-11,2025-03-12,Buy,IWY,9.0,210.76,-1906.82,175,4a3fdabc9dc66561,37b647d13b92c0c056b10f28de8d960194e9976c31302d45e787470ecce5cd12
2025-03-11,2025-03-12,Buy,RSP,11.0,171.36,-1894.9,176,48b0960d43142ec2,37b647d13b92c0c056b10f28de8d960194e9976c31302d45e787470ecce5cd12
2025-03-11,2025-03-12,Buy,VNQ,22.0,90.04,-1990.89,177,3683660270c25d1b,37b647d13b92c0c056b10f28de8d960194e9976c31302d45e787470ecce5cd12
2025-03-11,2025-03-12,Buy,MOAT,22.0,88.9,-1965.77,178,9002c7f041b974e9,37b647d13b92c0c056b10f28de8d960194e9976c31302d45e787470ecce5cd12
2025-03-21,2025-03-21,Dividend,IWY,607.0,0.0,143.7,172,872d057df6117dfa,37b647d13b92c0c056b10f28de8d960194e9976c31302d45e787470ecce5cd12
2025-03-21,2025-03-21,Non resident tax,IWY,607.0,0.0,-21.55,173,626450befb4db6bb,37b647d13b92c0c056b10f28de8d960194e9976c31302d45e787470ecce5cd12
2025-03-27,2025-03-27,Non resident tax,VNQ,1390.0,0.0,-194.3,170,8441c90686cc7744,37b647d13b92c0c056b10f28de8d960194e9976c31302d45e787470ecce5cd12
2025-03-27,2025-03-27,Dividend,VNQ,1390.0,0.0,1295.34,171,a3cb880f13d5db22,37b647d13b92c0c056b10f28de8d960194e9976c31302d45e787470ecce5cd12
2025-03-28,2025-03-28,Dividend,RSP,742.0,0.0,616.48,168,c981033484cd68b1,37b647d13b92c0c056b10f28de8d960194e9976c31302d45e787470ecce5cd12
2025-03-28,2025-03-28,Non resident tax,RSP,742.0,0.0,-92.47,169,f6fc31d6c4962d0c,37b647d13b92c0c056b10f28de8d960194e9976c31302d45e787470ecce5cd12
2025-04-03,2025-04-04,Buy,MOAT,24.0,84.42,-2036.03,163,795fe606310a4baa,37b647d13b92c0c056b10f28de8d960194e9976c31302d45e787470ecce5cd12
2025-04-03,2025-04-04,Buy,PFF,66.0,30.08,-1995.22,164,ab5b0b46f6c0cc40,37b647d13b92c0c056b10f28de8d960194e9976c31302d45e787470ecce5cd12
2025-04-03,2025-04-04,Buy,VNQ,22.0,89.3,-1974.46,165,4a232b991b78a5c9,37b647d13b92c0c056b10f28de8d960194e9976c31302d45e787470ecce5cd12
2025-04-03,2025-04-04,Buy,IWY,9.0,205.0,-1854.95,166,df802842928344ef,37b647d13b92c0c056b10f28de8d960194e9976c31302d45e787470ecce5cd12
2025-04-03,2025-04-04,Buy,RSP,11.0,168.47,-1863.11,167,428842beec5915cb,37b647d13b92c0c056b10f28de8d960194e9976c31302d45e787470ecce5cd12
2025-04-04,2025-04-07,Buy,RSP,13.0,159.64,-2085.26,156,e1bec57bd3c374b2,37b647d13b92c0c056b10f28de8d960194e9976c31302d45e787470ecce5cd12
2025-04-04,2025-04-04,Non resident tax,PFF,3995.0,0.0,-103.36,157,b2d1892f85831d4c,37b647d13b92c0c056b10f28de8d960194e9976c31302d45e787470ecce5cd12
2025-04-04,2025-04-07,Buy,PFF,68.0,29.46,-2013.23,158,100729efe7bb6fab,37b647d13b92c0c056b10f28de8d960194e9976c31302d45e787470ecce5cd12
2025-04-04,2025-04-07,Buy,MOAT,25.0,80.3,-2017.45,159,1b9ef13170c7add4,37b647d13b92c0c056b10f28de8d960194e9976c31302d45e787470ecce5cd12
2025-04-04,2025-04-04,Dividend,PFF,3995.0,0.0,689.13,160,e39fc7865de3f2d1,37b647d13b92c0c056b10f28de8d960194e9976c31302d45e787470ecce5cd12
2025-04-04,2025-04-07,Buy,IWY,10.0,194.79,-1957.84,161,fe7c4bd5c00a6f51,37b647d13b92c0c056b10f28de8d960194e9976c31302d45e787470ecce5cd12
2025-04-04,2025-04-07,Buy,VNQ,23.0,85.65,-1979.85,162,10376e99881b0d03,37b647d13b92c0c056b10f28de8d960194e9976c31302d45e787470ecce5cd12
2025-04-07,2025-04-08,Buy,IWY,11.0,187.47,-2072.16,151,263c3f58ea331990,37b647d13b92c0c056b10f28de8d960194e9976c31302d45e787470ecce5cd12
2025-04-07,2025-04-08,Buy,VNQ,25.0,81.77,-2054.2,152,dd9ebb751c133f99,37b647d13b92c0c056b10f28de8d960194e9976c31302d45e787470ecce5cd12
2025-04-07,2025-04-08,Buy,PFF,69.0,29.13,-2019.8,153,4c4b147643484a64,37b647d13b92c0c056b10f28de8d960194e9976c31302d45e787470ecce5cd12
2025-04-07,2025-04-08,Buy,MOAT,26.0,77.44,-2023.37,154,b829dc6ac9dd6306,37b647d13b92c0c056b10f28de8d960194e9976c31302d45e787470ecce5cd12
2025-04-07,2025-04-08,Buy,RSP,13.0,154.33,-2016.24,155,e3c4eec2bcc69538,37b647d13b92c0c056b10f28de8d960194e9976c31302d45e787470ecce5cd12
2025-05-06,2025-05-06,Dividend,PFF,4198.0,0.0,730.99,149,2d4a032727f1a910,37b647d13b92c0c056b10f28de8d960194e9976c31302d45e787470ecce5cd12
2025-05-06,2025-05-06,Non resident tax,PFF,4198.0,0.0,-109.64,150,58edf883d8632b0b,37b647d13b92c0c056b10f28de8d960194e9976c31302d45e787470ecce5cd12
2025-05-16,2025-05-19,Buy,PFF,65.0,30.54,-1994.74,144,545c8440bab38685,37b647d13b92c0c056b10f28de8d960194e9976c31302d45e787470ecce5cd12
2025-05-16,2025-05-19,Buy,IWY,9.0,232.59,-2103.26,145,6f7c02110e14f75a,37b647d13b92c0c056b10f28de8d960194e9976c31302d45e787470ecce5cd12
2025-05-16,2025-05-19,Buy,RSP,11.0,179.73,-1986.98,146,de3430443f239f72,37b647d13b92c0c056b10f28de8d960194e9976c31302d45e787470ecce5cd12
2025-05-16,2025-05-19,Buy,VNQ,22.0,90.21,-1994.49,147,35032066c9122395,37b647d13b92c0c056b10f28de8d960194e9976c31302d45e787470ecce5cd12
2025-05-16,2025-05-19,Buy,MOAT,22.0,91.27,-2017.89,148,8b1c3aa5e5fa988e,37b647d13b92c0c056b10f28de8d960194e9976c31302d45e787470ecce5cd12
2025-06-05,2025-06-05,Dividend,PFF,4263.0,0.0,744.21,142,c2ef7156e0cfb876,37b647d13b92c0c056b10f28de8d960194e9976c31302d45e787470ecce5cd12
2025-06-05,2025-06-05,Non resident tax,PFF,4263.0,0.0,-111.63,143,443b5ee5fbe0e4e5,37b647d13b92c0c056b10f28de8d960194e9976c31302d45e787470ecce5cd12
2025-06-13,2025-06-16,Buy,PFF,66.0,30.15,-1999.59,137,7a0e8db59c25818a,37b647d13b92c0c056b10f28de8d960194e9976c31302d45e787470ecce5cd12
2025-06-13,2025-06-16,Buy,IWY,8.0,236.41,-1901.23,138,17fe6affcec8fe67,37b647d13b92c0c056b10f28de8d960194e9976c31302d45e787470ecce5cd12
2025-06-13,2025-06-16,Buy,RSP,11.0,177.76,-1965.3,139,ed4d131ab5efe973,37b647d13b92c0c056b10f28de8d960194e9976c31302d45e787470ecce5cd12
2025-06-13,2025-06-16,Buy,VNQ,22.0,89.56,-1980.27,140,894008afa86ba407,37b647d13b92c0c056b10f28de8d960194e9976c31302d45e787470ecce5cd12
2025-06-13,2025-06-16,Buy,MOAT,21.0,91.43,-1929.96,141,3ab8411cc8674c8b,37b647d13b92c0c056b10f28de8d960194e9976c31302d45e787470ecce5cd12
2025-06-20,2025-06-20,Dividend,IWY,654.0,0.0,158.39,135,6cad543403c793b1,37b647d13b92c0c056b10f28de8d960194e9976c31302d45e787470ecce5cd12
2025-06-20,2025-06-20,Non resident tax,IWY,654.0,0.0,-23.75,136,012f9446fc7a7460,37b647d13b92c0c056b10f28de8d960194e9976c31302d45e787470ecce5cd12
2025-06-27,2025-06-27,Dividend,RSP,801.0,0.0,578.01,133,e0d6241879147b04,37b647d13b92c0c056b10f28de8d960194e9976c31302d45e787470ecce5cd12
2025-06-27,2025-06-27,Non resident tax,RSP,801.0,0.0,-86.7,134,2f5481135adfd628,37b647d13b92c0c056b10f28de8d960194e9976c31302d45e787470ecce5cd12
2025-06-30,2025-06-30,Non resident tax,VNQ,1504.0,0.0,-195.77,131,105b40204602816a,37b647d13b92c0c056b10f28de8d960194e9976c31302d45e787470ecce5cd12
2025-06-30,2025-06-30,Dividend,VNQ,1504.0,0.0,1305.17,132,674cc52a2d71153c,37b647d13b92c0c056b10f28de8d960194e9976c31302d45e787470ecce5cd12
2025-07-07,2025-07-07,Dividend,PFF,4329.0,0.0,751.92,124,5430775606d7c649,37b647d13b92c0c056b10f28de8d960194e9976c31302d45e787470ecce5cd12
2025-07-07,2025-07-07,Non resident tax,PFF,4329.0,0.0,-112.78,125,80948a39e13d5ae1,37b647d13b92c0c056b10f28de8d960194e9976c31302d45e787470ecce5cd12
2025-07-07,2025-07-08,Buy,VNQ,22.0,89.04,-1968.73,126,de0c0a04d301de75,37b647d13b92c0c056b10f28de8d960194e9976c31302d45e787470ecce5cd12
2025-07-07,2025-07-08,Buy,PFF,65.0,30.91,-2018.9,127,727c540f68fd27cf,37b647d13b92c0c056b10f28de8d960194e9976c31302d45e787470ecce5cd12
2025-07-07,2025-07-08,Buy,MOAT,20.0,95.91,-1928.14,128,7bd45a5e09b3b68f,37b647d13b92c0c056b10f28de8d960194e9976c31302d45e787470ecce5cd12
2025-07-07,2025-07-08,Buy,IWY,8.0,246.48,-1981.78,129,42e10d7562068fc1,37b647d13b92c0c056b10f28de8d960194e9976c31302d45e787470ecce5cd12
2025-07-07,2025-07-08,Buy,RSP,11.0,183.37,-2026.97,130,cdeefd7e6b54e0b3,37b647d13b92c0c056b10f28de8d960194e9976c31302d45e787470ecce5cd12
2025-08-01,2025-08-04,Buy,PFF,396.0,31.01,-12289.35,118,59d37e44e447dcdf,37b647d13b92c0c056b10f28de8d960194e9976c31302d45e787470ecce5cd12
2025-08-01,2025-08-04,Sell,MOAT,-1538.0,95.63,147068.99,119,135887eaace55c94,37b647d13b92c0c056b10f28de8d960194e9976c31302d45e787470ecce5cd12
2025-08-01,2025-08-04,Buy,VNQ,143.0,88.98,-12734.08,120,5ea3dba31c2dac3a,37b647d13b92c0c056b10f28de8d960194e9976c31302d45e787470ecce5cd12
2025-08-01,2025-08-04,Buy,RSP,7.0,181.16,-1278.06,121,a195a1a38c936780,37b647d13b92c0c056b10f28de8d960194e9976c31302d45e787470ecce5cd12
2025-08-01,2025-08-04,Buy,SPMO,1310.0,113.34,-148474.24,122,63a6f9d5182e4280,37b647d13b92c0c056b10f28de8d960194e9976c31302d45e787470ecce5cd12
2025-08-01,2025-08-04,Sell,IWY,-70.0,250.25,17507.56,123,f9987ecde156b399,37b647d13b92c0c056b10f28de8d960194e9976c31302d45e787470ecce5cd12
2025-08-06,2025-08-06,Dividend,PFF,4394.0,0.0,712.41,116,63d007fbeffd0a24,37b647d13b92c0c056b10f28de8d960194e9976c31302d45e787470ecce5cd12
2025-08-06,2025-08-06,Non resident tax,PFF,4394.0,0.0,-106.86,117,3e89be1e34c92fd2,37b647d13b92c0c056b10f28de8d960194e9976c31302d45e787470ecce5cd12
2025-09-02,2025-09-03,Buy,PFF,64.0,31.26,-2010.59,111,0ffe5227fc0e8e15,37b647d13b92c0c056b10f28de8d960194e9976c31302d45e787470ecce5cd12
2025-09-02,2025-09-03,Buy,IWY,8.0,254.71,-2047.59,112,a5be45d76c235155,37b647d13b92c0c056b10f28de8d960194e9976c31302d45e787470ecce5cd12
2025-09-02,2025-09-03,Buy,SPMO,18.0,115.03,-2080.45,113,ffea047d757faccd,37b647d13b92c0c056b10f28de8d960194e9976c31302d45e787470ecce5cd12
2025-09-02,2025-09-03,Buy,RSP,11.0,186.73,-2063.98,114,ca319f653cd2cc01,37b647d13b92c0c056b10f28de8d960194e9976c31302d45e787470ecce5cd12
2025-09-02,2025-09-03,Buy,VNQ,22.0,91.09,-2013.92,115,64f7042a59df8b9c,37b647d13b92c0c056b10f28de8d960194e9976c31302d45e787470ecce5cd12
2025-09-05,2025-09-05,Non resident tax,PFF,4790.0,0.0,-115.48,109,c40b9c04a574ffc2,37b647d13b92c0c056b10f28de8d960194e9976c31302d45e787470ecce5cd12
2025-09-05,2025-09-05,Dividend,PFF,4790.0,0.0,769.93,110,02cf41fe88baf6bf,37b647d13b92c0c056b10f28de8d960194e9976c31302d45e787470ecce5cd12
2025-09-19,2025-09-19,Dividend,IWY,600.0,0.0,156.02,107,9e2b49ba8bf02cea,37b647d13b92c0c056b10f28de8d960194e9976c31302d45e787470ecce5cd12
2025-09-19,2025-09-19,Non resident tax,IWY,600.0,0.0,-23.4,108,f811de7ad826aae2,37b647d13b92c0c056b10f28de8d960194e9976c31302d45e787470ecce5cd12
2025-09-26,2025-09-26,Non resident tax,VNQ,1691.0,0.0,-221.08,101,b58e2aca972a59af,37b647d13b92c0c056b10f28de8d960194e9976c31302d45e787470ecce5cd12
2025-09-26,2025-09-26,Dividend,VNQ,1691.0,0.0,1473.88,102,312253a2d87c714c,37b647d13b92c0c056b10f28de8d960194e9976c31302d45e787470ecce5cd12
2025-09-26,2025-09-26,Non resident tax,SPMO,1328.0,0.0,-38.18,103,f9bbc95c9ca7d8f3,37b647d13b92c0c056b10f28de8d960194e9976c31302d45e787470ecce5cd12
2025-09-26,2025-09-26,Dividend,SPMO,1328.0,0.0,254.59,104,be705b6e28420479,37b647d13b92c0c056b10f28de8d960194e9976c31302d45e787470ecce5cd12
2025-09-26,2025-09-26,Non resident tax,RSP,830.0,0.0,-102.1,105,568a6903187007fd,37b647d13b92c0c056b10f28de8d960194e9976c31302d45e787470ecce5cd12
2025-09-26,2025-09-26,Dividend,RSP,830.0,0.0,680.71,106,5dc5a8e939bba8d5,37b647d13b92c0c056b10f28de8d960194e9976c31302d45e787470ecce5cd12
2025-10-06,2025-10-06,Non resident tax,PFF,4854.0,0.0,-124.31,99,6b398d22437336bb,37b647d13b92c0c056b10f28de8d960194e9976c31302d45e787470ecce5cd12
2025-10-06,2025-10-06,Dividend,PFF,4854.0,0.0,828.74,100,2044bc1a3ef842cb,37b647d13b92c0c056b10f28de8d960194e9976c31302d45e787470ecce5cd12
2025-10-09,2025-10-10,Buy,SPMO,16.0,121.56,-1954.9,94,ffee79f80c5747a8,37b647d13b92c0c056b10f28de8d960194e9976c31302d45e787470ecce5cd12
2025-10-09,2025-10-10,Buy,RSP,11.0,189.15,-2090.6,95,4ca809673dfc0dc3,37b647d13b92c0c056b10f28de8d960194e9976c31302d45e787470ecce5cd12
2025-10-09,2025-10-10,Buy,VNQ,22.0,89.06,-1969.16,96,4a90d7b2d194c000,37b647d13b92c0c056b10f28de8d960194e9976c31302d45e787470ecce5cd12
2025-10-09,2025-10-10,Buy,PFF,63.0,31.52,-1995.5,97,bff36e10e15ab709,37b647d13b92c0c056b10f28de8d960194e9976c31302d45e787470ecce5cd12
2025-10-09,2025-10-10,Buy,IWY,7.0,276.86,-1947.96,98,4148b1e8258e02db,37b647d13b92c0c056b10f28de8d960194e9976c31302d45e787470ecce5cd12
2025-11-06,2025-11-06,Non resident tax,PFF,4917.0,0.0,-125.9,92,9ae27dc58eea02f2,37b647d13b92c0c056b10f28de8d960194e9976c31302d45e787470ecce5cd12
2025-11-06,2025-11-06,Dividend,PFF,4917.0,0.0,839.37,93,f973193017704bd4,37b647d13b92c0c056b10f28de8d960194e9976c31302d45e787470ecce5cd12
2025-11-13,2025-11-14,Buy,SPMO,17.0,117.7,-2010.84,87,f0dad58b6e9f338e,37b647d13b92c0c056b10f28de8d960194e9976c31302d45e787470ecce5cd12
2025-11-13,2025-11-14,Buy,VNQ,23.0,89.58,-2070.29,88,a059284890ffbf46,37b647d13b92c0c056b10f28de8d960194e9976c31302d45e787470ecce5cd12
2025-11-13,2025-11-14,Buy,RSP,11.0,188.27,-2080.92,89,ab33867e91034351,37b647d13b92c0c056b10f28de8d960194e9976c31302d45e787470ecce5cd12
2025-11-13,2025-11-14,Buy,IWY,7.0,275.15,-1935.97,90,2d613b0f2dad8afe,37b647d13b92c0c056b10f28de8d960194e9976c31302d45e787470ecce5cd12
2025-11-13,2025-11-14,Buy,PFF,64.0,30.88,-1986.26,91,2565a942ab26be8d,37b647d13b92c0c056b10f28de8d960194e9976c31302d45e787470ecce5cd12
2025-12-04,2025-12-04,Non resident tax,PFF,4981.0,0.0,-131.16,85,51ce14697ad93e85,37b647d13b92c0c056b10f28de8d960194e9976c31302d45e787470ecce5cd12
2025-12-04,2025-12-04,Dividend,PFF,4981.0,0.0,874.4,86,6b3316a789717cd9,37b647d13b92c0c056b10f28de8d960194e9976c31302d45e787470ecce5cd12
2025-12-16,2025-12-17,Buy,PFF,64.0,31.05,-1997.14,80,8c6e91a32c88ddc0,37b647d13b92c0c056b10f28de8d960194e9976c31302d45e787470ecce5cd12
2025-12-16,2025-12-17,Buy,IWY,7.0,272.32,-1916.19,81,09ce2a05465014b2,37b647d13b92c0c056b10f28de8d960194e9976c31302d45e787470ecce5cd12
2025-12-16,2025-12-17,Buy,SPMO,17.0,118.19,-2019.18,82,40a94c1c5a80bb47,37b647d13b92c0c056b10f28de8d960194e9976c31302d45e787470ecce5cd12
2025-12-16,2025-12-17,Buy,RSP,10.0,191.8,-1927.95,83,7e9682bc1f75d94c,37b647d13b92c0c056b10f28de8d960194e9976c31302d45e787470ecce5cd12
2025-12-16,2025-12-17,Buy,VNQ,22.0,89.05,-1969.02,84,6480ba7eba48860c,37b647d13b92c0c056b10f28de8d960194e9976c31302d45e787470ecce5cd12
2025-12-19,2025-12-19,Dividend,IWY,614.0,0.0,163.4,78,4a2f26b120680320,37b647d13b92c0c056b10f28de8d960194e9976c31302d45e787470ecce5cd12
2025-12-19,2025-12-19,Non resident tax,IWY,614.0,0.0,-24.51,79,d68013ca23e0c281,37b647d13b92c0c056b10f28de8d960194e9976c31302d45e787470ecce5cd12
2025-12-24,2025-12-24,Dividend,PFF,5045.0,0.0,332.38,74,23ca7446f86b4b7a,37b647d13b92c0c056b10f28de8d960194e9976c31302d45e787470ecce5cd12
2025-12-24,2025-12-24,Non resident tax,PFF,5045.0,0.0,-49.85,75,7667238e1d3ea982,37b647d13b92c0c056b10f28de8d960194e9976c31302d45e787470ecce5cd12
2025-12-24,2025-12-24,Dividend,VNQ,1758.0,0.0,1407.28,76,9b9e2bc1da3586ce,37b647d13b92c0c056b10f28de8d960194e9976c31302d45e787470ecce5cd12
2025-12-24,2025-12-24,Non resident tax,VNQ,1758.0,0.0,-211.09,77,cd127c10ecd017a1,37b647d13b92c0c056b10f28de8d960194e9976c31302d45e787470ecce5cd12
2025-12-29,2025-12-29,Dividend,SPMO,1378.0,0.0,400.89,70,f792ebed8bb04830,37b647d13b92c0c056b10f28de8d960194e9976c31302d45e787470ecce5cd12
2025-12-29,2025-12-29,Non resident tax,SPMO,1378.0,0.0,-60.13,71,062c80c26611d38a,37b647d13b92c0c056b10f28de8d960194e9976c31302d45e787470ecce5cd12
2025-12-29,2025-12-29,Dividend,RSP,862.0,0.0,658.3,72,252fcdf748488617,37b647d13b92c0c056b10f28de8d960194e9976c31302d45e787470ecce5cd12
2025-12-29,2025-12-29,Non resident tax,RSP,862.0,0.0,-98.74,73,19a8eb9547f070d8,37b647d13b92c0c056b10f28de8d960194e9976c31302d45e787470ecce5cd12
2026-01-08,2026-01-09,Buy,PFF,65.0,31.35,-2047.7,65,d8847daf24388d00,37b647d13b92c0c056b10f28de8d960194e9976c31302d45e787470ecce5cd12
2026-01-08,2026-01-09,Buy,IWY,8.0,278.03,-2234.19,66,93f6354121604508,37b647d13b92c0c056b10f28de8d960194e9976c31302d45e787470ecce5cd12
2026-01-08,2026-01-09,Buy,VNQ,23.0,88.14,-2037.17,67,2d3def61e1cf7034,37b647d13b92c0c056b10f28de8d960194e9976c31302d45e787470ecce5cd12
2026-01-08,2026-01-09,Buy,RSP,11.0,194.38,-2148.13,68,bc66251a5da6984b,37b647d13b92c0c056b10f28de8d960194e9976c31302d45e787470ecce5cd12
2026-01-08,2026-01-09,Buy,SPMO,17.0,120.13,-2052.16,69,f7726cb5e74421d1,37b647d13b92c0c056b10f28de8d960194e9976c31302d45e787470ecce5cd12
2026-02-03,2026-02-04,Buy,PFF,65.0,31.3,-2044.39,60,066cb1dbb03654ae,37b647d13b92c0c056b10f28de8d960194e9976c31302d45e787470ecce5cd12
2026-02-03,2026-02-04,Buy,SPMO,17.0,118.74,-2028.49,61,c658e6c82546ad12,37b647d13b92c0c056b10f28de8d960194e9976c31302d45e787470ecce5cd12
2026-02-03,2026-02-04,Buy,VNQ,22.0,89.65,-1982.19,62,ee38752e121faba3,37b647d13b92c0c056b10f28de8d960194e9976c31302d45e787470ecce5cd12
2026-02-03,2026-02-04,Buy,IWY,7.0,266.84,-1877.8,63,8eab9dbac70cb95f,37b647d13b92c0c056b10f28de8d960194e9976c31302d45e787470ecce5cd12
2026-02-03,2026-02-04,Buy,RSP,10.0,198.24,-1992.35,64,4b968eba9bdbe9ab,37b647d13b92c0c056b10f28de8d960194e9976c31302d45e787470ecce5cd12
2026-02-05,2026-02-05,Non resident tax,PFF,5110.0,0.0,-135.84,58,92a40399e3bbfe5d,37b647d13b92c0c056b10f28de8d960194e9976c31302d45e787470ecce5cd12
2026-02-05,2026-02-05,Dividend,PFF,5110.0,0.0,905.62,59,ff2c57bd8761c7d6,37b647d13b92c0c056b10f28de8d960194e9976c31302d45e787470ecce5cd12
2026-03-03,2026-03-04,Buy,RSP,9.0,202.02,-1828.09,53,607a147cd238875a,37b647d13b92c0c056b10f28de8d960194e9976c31302d45e787470ecce5cd12
2026-03-03,2026-03-04,Buy,IWY,7.0,261.56,-1840.87,54,be396248368d019f,37b647d13b92c0c056b10f28de8d960194e9976c31302d45e787470ecce5cd12
2026-03-03,2026-03-04,Buy,PFF,63.0,31.27,-1979.65,55,78850c5c0ab4c790,37b647d13b92c0c056b10f28de8d960194e9976c31302d45e787470ecce5cd12
2026-03-03,2026-03-04,Buy,VNQ,20.0,95.37,-1917.35,56,423ae36b4e560341,37b647d13b92c0c056b10f28de8d960194e9976c31302d45e787470ecce5cd12
2026-03-03,2026-03-04,Buy,SPMO,17.0,119.2,-2036.34,57,a34995ac386e1a26,37b647d13b92c0c056b10f28de8d960194e9976c31302d45e787470ecce5cd12
2026-03-05,2026-03-05,Non resident tax,PFF,5175.0,0.0,-24.19,51,68513f4a2bfd86ab,37b647d13b92c0c056b10f28de8d960194e9976c31302d45e787470ecce5cd12
2026-03-05,2026-03-05,Dividend,PFF,5175.0,0.0,161.29,52,37c7a6a60cc748bb,37b647d13b92c0c056b10f28de8d960194e9976c31302d45e787470ecce5cd12
2026-03-09,2026-03-10,Buy,PFF,64.0,30.95,-1990.65,46,a330d8487f929da7,37b647d13b92c0c056b10f28de8d960194e9976c31302d45e787470ecce5cd12
2026-03-09,2026-03-10,Buy,VNQ,21.0,92.11,-1944.23,47,47e2c1dfb8e68a66,37b647d13b92c0c056b10f28de8d960194e9976c31302d45e787470ecce5cd12
2026-03-09,2026-03-10,Buy,RSP,10.0,194.82,-1958.14,48,c3aab42d9ec57f05,37b647d13b92c0c056b10f28de8d960194e9976c31302d45e787470ecce5cd12
2026-03-09,2026-03-10,Buy,SPMO,17.0,116.6,-1992.15,49,08bf2203d40f2e39,37b647d13b92c0c056b10f28de8d960194e9976c31302d45e787470ecce5cd12
2026-03-09,2026-03-10,Buy,IWY,7.0,257.79,-1814.47,50,bb37ad5cbcc1b061,37b647d13b92c0c056b10f28de8d960194e9976c31302d45e787470ecce5cd12
2026-03-20,2026-03-20,Dividend,IWY,650.0,0.0,130.71,44,81f176d51538c40d,37b647d13b92c0c056b10f28de8d960194e9976c31302d45e787470ecce5cd12
2026-03-20,2026-03-20,Non resident tax,IWY,650.0,0.0,-19.61,45,ccb09d16fad63b3e,37b647d13b92c0c056b10f28de8d960194e9976c31302d45e787470ecce5cd12
2026-03-26,2026-03-26,Non resident tax,VNQ,1844.0,0.0,-261.58,42,2179c5c15646b2c7,37b647d13b92c0c056b10f28de8d960194e9976c31302d45e787470ecce5cd12
2026-03-26,2026-03-26,Dividend,VNQ,1844.0,0.0,1743.87,43,7da4b0b1bc3232a8,37b647d13b92c0c056b10f28de8d960194e9976c31302d45e787470ecce5cd12
2026-03-27,2026-03-27,Dividend,RSP,902.0,0.0,731.98,38,f7ebec330992ddba,37b647d13b92c0c056b10f28de8d960194e9976c31302d45e787470ecce5cd12
2026-03-27,2026-03-27,Non resident tax,SPMO,1446.0,0.0,-69.65,39,f68471ffe8ff4cd9,37b647d13b92c0c056b10f28de8d960194e9976c31302d45e787470ecce5cd12
2026-03-27,2026-03-27,Dividend,SPMO,1446.0,0.0,464.35,40,5154007a27d3b266,37b647d13b92c0c056b10f28de8d960194e9976c31302d45e787470ecce5cd12
2026-03-27,2026-03-27,Non resident tax,RSP,902.0,0.0,-109.8,41,357816f96eba0d06,37b647d13b92c0c056b10f28de8d960194e9976c31302d45e787470ecce5cd12
2026-04-07,2026-04-07,Non resident tax,PFF,5302.0,0.0,-112.91,36,9780422201686c07,37b647d13b92c0c056b10f28de8d960194e9976c31302d45e787470ecce5cd12
2026-04-07,2026-04-07,Dividend,PFF,5302.0,0.0,752.71,37,9b491a68b79e606a,37b647d13b92c0c056b10f28de8d960194e9976c31302d45e787470ecce5cd12
2026-04-17,2026-04-20,Buy,VNQ,20.0,96.64,-1942.75,31,4bd09d3f2d87fb08,37b647d13b92c0c056b10f28de8d960194e9976c31302d45e787470ecce5cd12
2026-04-17,2026-04-20,Buy,SPMO,15.0,128.23,-1933.39,32,8fc7d2e61d00c02f,37b647d13b92c0c056b10f28de8d960194e9976c31302d45e787470ecce5cd12
2026-04-17,2026-04-20,Buy,RSP,10.0,203.14,-2041.35,33,9c9e01395301af8f,37b647d13b92c0c056b10f28de8d960194e9976c31302d45e787470ecce5cd12
2026-04-17,2026-04-20,Buy,PFF,63.0,31.46,-1991.93,34,91de2b28bb0207e9,37b647d13b92c0c056b10f28de8d960194e9976c31302d45e787470ecce5cd12
2026-04-17,2026-04-20,Buy,IWY,7.0,277.79,-1954.48,35,93524fc5ae859cc7,37b647d13b92c0c056b10f28de8d960194e9976c31302d45e787470ecce5cd12
2026-05-06,2026-05-06,Dividend,PFF,5365.0,0.0,752.84,29,ce40196da5256b7c,37b647d13b92c0c056b10f28de8d960194e9976c31302d45e787470ecce5cd12
2026-05-06,2026-05-06,Non resident tax,PFF,5365.0,0.0,-112.93,30,5e006ed8418d4b86,37b647d13b92c0c056b10f28de8d960194e9976c31302d45e787470ecce5cd12
2026-05-15,2026-05-18,Buy,VNQ,22.0,93.99,-2077.72,24,5919b20e6e44ee5e,37b647d13b92c0c056b10f28de8d960194e9976c31302d45e787470ecce5cd12
2026-05-15,2026-05-18,Buy,RSP,10.0,201.66,-2026.55,25,63c46fe7822198c5,37b647d13b92c0c056b10f28de8d960194e9976c31302d45e787470ecce5cd12
2026-05-15,2026-05-18,Buy,SPMO,14.0,143.93,-2024.97,26,028e32f3e61dbb61,37b647d13b92c0c056b10f28de8d960194e9976c31302d45e787470ecce5cd12
2026-05-15,2026-05-18,Buy,IWY,7.0,293.04,-2061.23,27,6f1f50caf182957b,37b647d13b92c0c056b10f28de8d960194e9976c31302d45e787470ecce5cd12
2026-05-15,2026-05-18,Buy,PFF,64.0,31.32,-2014.43,28,5e673f31ea64431a,37b647d13b92c0c056b10f28de8d960194e9976c31302d45e787470ecce5cd12
2026-06-04,2026-06-04,Non resident tax,PFF,5429.0,0.0,-112.7,22,3fcecb8e832f0e62,37b647d13b92c0c056b10f28de8d960194e9976c31302d45e787470ecce5cd12
2026-06-04,2026-06-04,Dividend,PFF,5429.0,0.0,751.36,23,93ea9c05f1adbfc1,37b647d13b92c0c056b10f28de8d960194e9976c31302d45e787470ecce5cd12
2026-06-05,2026-06-08,Buy,VNQ,21.0,96.85,-2043.8,17,4bb3f358a2b72a8e,37b647d13b92c0c056b10f28de8d960194e9976c31302d45e787470ecce5cd12
2026-06-05,2026-06-08,Buy,RSP,10.0,208.7,-2096.95,18,ef16879b8482aa51,37b647d13b92c0c056b10f28de8d960194e9976c31302d45e787470ecce5cd12
2026-06-05,2026-06-08,Buy,SPMO,14.0,147.5,-2074.95,19,072aed4c988b0d36,37b647d13b92c0c056b10f28de8d960194e9976c31302d45e787470ecce5cd12
2026-06-05,2026-06-08,Buy,IWY,7.0,291.9,-2053.25,20,b434c5a477629a06,37b647d13b92c0c056b10f28de8d960194e9976c31302d45e787470ecce5cd12
2026-06-05,2026-06-08,Buy,PFF,65.0,30.96,-2022.32,21,b963bf674a4f4947,37b647d13b92c0c056b10f28de8d960194e9976c31302d45e787470ecce5cd12
2026-06-18,2026-06-18,Dividend,IWY,671.0,0.0,182.74,15,3e258589647122a7,37b647d13b92c0c056b10f28de8d960194e9976c31302d45e787470ecce5cd12
2026-06-18,2026-06-18,Non resident tax,IWY,671.0,0.0,-27.41,16,15217a94952728fe,37b647d13b92c0c056b10f28de8d960194e9976c31302d45e787470ecce5cd12
2026-06-26,2026-06-26,Non resident tax,SPMO,1489.0,0.0,-54.75,9,df89a51e6eddd975,37b647d13b92c0c056b10f28de8d960194e9976c31302d45e787470ecce5cd12
2026-06-26,2026-06-26,Non resident tax,VNQ,1907.0,0.0,-244.69,10,199ffb158139b1c8,37b647d13b92c0c056b10f28de8d960194e9976c31302d45e787470ecce5cd12
2026-06-26,2026-06-26,Dividend,SPMO,1489.0,0.0,365.03,11,1282097ef7830d46,37b647d13b92c0c056b10f28de8d960194e9976c31302d45e787470ecce5cd12
2026-06-26,2026-06-26,Dividend,RSP,932.0,0.0,755.05,12,cf764410b5f798f0,37b647d13b92c0c056b10f28de8d960194e9976c31302d45e787470ecce5cd12
2026-06-26,2026-06-26,Non resident tax,RSP,932.0,0.0,-113.26,13,6ea950933ddf35ff,37b647d13b92c0c056b10f28de8d960194e9976c31302d45e787470ecce5cd12
2026-06-26,2026-06-26,Dividend,VNQ,1907.0,0.0,1631.25,14,8fe45483cda1e921,37b647d13b92c0c056b10f28de8d960194e9976c31302d45e787470ecce5cd12
2026-07-08,2026-07-09,Buy,SPMO,13.0,148.57,-1941.36,4,93a8cffe4b076825,37b647d13b92c0c056b10f28de8d960194e9976c31302d45e787470ecce5cd12
2026-07-08,2026-07-09,Buy,VNQ,21.0,97.4,-2055.35,5,eb0787d3445109b7,37b647d13b92c0c056b10f28de8d960194e9976c31302d45e787470ecce5cd12
2026-07-08,2026-07-09,Buy,RSP,10.0,211.73,-2127.24,6,05b8651fda830757,37b647d13b92c0c056b10f28de8d960194e9976c31302d45e787470ecce5cd12
2026-07-08,2026-07-09,Buy,IWY,7.0,281.35,-1979.4,7,d9def1b255672068,37b647d13b92c0c056b10f28de8d960194e9976c31302d45e787470ecce5cd12
2026-07-08,2026-07-09,Buy,PFF,66.0,30.3,-2009.61,8,085a25998579069d,37b647d13b92c0c056b10f28de8d960194e9976c31302d45e787470ecce5cd12
