transaction_date,campaign_type,symbol,author_price,amount,daily_low,daily_high,range_valid,future_3d_low,gap_to_future_low_pct,near_low_0_5,near_low_1,near_low_2,episode_range_percentile,stage_high_proxy,prior_20d_high,future_20d_low,future_20d_drawdown_pct,stage_high_20d_proxy,d1_open,d1_vs_author_pct,d4_open,d4_vs_author_pct,atr14,limit_0_5atr_filled,limit_1atr_filled,staged_price,staged_vs_author_pct
2023-08-03,initial,VNQ,83.81,74265.61,82.589996,83.830002,True,82.730003,1.3054,False,False,True,0.7439,True,87.32,79.040001,6.0349,False,83.489998,-0.3818,83.260002,-0.6562,1.222857,True,False,83.302143,-0.606
2023-08-03,initial,RSP,152.2,74587.95,151.440002,152.539993,True,150.399994,1.1968,False,False,True,0.6593,False,155.770004,145.919998,4.3037,False,152.350006,0.0986,151.979996,-0.1445,1.242145,True,True,151.716696,-0.3175
2023-08-03,initial,IWY,159.38,74440.41,159.360001,160.830002,True,158.75,0.3969,True,True,True,0.2019,False,165.410004,153.139999,4.0747,False,161.100006,1.0792,160.139999,0.4768,2.062145,False,False,160.380001,0.6274
2023-08-03,initial,MOAT,81.25,74434.95,80.760002,81.360001,True,79.790001,1.8298,False,False,True,0.7487,True,83.870003,77.010002,5.5058,False,81.269997,0.0246,80.660004,-0.7261,0.83,True,True,80.79625,-0.5585
2023-08-03,initial,PFF,30.58,74563.99,30.43,30.629999,True,30.540001,0.131,True,True,True,0.3659,False,31.299999,29.92,2.2059,False,30.549999,-0.0981,30.77,0.6213,0.248571,False,False,30.715,0.4415
2023-09-25,recurring,PFF,30.26,1220.35,30.1,30.27,True,29.85,1.3735,False,False,True,0.9762,True,30.809999,28.15,7.4956,True,30.219999,-0.1322,30.25,-0.033,0.179286,True,True,30.180268,-0.2635
2023-09-25,recurring,MOAT,76.04,1226.59,75.68,76.120003,True,74.470001,2.1082,False,False,False,0.9515,True,80.870003,72.889999,4.3216,False,75.620003,-0.5523,76.290001,0.3288,0.687143,True,True,75.739822,-0.3948
2023-09-25,recurring,IWY,155.33,1252.59,153.990005,155.600006,True,151.169998,2.7519,False,False,False,0.9391,True,164.360001,151.169998,2.7519,False,154.190002,-0.7339,155.330002,0.0,2.019286,True,True,154.287769,-0.671
2023-09-25,recurring,VNQ,77.32,1247.06,76.790001,77.440002,True,74.849998,3.2999,False,False,False,0.9537,True,83.209999,71.489998,8.155,False,76.910004,-0.5303,76.440002,-1.1381,1.074286,True,True,76.594644,-0.9381
2023-09-25,recurring,RSP,143.01,1154.03,142.050003,143.080002,True,140.139999,2.048,False,False,False,0.9762,True,151.169998,135.889999,5.2395,False,142.25,-0.5314,142.990005,-0.014,1.312141,True,True,142.322948,-0.4804
2023-10-27,recurring,RSP,133.99,2019.79,133.339996,135.559998,True,133.539993,0.337,True,True,True,0.2031,False,143.5,133.539993,0.337,False,134.509995,0.3881,137.429993,2.5674,1.960715,False,False,136.699993,2.0225
2023-10-27,recurring,IWY,149.65,1955.39,149.050003,150.979996,True,150.759995,-0.7363,True,True,True,0.0982,False,161.300003,150.759995,-0.7363,False,150.919998,0.8486,156.869995,4.8246,2.546428,False,False,155.382496,3.8306
2023-10-27,recurring,PFF,28.42,1999.2,28.379999,28.66,True,28.379999,0.1409,True,True,True,0.0714,False,29.959999,28.379999,0.1409,False,28.51,0.3167,29.209999,2.7797,0.301429,False,False,29.034999,2.164
2023-10-27,recurring,VNQ,71.1,2000.63,71.010002,72.68,True,70.610001,0.694,False,True,True,0.1731,False,77.279999,70.610001,0.694,False,71.68,0.8158,74.599998,4.9226,1.463572,False,False,73.869999,3.8959
2023-10-27,recurring,MOAT,70.93,1995.97,70.559998,71.699997,True,70.690002,0.3395,True,True,True,0.2139,False,76.639999,70.690002,0.3395,False,71.150002,0.3102,72.68,2.4672,1.147143,False,False,72.297501,1.928
2024-01-11,recurring,IWY,175.31,1938.36,174.940002,177.919998,True,174.630005,0.3894,True,True,True,0.2067,False,177.919998,174.630005,0.3894,False,177.059998,0.9982,177.449997,1.2207,1.917142,False,False,177.352497,1.1651
2024-01-11,recurring,MOAT,83.1,2004.35,82.970001,83.860001,True,82.059998,1.2674,False,False,True,0.4388,False,85.389999,82.059998,1.2674,False,84.129997,1.2395,82.809998,-0.349,0.812857,True,True,82.980177,-0.1442
2024-01-11,recurring,VNQ,86.26,1993.9,86.050003,87.18,True,83.989998,2.7027,False,False,False,0.6119,False,90.089996,82.330002,4.7735,False,87.419998,1.3448,84.980003,-1.4839,1.257143,True,True,85.758572,-0.5813
2024-01-11,recurring,PFF,31.42,2020.82,31.4,31.549999,True,31.299999,0.3834,True,True,True,0.375,False,31.58,31.129999,0.9316,False,31.57,0.4774,31.4,-0.0637,0.197143,True,False,31.422857,0.0091
2024-01-11,recurring,RSP,155.25,2028.16,155.160004,156.830002,True,153.100006,1.4043,False,False,True,0.5023,False,158.600006,153.100006,1.4043,False,157.139999,1.2174,154.029999,-0.7858,1.437859,True,True,154.878303,-0.2394
2024-01-31,recurring,IWY,181.22,2003.35,180.220001,183.110001,True,181.130005,0.0497,True,True,True,0.1376,False,185.139999,181.130005,0.0497,False,181.179993,-0.0221,187.449997,3.4378,2.031428,False,False,185.882496,2.5728
2024-01-31,recurring,PFF,32.13,2001.85,32.060001,32.189999,True,31.6,1.6772,False,False,True,0.8983,True,32.220001,31.559999,1.8061,False,31.98,-0.4669,31.65,-1.4939,0.183571,True,True,31.903661,-0.7044
2024-01-31,recurring,RSP,158.24,2067.07,156.380005,158.589996,True,155.789993,1.5726,False,False,True,0.7853,True,158.839996,155.789993,1.5726,False,156.789993,-0.9163,156.949997,-0.8152,1.575712,True,True,156.964106,-0.8063
2024-01-31,recurring,MOAT,84.53,2038.62,83.300003,84.82,True,83.239998,1.5497,False,False,True,0.7866,True,85.389999,83.239998,1.5497,False,83.980003,-0.6507,83.93,-0.7098,0.898572,True,True,83.905536,-0.7387
2024-01-31,recurring,VNQ,85.5,1976.35,83.730003,85.629997,True,82.330002,3.8504,False,False,False,0.9606,True,88.419998,81.540001,4.8565,False,83.800003,-1.9883,82.709999,-3.2632,1.452856,True,True,83.83268,-1.9501
2024-02-13,recurring,MOAT,85.1,2052.35,84.059998,85.209999,True,84.690002,0.4841,True,True,True,0.4351,False,86.400002,84.690002,0.4841,False,85.129997,0.0352,85.650002,0.6463,0.95,False,False,85.52,0.4935
2024-02-13,recurring,PFF,31.77,2011.15,31.559999,31.84,True,31.68,0.2841,True,True,True,0.5122,False,32.220001,31.68,0.2841,False,31.68,-0.2833,31.75,-0.063,0.243571,False,False,31.7325,-0.118
2024-02-13,recurring,VNQ,82.0,2059.95,81.540001,82.68,True,82.620003,-0.7504,True,True,True,0.1211,False,86.739998,82.620003,-0.7504,False,83.019997,1.2439,83.879997,2.2927,1.507142,False,False,83.664997,2.0305
2024-02-13,recurring,RSP,158.13,2065.64,156.160004,158.210007,True,157.589996,0.3427,True,True,True,0.3996,False,160.529999,157.589996,0.3427,False,158.149994,0.0126,159.300003,0.7399,1.663571,False,False,159.012501,0.5581
2024-02-13,recurring,IWY,187.15,2068.61,186.550003,189.009995,True,187.899994,-0.3991,True,True,True,0.1613,False,191.960007,184.809998,1.2662,False,189.119995,1.0526,187.710007,0.2992,2.327143,False,False,188.062504,0.4876
2024-03-05,recurring,PFF,31.91,2019.97,31.790001,31.959999,True,31.969999,-0.1877,True,True,True,0.24,False,32.23,31.76,0.4723,False,32.009998,0.3134,32.259998,1.0968,0.205714,False,False,32.197498,0.901
2024-03-05,recurring,IWY,189.67,2096.32,189.289993,192.289993,True,190.300003,-0.3311,True,True,True,0.0592,False,194.610001,190.0,-0.1737,False,191.869995,1.1599,190.979996,0.6907,2.33929,False,False,191.202496,0.808
2024-03-05,recurring,RSP,163.21,1968.43,162.869995,164.669998,True,163.899994,-0.421,True,True,True,0.0883,False,164.699997,163.660004,-0.275,False,164.369995,0.7107,165.160004,1.1948,1.291428,False,False,164.962502,1.0738
2024-03-05,recurring,VNQ,86.11,2076.58,85.919998,87.540001,True,86.239998,-0.1507,True,True,True,0.09,False,87.540001,83.410004,3.237,False,86.879997,0.8942,87.540001,1.6607,1.327856,False,False,87.375,1.4691
2024-03-05,recurring,MOAT,86.32,2081.63,86.209999,87.150002,True,86.779999,-0.5301,True,True,True,0.0478,False,87.440002,86.779999,-0.5301,False,86.889999,0.6603,87.779999,1.6914,0.72143,False,False,87.557499,1.4336
2024-04-02,recurring,IWY,192.63,1936.25,192.369995,193.929993,True,191.410004,0.6374,False,True,True,0.2495,False,197.899994,182.979996,5.2738,False,193.080002,0.2336,194.600006,1.0227,2.10786,True,False,193.464021,0.433
2024-04-02,recurring,PFF,31.92,2020.73,31.77,31.99,True,31.76,0.5038,False,True,True,0.3636,False,32.66,30.559999,4.4503,False,31.809999,-0.3446,31.99,0.2193,0.234285,True,False,31.898214,-0.0683
2024-04-02,recurring,RSP,166.83,2011.91,166.429993,167.509995,True,165.009995,1.103,False,False,True,0.5112,False,169.800003,158.830002,5.0368,True,166.710007,-0.0719,166.630005,-0.1199,1.497858,True,True,166.188306,-0.3846
2024-04-02,recurring,VNQ,84.06,2027.3,83.629997,84.440002,True,83.010002,1.2649,False,False,True,0.493,False,88.07,78.269997,7.3975,False,83.760002,-0.3569,84.209999,0.1784,1.290712,True,False,83.898661,-0.1919
2024-04-02,recurring,MOAT,88.31,2129.36,88.089996,88.730003,True,87.07,1.4241,False,False,True,0.7251,True,90.139999,83.629997,5.5961,False,88.110001,-0.2265,87.849998,-0.5209,0.844286,True,True,87.828392,-0.5454
2024-04-19,recurring,PFF,30.89,2017.77,30.73,30.940001,True,30.860001,0.0972,True,True,True,0.2388,False,32.66,30.860001,0.0972,False,30.879999,-0.0324,31.07,0.5827,0.293571,False,False,31.0225,0.4289
2024-04-19,recurring,IWY,184.43,2038.67,182.979996,187.210007,True,183.25,0.6439,False,True,True,0.2221,False,197.330002,183.25,0.6439,False,184.720001,0.1572,183.779999,-0.3524,3.132857,False,False,184.014999,-0.225
2024-04-19,recurring,RSP,159.73,2086.38,159.309998,160.339996,True,159.619995,0.0689,True,True,True,0.1186,False,169.800003,159.619995,0.0689,False,160.509995,0.4883,161.960007,1.3961,2.042144,False,False,161.597504,1.1692
2024-04-19,recurring,VNQ,78.92,1982.95,78.629997,79.349998,True,78.760002,0.2031,True,True,True,0.1362,False,86.769997,78.760002,0.2031,False,79.300003,0.4815,79.779999,1.0897,1.44,False,False,79.66,0.9377
2024-04-19,recurring,MOAT,84.15,2029.49,83.959999,84.5,True,84.309998,-0.1898,True,True,True,0.0974,False,90.139999,84.309998,-0.1898,False,84.809998,0.7843,85.519997,1.628,1.09286,False,False,85.342497,1.4171
2024-05-17,recurring,MOAT,89.53,1979.61,89.370003,89.720001,True,89.110001,0.4713,True,True,True,0.525,False,89.860001,85.160004,5.1315,True,89.709999,0.201,89.540001,0.0112,0.739999,True,False,89.4875,-0.0475
2024-05-17,recurring,VNQ,84.92,1963.03,84.580002,85.099998,True,83.349998,1.8836,False,False,True,0.8971,True,85.419998,80.169998,5.9249,True,84.720001,-0.2355,83.599998,-1.5544,1.169285,True,True,84.101518,-0.9638
2024-05-17,recurring,RSP,167.84,2024.03,167.550003,168.130005,True,166.75,0.6537,False,True,True,0.6337,False,168.389999,162.679993,3.1719,False,168.190002,0.2085,167.490005,-0.2085,1.360717,True,False,167.582414,-0.1535
2024-05-17,recurring,IWY,199.57,2005.65,198.850006,200.020004,True,199.649994,-0.0401,True,True,True,0.2667,False,201.089996,196.399994,1.6141,False,199.649994,0.0401,202.850006,1.6435,2.186426,False,False,202.050003,1.2427
2024-05-17,recurring,PFF,31.57,1998.67,31.540001,31.66,True,31.48,0.2859,True,True,True,0.3214,False,31.82,31.17,1.2833,False,31.639999,0.2217,31.59,0.0634,0.244285,False,False,31.6025,0.1029
2024-06-21,recurring,RSP,165.35,1994.15,164.619995,165.699997,True,163.410004,1.1872,False,False,True,0.6139,False,167.5,162.729996,1.61,False,165.289993,-0.0363,163.960007,-0.8406,1.513569,True,True,164.419911,-0.5625
2024-06-21,recurring,IWY,214.34,1939.01,213.460007,215.309998,True,211.669998,1.2614,False,False,True,0.6268,False,217.229996,211.669998,1.2614,False,213.449997,-0.4152,215.779999,0.6718,2.371427,True,True,213.588214,-0.3507
2024-06-21,recurring,MOAT,86.93,2009.34,86.43,87.120003,True,86.360001,0.66,False,True,True,0.3585,False,89.690002,85.669998,1.4708,False,87.150002,0.2531,86.900002,-0.0345,0.764999,True,False,86.874376,-0.064
2024-06-21,recurring,PFF,31.54,1996.88,31.459999,31.639999,True,31.540001,-0.0,True,True,True,0.3478,False,31.84,31.110001,1.3822,False,31.540001,0.0,31.65,0.3488,0.19,False,False,31.6225,0.2616
2024-06-21,recurring,VNQ,83.93,1940.33,83.400002,84.150002,True,82.839996,1.3158,False,False,True,0.416,False,85.339996,82.470001,1.7703,False,84.010002,0.0953,83.449997,-0.5719,1.043571,True,True,83.438661,-0.5854
2024-07-11,recurring,RSP,167.15,1514.26,165.809998,167.380005,True,167.729996,-0.3458,True,True,True,0.2271,False,167.380005,161.800003,3.3065,False,167.820007,0.4008,170.809998,2.1896,1.372858,False,False,170.0625,1.7424
2024-07-11,recurring,IWY,220.1,1550.65,219.880005,225.809998,True,220.440002,-0.1542,True,True,True,0.0371,False,226.110001,187.809998,17.1929,False,220.710007,0.2771,217.699997,-1.0904,2.642144,False,False,218.452499,-0.7485
2024-07-11,recurring,PFF,31.84,1474.59,31.66,31.92,True,31.84,-0.0,True,True,True,0.4737,False,31.92,30.879999,3.1088,False,31.959999,0.3769,31.92,0.2513,0.212143,False,False,31.93,0.2827
2024-07-11,recurring,MOAT,87.51,1497.62,86.68,87.699997,True,87.660004,-0.1711,True,True,True,0.2954,False,87.949997,86.970001,0.6209,False,87.660004,0.1714,89.110001,1.8284,0.728572,False,False,88.747501,1.4141
2024-07-11,recurring,VNQ,86.81,1485.68,85.459999,87.099998,True,87.139999,-0.3787,True,True,True,0.3649,False,87.099998,87.139999,-0.3787,False,87.5,0.7948,89.019997,2.5458,1.080716,False,False,88.639997,2.108
2024-08-01,rebalance,RSP,169.24,3056.27,168.779999,172.710007,True,161.800003,4.5983,False,False,False,0.6819,True,173.080002,161.800003,4.5983,False,168.229996,-0.5968,166.080002,-1.8672,2.183571,True,True,167.37866,-1.0998
2024-08-01,rebalance,PFF,31.64,10387.02,31.52,31.700001,True,30.879999,2.4611,False,False,False,0.9268,True,32.040001,30.879999,2.4611,False,31.57,-0.2212,31.48,-0.5057,0.180714,True,True,31.514732,-0.3959
2024-08-01,rebalance,VNQ,91.0,4923.93,90.470001,91.82,True,88.269997,3.0928,False,False,False,0.7073,True,91.82,88.269997,3.0928,False,91.099998,0.1099,90.809998,-0.2088,1.380714,True,True,90.459731,-0.5937
2024-08-01,rebalance,MOAT,90.07,3432.61,89.860001,91.699997,True,86.970001,3.5644,False,False,False,0.6554,False,92.120003,86.970001,3.5644,False,89.75,-0.3553,88.830002,-1.3767,1.174286,True,True,89.239643,-0.9219
2024-08-05,recurring,PFF,31.26,2010.27,30.879999,31.34,True,31.129999,0.4176,True,True,True,0.4872,False,32.040001,31.129999,0.4176,False,31.27,0.032,31.610001,1.1196,0.232857,True,False,31.408393,0.4747
2024-08-05,recurring,MOAT,87.35,2019.0,86.970001,88.209999,True,87.57,-0.2512,True,True,True,0.1479,False,92.120003,87.57,-0.2512,False,87.739998,0.4465,89.07,1.9691,1.357143,False,False,88.737499,1.5884
2024-08-05,recurring,IWY,194.12,1951.14,187.809998,197.759995,True,193.979996,0.0722,True,True,True,0.4741,False,226.110001,193.979996,0.0722,False,195.899994,0.917,200.470001,3.2712,5.971426,False,False,199.327499,2.6826
2024-08-05,recurring,VNQ,89.16,1971.47,88.419998,91.019997,True,88.269997,1.0083,False,False,True,0.2486,False,92.129997,88.269997,1.0083,False,88.639999,-0.5832,91.019997,2.0861,1.568571,True,False,89.763927,0.6774
2024-08-05,recurring,RSP,162.94,1965.23,161.800003,164.589996,True,163.009995,-0.0429,True,True,True,0.2201,False,173.080002,163.009995,-0.0429,False,163.339996,0.2455,166.440002,2.148,2.560714,False,False,165.665001,1.6724
2024-09-03,recurring,PFF,32.14,2002.42,32.080002,32.279999,True,32.130001,0.0311,True,True,True,0.1224,False,32.57,32.130001,0.0311,False,32.130001,-0.0311,32.41,0.8401,0.170715,False,False,32.34,0.6223
2024-09-03,recurring,IWY,209.16,2101.55,206.800003,213.0,True,202.270004,3.4063,False,False,False,0.6421,False,218.160004,202.270004,3.4063,False,206.300003,-1.3674,204.600006,-2.1801,3.529288,True,True,205.981519,-1.5196
2024-09-03,recurring,VNQ,95.24,2009.99,94.489998,95.5,True,94.190002,1.1148,False,False,True,0.5147,False,95.5,94.190002,1.1148,False,95.32,0.084,94.959999,-0.294,0.964286,True,True,94.828393,-0.4322
2024-09-03,recurring,MOAT,94.81,2095.76,94.099998,95.279999,True,93.0,1.9462,False,False,True,0.7939,True,95.419998,92.120003,2.9201,False,94.260002,-0.5801,93.470001,-1.4134,0.850715,True,True,94.018483,-0.8348
2024-09-03,recurring,RSP,174.2,2100.35,172.910004,175.399994,True,170.220001,2.3381,False,False,False,0.7683,True,175.960007,168.789993,3.2052,False,173.440002,-0.4363,171.509995,-1.5442,1.617857,True,True,172.730803,-0.8434
2024-10-01,recurring,MOAT,96.12,2028.43,95.769997,96.910004,True,95.199997,0.9664,False,True,True,0.538,False,97.459999,95.160004,1.0088,False,95.949997,-0.1769,95.82,-0.3121,0.964286,True,False,95.806963,-0.3257
2024-10-01,recurring,VNQ,96.69,2040.42,96.360001,97.800003,True,94.239998,2.5997,False,False,False,0.6882,True,99.580002,93.43,3.4892,False,95.989998,-0.724,94.589996,-2.1719,1.175001,True,True,95.549373,-1.1797
2024-10-01,recurring,RSP,178.38,1972.13,177.270004,179.169998,True,176.570007,1.0251,False,False,True,0.6962,True,179.940002,176.419998,1.111,False,177.729996,-0.3644,178.020004,-0.2018,1.729286,True,True,177.479018,-0.5051
2024-10-01,recurring,IWY,216.03,1954.21,215.330002,219.889999,True,214.929993,0.5118,False,True,True,0.2218,False,222.110001,214.929993,0.5118,False,216.289993,0.1204,218.520004,1.1526,2.802858,False,False,217.962502,0.8946
2024-10-01,recurring,PFF,33.17,2033.02,33.02,33.279999,True,33.09,0.2418,True,True,True,0.4286,False,33.59,32.709999,1.4063,False,33.169998,-0.0,33.110001,-0.1809,0.226428,False,False,33.125,-0.1357
2024-11-15,recurring,PFF,32.54,2027.37,32.5,32.610001,True,32.310001,0.7118,False,True,True,0.6053,False,33.360001,32.060001,1.4972,False,32.549999,0.0307,32.400002,-0.4302,0.261428,True,False,32.439822,-0.3079
2024-11-15,recurring,IWY,226.58,2049.21,224.669998,228.440002,True,225.139999,0.6396,False,True,True,0.4273,False,233.380005,225.139999,0.6396,False,225.75,-0.3663,230.009995,1.5138,3.309287,False,False,228.944996,1.0438
2024-11-15,recurring,RSP,180.9,1999.84,180.649994,182.330002,True,179.649994,0.6958,False,True,True,0.4664,False,185.789993,179.649994,0.6958,False,181.110001,0.1161,182.399994,0.8292,1.832145,True,False,181.473479,0.317
2024-11-15,recurring,VNQ,93.37,2064.07,93.010002,93.980003,True,93.220001,0.1609,True,True,True,0.1667,False,97.610001,93.220001,0.1609,False,93.379997,0.0107,94.839996,1.5744,1.53,False,False,94.474997,1.1835
2024-11-15,recurring,MOAT,95.04,2005.75,94.650002,96.110001,True,94.110001,0.9882,False,True,True,0.465,False,98.269997,94.110001,0.9882,False,94.669998,-0.3893,95.57,0.5577,1.065713,True,False,95.079285,0.0413
2024-12-18,recurring,PFF,31.74,2009.56,31.58,32.029999,True,31.34,1.2763,False,False,True,0.5797,False,32.98,30.83,2.9517,False,31.48,-0.8192,31.450001,-0.9137,0.208572,True,True,31.524286,-0.6796
2024-12-18,recurring,IWY,241.55,1942.35,235.130005,244.820007,True,233.369995,3.5052,False,False,False,0.7144,True,245.039993,228.960007,5.4988,True,238.229996,-1.3745,241.449997,-0.0414,3.075713,True,True,239.541606,-0.8315
2024-12-18,recurring,VNQ,90.47,2090.76,89.209999,93.269997,True,87.790001,3.0527,False,False,False,0.4891,False,99.199997,85.279999,6.0858,False,89.470001,-1.1053,88.550003,-2.1222,1.255714,True,True,89.269108,-1.3274
2024-12-18,recurring,MOAT,95.38,2012.87,93.980003,97.07,True,92.93,2.6364,False,False,False,0.5918,False,99.059998,90.739998,5.1135,False,94.5,-0.9226,93.879997,-1.5727,0.914284,True,True,94.442143,-0.9833
2024-12-18,recurring,RSP,177.56,1963.09,174.660004,180.570007,True,173.690002,2.2281,False,False,False,0.5625,False,188.160004,172.380005,3.005,False,175.699997,-1.0475,176.369995,-0.6702,1.602141,True,True,176.196695,-0.7678
2025-01-10,recurring,PFF,31.28,2011.68,31.059999,31.35,True,30.83,1.4596,False,False,True,0.5114,False,32.59,30.83,1.4596,False,31.030001,-0.7992,31.67,1.2468,0.263572,True,True,31.216161,-0.2041
2025-01-10,recurring,IWY,234.46,2120.08,230.979996,235.070007,True,228.960007,2.4022,False,False,False,0.7088,True,245.039993,228.960007,2.4022,False,229.25,-2.2221,237.509995,1.3009,4.359285,True,True,232.285267,-0.9275
2025-01-10,recurring,MOAT,91.55,2024.05,90.910004,91.919998,True,90.739998,0.8927,False,True,True,0.2727,False,98.949997,90.739998,0.8927,False,90.75,-0.8738,92.93,1.5074,1.288571,True,False,91.878929,0.3593
2025-01-10,recurring,VNQ,85.93,2072.22,85.480003,86.519997,True,85.279999,0.7622,False,True,True,0.1416,False,95.129997,85.279999,0.7622,False,85.480003,-0.5237,88.089996,2.5137,1.514284,False,False,87.437498,1.7543
2025-01-10,recurring,RSP,174.17,2099.98,173.070007,174.949997,True,172.380005,1.0384,False,False,True,0.27,False,184.179993,172.380005,1.0384,False,172.559998,-0.9244,177.919998,2.1531,2.287857,True,False,175.356516,0.6812
2025-02-03,recurring,PFF,31.51,2026.59,31.42,31.610001,True,31.4,0.3503,True,True,True,0.2391,False,32.279999,31.24,0.8643,False,31.4,-0.3491,31.639999,0.4126,0.294286,False,False,31.579999,0.2221
2025-02-03,recurring,IWY,234.6,2121.33,232.740005,237.080002,True,235.800003,-0.5089,True,True,True,0.2524,False,244.339996,219.619995,6.8209,False,235.800003,0.5115,240.050003,2.3231,4.519286,False,False,238.987503,1.8702
2025-02-03,recurring,RSP,178.38,1972.13,177.699997,180.899994,True,179.729996,-0.7511,True,True,True,0.1545,False,183.229996,174.839996,2.0247,False,179.860001,0.8297,181.679993,1.85,1.849288,False,False,181.224995,1.5949
2025-02-03,recurring,VNQ,89.21,2061.78,88.919998,90.709999,True,89.5,-0.324,True,True,True,0.0881,False,91.949997,89.5,-0.324,False,89.809998,0.6726,92.099998,3.2395,1.535,False,False,91.527498,2.5978
2025-02-03,recurring,MOAT,93.72,2071.79,93.529999,95.019997,True,92.080002,1.7811,False,False,True,0.5578,False,96.980003,89.610001,4.5865,False,94.290001,0.6082,92.5,-1.3017,1.136429,True,True,93.131339,-0.6281
2025-03-03,recurring,PFF,31.52,1995.4,31.48,31.719999,True,31.18,1.0904,False,False,True,0.6296,False,31.99,30.690001,2.7045,False,31.469999,-0.1586,31.280001,-0.7614,0.202857,True,True,31.371429,-0.4714
2025-03-03,recurring,IWY,223.79,2024.05,222.729996,231.449997,True,219.289993,2.0521,False,False,False,0.3701,False,243.0,205.0,9.1659,False,222.089996,-0.7596,219.779999,-1.7919,4.152856,True,True,220.805178,-1.3338
2025-03-03,recurring,VNQ,93.95,1982.9,93.800003,94.949997,True,91.639999,2.5207,False,False,False,0.6979,True,94.949997,88.290001,6.4107,True,94.330002,0.4045,91.900002,-2.182,1.230001,True,True,93.071251,-0.9353
2025-03-03,recurring,MOAT,90.84,2008.43,90.660004,92.660004,True,89.610001,1.3726,False,False,True,0.4033,False,95.019997,86.489998,5.0295,False,90.739998,-0.1101,91.110001,0.2972,0.965001,True,True,90.520624,-0.3516
2025-03-03,recurring,RSP,177.76,1965.31,177.309998,181.399994,True,174.199997,2.0436,False,False,False,0.4944,False,183.020004,168.839996,5.2831,False,177.270004,-0.2757,174.589996,-1.7833,2.009285,True,True,176.091518,-0.9386
2025-03-11,recurring,PFF,30.79,1980.44,30.75,30.93,True,30.790001,-0.0,True,True,True,0.093,False,31.99,28.700001,7.2822,False,31.0,0.682,31.129999,1.1043,0.213572,False,False,31.097499,0.9987
2025-03-11,recurring,IWY,210.76,1906.82,209.770004,215.029999,True,209.710007,0.5007,False,True,True,0.1533,False,243.0,180.649994,16.6676,False,215.539993,2.268,215.300003,2.1541,6.109287,False,False,215.360001,2.1826
2025-03-11,recurring,RSP,171.36,1894.9,170.960007,174.320007,True,168.839996,1.4925,False,False,True,0.4599,False,183.020004,150.350006,13.9741,False,172.610001,0.7295,172.550003,0.6944,2.771427,True,False,171.921073,0.3274
2025-03-11,recurring,VNQ,90.04,1990.89,89.910004,92.0,True,88.290001,1.9821,False,False,True,0.4717,False,94.949997,78.849998,14.1915,False,90.610001,0.6331,90.040001,0.0,1.589286,True,True,89.586518,-0.5036
2025-03-11,recurring,MOAT,88.9,1965.77,88.690002,90.760002,True,87.360001,1.7628,False,False,True,0.4529,False,93.209999,75.43,17.8576,False,89.519997,0.6974,88.82,-0.09,1.416429,True,True,88.503838,-0.4456
2025-04-03,recurring,MOAT,84.42,2036.03,83.300003,86.110001,True,75.43,11.9183,False,False,False,0.8418,True,92.849998,75.43,11.9183,False,81.300003,-3.6958,75.809998,-10.199,1.525714,True,True,80.915357,-4.1514
2025-04-03,recurring,PFF,30.08,1995.22,29.91,30.24,True,28.700001,4.8084,False,False,False,0.8961,True,31.459999,28.700001,4.8084,False,29.799999,-0.9309,28.83,-4.1556,0.233572,True,True,29.60991,-1.5628
2025-04-03,recurring,VNQ,89.3,1974.46,87.959999,90.790001,True,78.849998,13.253,False,False,False,0.8752,True,93.32,76.919998,16.0946,False,87.110001,-2.4524,78.330002,-12.2844,1.559285,True,True,85.425269,-4.339
2025-04-03,recurring,IWY,205.0,1854.95,202.259995,206.119995,True,180.649994,13.4791,False,False,False,0.956,True,222.089996,180.649994,13.4791,False,196.210007,-4.2878,187.369995,-8.6,4.982142,True,True,196.526697,-4.1333
2025-04-03,recurring,RSP,168.47,1863.11,166.460007,170.630005,True,150.350006,12.0519,False,False,False,0.8935,True,177.119995,150.350006,12.0519,False,162.850006,-3.3359,151.240005,-10.2273,2.844286,True,True,161.690896,-4.0239
2025-04-04,recurring,RSP,159.64,2085.26,156.940002,163.110001,True,150.350006,6.1789,False,False,False,0.5978,False,176.729996,150.350006,6.1789,False,153.639999,-3.7585,162.149994,1.5723,3.308572,True,True,157.526784,-1.3237
2025-04-04,recurring,PFF,29.46,2013.23,29.219999,29.799999,True,28.700001,2.6481,False,False,False,0.6281,False,31.459999,28.700001,2.6481,False,28.85,-2.0706,29.700001,0.8147,0.274286,True,True,29.264643,-0.6631
2025-04-04,recurring,MOAT,80.3,2017.45,78.68,81.459999,True,75.43,6.4563,False,False,False,0.5903,False,92.620003,75.43,6.4563,False,76.849998,-4.2964,81.610001,1.6314,1.739286,True,True,79.112768,-1.4785
2025-04-04,recurring,IWY,194.79,1957.84,190.529999,198.0,True,180.649994,7.8273,False,False,False,0.4821,False,221.570007,180.649994,7.8273,False,182.979996,-6.0629,203.770004,4.6101,5.602856,True,True,191.981429,-1.4418
2025-04-04,recurring,VNQ,85.65,1979.85,84.099998,87.25,True,76.919998,11.3495,False,False,False,0.8451,True,93.32,76.919998,11.3495,False,82.279999,-3.9346,83.419998,-2.6036,1.699285,True,True,83.612767,-2.3786
2025-04-07,recurring,IWY,187.47,2072.16,180.649994,198.440002,True,184.679993,1.5107,False,False,True,0.2325,False,221.570007,184.679993,1.5107,False,197.979996,5.6062,200.160004,6.7691,6.527143,False,False,199.615002,6.4784
2025-04-07,recurring,VNQ,81.77,2054.2,80.089996,85.32,True,76.919998,6.3053,False,False,False,0.5774,False,92.110001,76.919998,6.3053,False,83.949997,2.666,82.050003,0.3424,1.984286,True,True,81.640893,-0.1579
2025-04-07,recurring,PFF,29.13,2019.8,28.700001,29.59,True,28.719999,1.4276,False,False,True,0.3554,False,31.459999,28.719999,1.4276,False,29.42,0.9955,29.18,0.1716,0.327857,True,True,29.092054,-0.1303
2025-04-07,recurring,MOAT,77.44,2023.37,75.57,81.540001,True,75.43,2.6647,False,False,False,0.2436,False,90.760002,75.43,2.6647,False,80.550003,4.016,79.93,3.2154,2.102857,True,False,79.199644,2.2723
2025-04-07,recurring,RSP,154.33,2016.24,150.350006,161.690002,True,150.789993,2.3476,False,False,False,0.2561,False,176.320007,150.789993,2.3476,False,160.330002,3.8878,159.389999,3.2787,4.000714,True,False,157.859911,2.2872
2025-05-16,recurring,PFF,30.54,1994.74,30.379999,30.559999,True,30.0,1.8,False,False,True,0.8308,True,30.559999,29.860001,2.2773,False,30.379999,-0.5239,29.950001,-1.9319,0.215,True,True,30.271875,-0.8779
2025-05-16,recurring,IWY,232.59,2103.26,231.0,233.050003,True,228.039993,1.9953,False,False,True,0.8537,True,233.050003,226.0,2.9159,False,229.940002,-1.1393,228.850006,-1.608,3.764998,True,True,229.580628,-1.2939
2025-05-16,recurring,RSP,179.73,1986.98,177.889999,179.990005,True,175.410004,2.4628,False,False,False,0.9057,True,179.990005,173.0,3.8902,False,178.360001,-0.7623,175.130005,-2.5594,2.372143,True,True,177.347948,-1.3254
2025-05-16,recurring,VNQ,90.21,1994.49,89.029999,90.330002,True,87.330002,3.2978,False,False,False,0.929,True,90.370003,86.360001,4.4581,False,89.529999,-0.7538,87.459999,-3.0484,1.295715,True,True,88.866606,-1.4892
2025-05-16,recurring,MOAT,91.27,2017.89,90.25,91.43,True,88.949997,2.6082,False,False,False,0.9134,True,91.43,87.68,4.0944,False,90.519997,-0.8217,89.059998,-2.4214,1.358571,True,True,90.020535,-1.369
2025-06-13,recurring,PFF,30.15,1999.59,30.07,30.280001,True,30.120001,0.0996,True,True,True,0.3077,False,30.65,30.120001,0.0996,False,30.190001,0.1327,30.26,0.3648,0.19,False,False,30.2425,0.3068
2025-06-13,recurring,IWY,236.41,1901.23,235.089996,237.759995,True,234.929993,0.63,False,True,True,0.3737,False,239.770004,233.410004,1.2853,False,236.979996,0.2411,236.880005,0.1988,2.960716,False,False,236.905003,0.2094
2025-06-13,recurring,RSP,177.76,1965.3,176.869995,179.029999,True,177.029999,0.4124,True,True,True,0.308,False,180.179993,175.979996,1.0115,False,178.360001,0.3375,178.380005,0.3488,1.867856,False,False,178.375004,0.346
2025-06-13,recurring,VNQ,89.56,1980.27,89.239998,90.559998,True,89.269997,0.3249,True,True,True,0.1818,False,91.290001,87.18,2.73,False,90.18,0.6923,90.209999,0.7258,1.135002,False,False,90.202499,0.7174
2025-06-13,recurring,MOAT,91.43,1929.96,90.860001,92.110001,True,90.650002,0.8605,False,True,True,0.4727,False,93.269997,90.07,1.5099,False,91.580002,0.1641,91.419998,-0.0109,1.245713,True,False,91.306785,-0.1348
2025-07-07,recurring,VNQ,89.04,1968.73,88.769997,90.489998,True,88.760002,0.3155,True,True,True,0.1618,False,91.769997,88.290001,0.8495,False,88.980003,-0.0674,89.110001,0.0786,1.346429,False,False,89.077501,0.0421
2025-07-07,recurring,PFF,30.91,2018.9,30.84,31.040001,True,30.83,0.2595,True,True,True,0.1455,False,31.07,30.799999,0.3571,False,30.879999,-0.0971,31.280001,1.197,0.190714,False,False,31.18,0.8735
2025-07-07,recurring,MOAT,95.91,1928.14,95.57,96.779999,True,95.889999,0.0209,True,True,True,0.1423,False,97.089996,93.959999,2.0754,False,96.18,0.2815,96.889999,1.0218,1.126428,False,False,96.7125,0.8367
2025-07-07,recurring,IWY,246.48,1981.78,245.539993,247.580002,True,246.220001,0.1056,True,True,True,0.2487,False,248.880005,246.220001,0.1056,False,247.309998,0.3367,247.929993,0.5883,2.826429,False,False,247.774994,0.5254
2025-07-07,recurring,RSP,183.37,2026.97,182.699997,185.070007,True,183.550003,-0.0981,True,True,True,0.1768,False,185.520004,179.940002,1.9062,False,183.759995,0.2127,184.639999,0.6926,1.90714,False,False,184.419998,0.5726
2025-08-01,rebalance,PFF,31.01,12289.35,30.92,31.059999,True,31.08,-0.2252,True,True,True,0.2432,False,31.379999,31.030001,-0.0645,False,31.110001,0.3225,31.16,0.4837,0.172857,False,False,31.1475,0.4434
2025-08-01,rebalance,VNQ,88.98,12734.08,88.290001,90.099998,True,89.080002,-0.1123,True,True,True,0.3286,False,92.18,88.080002,1.0218,False,89.110001,0.1461,90.0,1.1463,1.220001,False,False,89.7775,0.8963
2025-08-01,rebalance,RSP,181.16,1278.06,179.940002,182.339996,True,182.270004,-0.609,True,True,True,0.2905,False,187.839996,182.110001,-0.5217,False,182.270004,0.6127,184.039993,1.5898,1.964999,False,False,183.597496,1.3455
2025-08-01,rebalance,SPMO,113.34,148474.24,112.303001,114.129997,True,114.080002,-0.6487,True,True,True,0.2495,False,117.129997,113.639999,-0.264,False,114.139999,0.7058,116.980003,3.2116,1.272215,False,False,116.270002,2.5851
2025-09-02,recurring,PFF,31.26,2010.59,31.120001,31.33,True,31.309999,-0.1597,True,True,True,0.2295,False,31.76,31.309999,-0.1597,False,31.33,0.2239,31.75,1.5675,0.150714,False,False,31.645,1.2316
2025-09-02,recurring,IWY,254.71,2047.59,253.289993,256.220001,True,257.23999,-0.9835,True,True,True,0.1403,False,262.899994,257.23999,-0.9835,False,258.049988,1.3113,262.119995,2.9092,2.883577,False,False,261.102493,2.5097
2025-09-02,recurring,SPMO,115.03,2080.45,114.258003,115.559998,True,114.949997,0.0696,True,True,True,0.1746,False,119.07,114.949997,0.0696,False,115.650002,0.539,117.644997,2.2733,1.453429,False,False,117.146248,1.8397
2025-09-02,recurring,RSP,186.73,2063.98,186.050003,187.339996,True,185.949997,0.4195,True,True,True,0.2026,False,189.990005,185.949997,0.4195,False,186.770004,0.0214,188.479996,0.9372,1.69786,False,False,188.052498,0.7082
2025-09-02,recurring,VNQ,91.09,2013.92,90.389999,91.510002,True,90.400002,0.7633,False,True,True,0.2767,False,92.620003,90.059998,1.1437,False,90.540001,-0.6038,91.540001,0.494,1.073573,True,False,91.043304,-0.0513
2025-10-09,recurring,SPMO,121.56,1954.9,121.220001,121.919998,True,118.449997,2.6256,False,False,False,0.7623,True,122.300003,117.699997,3.2795,False,122.014999,0.3743,121.93,0.3044,1.185571,True,True,121.321661,-0.1961
2025-10-09,recurring,RSP,189.15,2090.6,189.080002,191.309998,True,185.089996,2.1935,False,False,False,0.6527,False,192.300003,185.089996,2.1935,False,189.589996,0.2326,189.399994,0.1322,1.587146,True,True,188.727318,-0.2235
2025-10-09,recurring,VNQ,89.06,1969.16,89.040001,89.989998,True,88.080002,1.1126,False,False,True,0.5131,False,93.580002,87.860001,1.3658,False,89.519997,0.5165,89.910004,0.9544,0.902858,True,True,89.048928,-0.0124
2025-10-09,recurring,PFF,31.52,1995.5,31.459999,31.74,True,31.129999,1.2528,False,False,True,0.6393,False,32.259998,30.82,2.2713,False,31.51,-0.0317,31.530001,0.0317,0.173572,True,True,31.454911,-0.2065
2025-10-09,recurring,IWY,276.86,1947.96,276.23999,277.869995,True,268.0,3.306,False,False,False,0.8382,True,277.869995,268.0,3.306,False,277.769989,0.3287,274.049988,-1.015,2.802859,True,True,275.333922,-0.5512
2025-11-13,recurring,SPMO,117.7,2010.84,117.25,120.150002,True,115.019997,2.33,False,False,False,0.5224,False,124.555,112.660004,4.4736,False,116.269997,-1.215,116.029999,-1.4189,1.858572,True,True,116.228034,-1.2506
2025-11-13,recurring,VNQ,89.58,2070.29,89.260002,90.410004,True,88.57,1.1403,False,False,True,0.5489,False,92.93,88.110001,1.6684,False,89.629997,0.0558,89.199997,-0.4242,1.190001,True,False,89.253748,-0.3642
2025-11-13,recurring,RSP,188.27,2080.92,187.720001,190.330002,True,183.860001,2.3986,False,False,False,0.6816,True,192.330002,182.110001,3.3826,False,187.119995,-0.6108,184.860001,-1.8112,1.957141,True,True,186.396071,-0.9953
2025-11-13,recurring,IWY,275.15,1935.97,274.399994,279.630005,True,267.76001,2.7599,False,False,False,0.6226,False,288.98999,263.809998,4.2985,False,271.51001,-1.3229,270.380005,-1.7336,4.475,True,True,271.369379,-1.374
2025-11-13,recurring,PFF,30.88,1986.26,30.82,31.139999,True,30.58,0.981,False,True,True,0.5357,False,31.780001,30.26,2.0489,False,30.75,-0.421,30.58,-0.9715,0.193572,True,True,30.699911,-0.5832
2025-12-16,recurring,PFF,31.05,1997.14,31.02,31.129999,True,31.01,0.129,True,True,True,0.2105,False,31.200001,30.950001,0.3231,False,31.08,0.0966,31.15,0.3221,0.176429,False,False,31.1325,0.2657
2025-12-16,recurring,IWY,272.32,1916.19,272.130005,275.109985,True,269.309998,1.1177,False,False,True,0.4008,False,281.179993,269.309998,1.1177,False,274.630005,0.8483,278.429993,2.2437,2.931429,True,True,273.325713,0.3693
2025-12-16,recurring,SPMO,118.19,2019.18,117.949997,119.125,True,116.470001,1.4768,False,False,True,0.5104,False,121.919998,116.470001,1.4768,False,118.970001,0.66,120.084999,1.6033,1.418643,True,True,118.326759,0.1157
2025-12-16,recurring,RSP,191.8,1927.95,191.589996,193.960007,True,191.539993,0.1357,True,True,True,0.1074,False,195.470001,191.039993,0.3978,False,192.449997,0.3389,192.610001,0.4223,1.732146,False,False,192.57,0.4015
2025-12-16,recurring,VNQ,89.05,1969.02,88.93,89.980003,True,88.550003,0.5646,False,True,True,0.3472,False,91.599998,87.480003,1.7947,False,88.989998,-0.0674,87.650002,-1.5721,0.884998,True,False,88.224375,-0.9271
2026-01-08,recurring,PFF,31.35,2047.7,31.35,31.49,True,31.389999,-0.1274,True,True,True,-0.0,False,31.49,31.16,0.6098,False,31.4,0.1595,31.610001,0.8293,0.132143,False,False,31.5575,0.6619
2026-01-08,recurring,IWY,278.03,2234.19,275.25,278.089996,True,275.420013,0.9476,False,True,True,0.678,False,281.869995,259.959991,6.9511,True,276.459991,-0.5647,275.809998,-0.7985,2.688572,True,False,276.191425,-0.6613
2026-01-08,recurring,VNQ,88.14,2037.17,88.010002,89.629997,True,88.809998,-0.7544,True,True,True,0.0605,False,90.269997,88.809998,-0.7544,False,89.309998,1.3274,90.089996,2.2124,0.914285,False,False,89.894997,1.9911
2026-01-08,recurring,RSP,194.38,2148.13,194.169998,196.970001,True,196.580002,-1.1191,True,True,True,0.0496,False,197.479996,195.779999,-0.7151,False,197.0,1.3479,197.479996,1.5948,1.704285,False,False,197.359997,1.5331
2026-01-08,recurring,SPMO,120.13,2052.16,118.667999,120.129997,True,119.169998,0.8056,False,True,True,0.723,False,121.919998,115.709999,3.8199,False,119.379997,-0.6243,119.610001,-0.4329,1.153071,True,False,119.538366,-0.4925
2026-02-03,recurring,PFF,31.3,2044.39,31.23,31.52,True,31.16,0.4493,True,True,True,0.3889,False,32.02,31.030001,0.8701,False,31.379999,0.2556,31.379999,0.2556,0.175714,True,False,31.338035,0.1215
2026-02-03,recurring,SPMO,118.74,2028.49,118.169998,121.349998,True,115.709999,2.6186,False,False,False,0.5372,False,121.349998,115.709999,2.6186,False,119.419998,0.5727,119.699997,0.8085,1.646999,True,True,118.532374,-0.1749
2026-02-03,recurring,VNQ,89.65,1982.19,89.07,90.18,True,89.889999,-0.267,True,True,True,0.1752,False,92.82,89.889999,-0.267,False,90.239998,0.6581,92.160004,2.7998,1.155715,False,False,91.680002,2.2644
2026-02-03,recurring,IWY,266.84,1877.8,266.290009,273.820007,True,259.959991,2.6466,False,False,False,0.4964,False,280.470001,257.23999,3.7319,False,268.279999,0.5396,266.470001,-0.1387,4.165002,True,True,265.545624,-0.4851
2026-02-03,recurring,RSP,198.24,1992.35,196.979996,200.080002,True,198.119995,0.0606,True,True,True,0.2287,False,200.779999,198.119995,0.0606,False,199.220001,0.4944,201.610001,1.7,1.985,False,False,201.012501,1.3986
2026-03-03,recurring,RSP,202.02,1828.09,198.550003,203.029999,True,196.520004,2.7987,False,False,False,0.8053,True,205.240005,187.360001,7.8245,True,202.699997,0.3366,196.279999,-2.8413,2.743574,True,True,199.726159,-1.1355
2026-03-03,recurring,IWY,261.56,1840.87,257.23999,262.559998,True,259.970001,0.6116,False,True,True,0.5301,False,273.820007,238.75,9.5539,False,262.149994,0.2256,258.269989,-1.2578,4.38572,False,False,259.23999,-0.887
2026-03-03,recurring,PFF,31.27,1979.65,31.030001,31.34,True,31.030001,0.7734,False,True,True,0.5854,False,31.9,30.1,3.887,False,31.309999,0.1279,31.0,-0.8634,0.220714,True,True,31.129732,-0.4486
2026-03-03,recurring,VNQ,95.37,1917.35,93.68,95.75,True,93.07,2.4713,False,False,False,0.8582,True,96.230003,86.839996,9.8227,True,95.169998,-0.2097,92.68,-2.8206,1.247856,True,True,94.179554,-1.2482
2026-03-03,recurring,SPMO,119.2,2036.34,116.839996,119.68,True,117.417,1.5185,False,False,True,0.59,False,122.239998,107.239998,11.1526,False,119.5,0.2517,116.949997,-1.8876,2.041428,True,False,117.89482,-1.0949
2026-03-09,recurring,PFF,30.95,1990.65,30.879999,31.190001,True,30.82,0.4218,True,True,True,0.2889,False,31.9,30.1,2.8239,False,31.15,0.6462,30.889999,-0.1939,0.225714,True,False,30.941785,-0.0265
2026-03-09,recurring,VNQ,92.11,1944.23,91.550003,94.080002,True,91.650002,0.5019,False,True,True,0.1924,False,96.230003,86.839996,6.0686,False,93.489998,1.4982,92.910004,0.8685,1.31357,False,False,93.055002,1.0259
2026-03-09,recurring,RSP,194.82,1958.14,193.970001,199.25,True,193.509995,0.677,False,True,True,0.2158,False,205.240005,187.360001,3.9816,False,198.440002,1.8581,195.020004,0.1027,2.861429,False,False,195.875004,0.5415
2026-03-09,recurring,SPMO,116.6,1992.15,116.230003,119.580002,True,116.910004,-0.2652,True,True,True,0.0904,False,122.239998,107.239998,8.7281,False,119.379997,2.3842,117.5,0.7719,2.064142,False,False,117.969999,1.175
2026-03-09,recurring,IWY,257.79,1814.47,257.459991,264.429993,True,258.98999,-0.4633,True,True,True,0.0393,False,270.51001,238.75,7.9749,False,263.690002,2.2887,259.799988,0.7797,4.378577,False,False,260.772491,1.1569
2026-04-17,recurring,VNQ,96.64,1942.75,95.389999,96.809998,True,94.129997,2.6665,False,False,False,0.8567,True,96.809998,93.779999,3.0497,False,96.5,-0.1449,94.860001,-1.8419,1.302855,True,True,95.671429,-1.0022
2026-04-17,recurring,SPMO,128.23,1933.39,127.339996,128.429993,True,126.260002,1.5603,False,False,True,0.6864,True,128.429993,126.260002,1.5603,False,128.300003,0.0546,129.080002,0.6629,2.521428,True,False,128.357323,0.0993
2026-04-17,recurring,RSP,203.14,2041.35,201.630005,204.080002,True,201.940002,0.5942,False,True,True,0.4254,False,204.080002,199.699997,1.7226,False,202.690002,-0.2215,202.440002,-0.3446,2.548571,False,False,202.502502,-0.3138
2026-04-17,recurring,PFF,31.46,1991.93,31.42,31.549999,True,31.24,0.7042,False,True,True,0.7097,False,31.549999,31.15,0.9952,False,31.43,-0.0954,31.48,0.0636,0.228571,True,False,31.433928,-0.0829
2026-04-17,recurring,IWY,277.79,1954.48,276.359985,279.109985,True,274.619995,1.1543,False,False,True,0.5838,False,279.109985,273.839996,1.4424,False,277.570007,-0.0792,278.5,0.2556,4.780004,True,False,277.492501,-0.1071
2026-05-15,recurring,VNQ,93.99,2077.72,93.779999,95.120003,True,94.040001,-0.0532,True,True,True,0.0772,False,97.370003,93.68,0.3309,False,94.040001,0.0532,96.040001,2.1811,1.197142,False,False,95.540001,1.6491
2026-05-15,recurring,RSP,201.66,2026.55,201.449997,202.919998,True,200.699997,0.4783,True,True,True,0.2918,False,205.529999,200.699997,0.4783,False,201.880005,0.1091,202.940002,0.6347,1.977145,False,False,202.675003,0.5033
2026-05-15,recurring,SPMO,143.93,2024.97,143.210007,144.869995,True,138.050003,4.2593,False,False,False,0.8622,True,147.869995,138.050003,4.2593,False,144.710007,0.5419,142.729996,-0.8337,3.232499,True,True,142.612813,-0.9152
2026-05-15,recurring,IWY,293.04,2061.23,291.059998,295.100006,True,288.470001,1.5842,False,False,True,0.6893,True,296.109985,278.899994,5.0699,True,292.410004,-0.215,291.649994,-0.4743,3.574286,True,True,291.194642,-0.6297
2026-05-15,recurring,PFF,31.32,2014.43,31.23,31.440001,True,30.93,1.2609,False,False,True,0.7647,True,31.790001,30.700001,2.0195,False,31.25,-0.2235,31.110001,-0.6705,0.195,True,True,31.176875,-0.457
2026-06-05,recurring,VNQ,96.85,2043.8,95.690002,97.519997,True,95.339996,1.5838,False,False,True,0.4919,False,97.709999,95.339996,1.5838,False,96.830002,-0.0206,97.860001,1.0429,1.227143,True,True,96.637322,-0.2196
2026-06-05,recurring,RSP,208.7,2096.95,207.289993,210.360001,True,205.740005,1.4387,False,False,True,0.6407,False,210.949997,205.740005,1.4387,False,208.639999,-0.0287,207.339996,-0.6517,2.032857,True,True,207.582678,-0.5354
2026-06-05,recurring,SPMO,147.5,2074.95,144.0,149.483994,True,141.550003,4.2035,False,False,False,0.625,False,155.740005,141.550003,4.2035,False,148.160004,0.4475,145.539993,-1.3288,3.674928,True,True,145.796901,-1.1546
2026-06-05,recurring,IWY,291.9,2053.25,287.200012,295.950012,True,279.690002,4.3655,False,False,False,0.7509,True,303.119995,274.170013,6.4668,False,290.149994,-0.5995,281.209991,-3.6622,3.705006,True,True,287.400619,-1.5414
2026-06-05,recurring,PFF,30.96,2022.32,30.83,31.23,True,30.700001,0.8469,False,True,True,0.4906,False,31.790001,30.23,2.4148,False,31.02,0.1938,30.799999,-0.5168,0.205714,True,True,30.857857,-0.3299
2026-07-08,recurring,SPMO,148.57,1941.36,147.899994,150.804001,True,149.261002,-0.4629,True,True,True,0.0926,False,162.300003,,,,154.679993,4.1125,,,5.315357,False,False,,
2026-07-08,recurring,VNQ,97.4,2055.35,96.730003,98.269997,True,96.57,0.8595,False,True,True,0.4611,False,99.150002,,,,97.029999,-0.3799,,,1.529287,True,False,,
2026-07-08,recurring,RSP,211.73,2127.24,211.440002,213.699997,True,212.479996,-0.353,True,True,True,0.0714,False,216.369995,,,,212.839996,0.5243,,,2.459997,False,False,,
2026-07-08,recurring,IWY,281.35,1979.4,280.649994,285.179993,True,284.709991,-1.1801,True,True,True,0.0706,False,292.369995,,,,286.859985,1.9584,,,5.469999,False,False,,
2026-07-08,recurring,PFF,30.3,2009.61,30.280001,30.5,True,30.33,-0.0989,True,True,True,0.0588,False,31.32,,,,30.459999,0.528,,,0.265714,False,False,,
