code,name,date,open,close,high,low,volume,amount,adj_close,amplitude_pct,pct_change,change,turnover_pct
159530,机器人ETF易方达,2026-01-05,1.5750000476837158,1.6019999980926514,1.6030000448226929,1.5700000524520874,820868693.0,,1.6019999980926514,,,,
159530,机器人ETF易方达,2026-01-06,1.6069999933242798,1.6150000095367432,1.6200000047683716,1.593999981880188,728022497.0,,1.6150000095367432,,,,
159530,机器人ETF易方达,2026-01-07,1.6039999723434448,1.5959999561309814,1.6200000047683716,1.5839999914169312,646050842.0,,1.5959999561309814,,,,
159530,机器人ETF易方达,2026-01-08,1.593999981880188,1.6200000047683716,1.621000051498413,1.593000054359436,583261702.0,,1.6200000047683716,,,,
159530,机器人ETF易方达,2026-01-09,1.6200000047683716,1.6490000486373901,1.6640000343322754,1.6169999837875366,614233299.0,,1.6490000486373901,,,,
159530,机器人ETF易方达,2026-01-12,1.649999976158142,1.7000000476837158,1.7020000219345093,1.6410000324249268,708240779.0,,1.7000000476837158,,,,
159530,机器人ETF易方达,2026-01-13,1.6970000267028809,1.6579999923706055,1.7059999704360962,1.6510000228881836,656972013.0,,1.6579999923706055,,,,
159530,机器人ETF易方达,2026-01-14,1.659999966621399,1.6419999599456787,1.694000005722046,1.621000051498413,724228320.0,,1.6419999599456787,,,,
159530,机器人ETF易方达,2026-01-15,1.6230000257492065,1.6269999742507935,1.6440000534057617,1.6109999418258667,458199738.0,,1.6269999742507935,,,,
159530,机器人ETF易方达,2026-01-16,1.6360000371932983,1.6779999732971191,1.690999984741211,1.6360000371932983,728262142.0,,1.6779999732971191,,,,
159530,机器人ETF易方达,2026-01-19,1.694000005722046,1.684999942779541,1.7070000171661377,1.6699999570846558,638448155.0,,1.684999942779541,,,,
159530,机器人ETF易方达,2026-01-20,1.684999942779541,1.659999966621399,1.7059999704360962,1.6469999551773071,626977930.0,,1.659999966621399,,,,
159530,机器人ETF易方达,2026-01-21,1.6490000486373901,1.6749999523162842,1.6859999895095825,1.6460000276565552,417236782.0,,1.6749999523162842,,,,
159530,机器人ETF易方达,2026-01-22,1.6799999475479126,1.6679999828338623,1.6950000524520874,1.6610000133514404,445447841.0,,1.6679999828338623,,,,
159530,机器人ETF易方达,2026-01-23,1.6740000247955322,1.6950000524520874,1.6959999799728394,1.6679999828338623,499193011.0,,1.6950000524520874,,,,
159530,机器人ETF易方达,2026-01-26,1.7109999656677246,1.6260000467300415,1.7259999513626099,1.6239999532699585,896043497.0,,1.6260000467300415,,,,
159530,机器人ETF易方达,2026-01-27,1.6169999837875366,1.628999948501587,1.6369999647140503,1.5740000009536743,698509680.0,,1.628999948501587,,,,
159530,机器人ETF易方达,2026-01-28,1.6239999532699585,1.5989999771118164,1.6239999532699585,1.590000033378601,542579919.0,,1.5989999771118164,,,,
159530,机器人ETF易方达,2026-01-29,1.5920000076293945,1.5709999799728394,1.6119999885559082,1.569000005722046,523094348.0,,1.5709999799728394,,,,
159530,机器人ETF易方达,2026-01-30,1.565000057220459,1.562999963760376,1.5859999656677246,1.5219999551773071,544408442.0,,1.562999963760376,,,,
159530,机器人ETF易方达,2026-02-02,1.5520000457763672,1.5329999923706055,1.5770000219345093,1.5299999713897705,450240150.0,,1.5329999923706055,,,,
159530,机器人ETF易方达,2026-02-03,1.5470000505447388,1.5750000476837158,1.5750000476837158,1.534999966621399,430555197.0,,1.5750000476837158,,,,
159530,机器人ETF易方达,2026-02-04,1.5670000314712524,1.5679999589920044,1.5709999799728394,1.5499999523162842,336611625.0,,1.5679999589920044,,,,
159530,机器人ETF易方达,2026-02-05,1.5549999475479126,1.534999966621399,1.5609999895095825,1.531999945640564,315345700.0,,1.534999966621399,,,,
159530,机器人ETF易方达,2026-02-06,1.5240000486373901,1.562000036239624,1.5809999704360962,1.5130000114440918,527433368.0,,1.562000036239624,,,,
159530,机器人ETF易方达,2026-02-09,1.5789999961853027,1.5859999656677246,1.5870000123977661,1.565999984741211,398106777.0,,1.5859999656677246,,,,
159530,机器人ETF易方达,2026-02-10,1.5870000123977661,1.5989999771118164,1.6059999465942383,1.5820000171661377,411804500.0,,1.5989999771118164,,,,
159530,机器人ETF易方达,2026-02-11,1.5950000286102295,1.5809999704360962,1.6009999513626099,1.5800000429153442,282074294.0,,1.5809999704360962,,,,
159530,机器人ETF易方达,2026-02-12,1.5809999704360962,1.5950000286102295,1.5980000495910645,1.5800000429153442,288640861.0,,1.5950000286102295,,,,
159530,机器人ETF易方达,2026-02-13,1.5870000123977661,1.6039999723434448,1.6100000143051147,1.5829999446868896,431092000.0,,1.6039999723434448,,,,
159530,机器人ETF易方达,2026-02-24,1.6380000114440918,1.5920000076293945,1.6440000534057617,1.5859999656677246,529834365.0,,1.5920000076293945,,,,
159530,机器人ETF易方达,2026-02-25,1.590000033378601,1.593000054359436,1.600000023841858,1.5779999494552612,421694000.0,,1.593000054359436,,,,
159530,机器人ETF易方达,2026-02-26,1.593000054359436,1.5829999446868896,1.593000054359436,1.5740000009536743,398682659.0,,1.5829999446868896,,,,
159530,机器人ETF易方达,2026-02-27,1.5779999494552612,1.5720000267028809,1.5779999494552612,1.565000057220459,506024854.0,,1.5720000267028809,,,,
159530,机器人ETF易方达,2026-03-02,1.5520000457763672,1.5299999713897705,1.5540000200271606,1.5230000019073486,475663939.0,,1.5299999713897705,,,,
159530,机器人ETF易方达,2026-03-03,1.5299999713897705,1.4529999494552612,1.5379999876022339,1.4500000476837158,660362715.0,,1.4529999494552612,,,,
159530,机器人ETF易方达,2026-03-04,1.4299999475479126,1.4479999542236328,1.4670000076293945,1.4299999475479126,449421718.0,,1.4479999542236328,,,,
159530,机器人ETF易方达,2026-03-05,1.4700000286102295,1.4639999866485596,1.4789999723434448,1.4559999704360962,277950883.0,,1.4639999866485596,,,,
159530,机器人ETF易方达,2026-03-06,1.4600000381469727,1.4800000190734863,1.4859999418258667,1.4579999446868896,256802260.0,,1.4800000190734863,,,,
159530,机器人ETF易方达,2026-03-09,1.4470000267028809,1.465999960899353,1.475000023841858,1.4240000247955322,395843868.0,,1.465999960899353,,,,
159530,机器人ETF易方达,2026-03-10,1.4800000190734863,1.50600004196167,1.5069999694824219,1.4789999723434448,367524958.0,,1.50600004196167,,,,
159530,机器人ETF易方达,2026-03-11,1.5080000162124634,1.5049999952316284,1.5210000276565552,1.5019999742507935,283050321.0,,1.5049999952316284,,,,
159530,机器人ETF易方达,2026-03-12,1.5,1.4850000143051147,1.5069999694824219,1.4759999513626099,271274611.0,,1.4850000143051147,,,,
159530,机器人ETF易方达,2026-03-13,1.4780000448226929,1.4620000123977661,1.4859999418258667,1.4570000171661377,221618996.0,,1.4620000123977661,,,,
159530,机器人ETF易方达,2026-03-16,1.4570000171661377,1.465000033378601,1.465000033378601,1.440000057220459,281050366.0,,1.465000033378601,,,,
159530,机器人ETF易方达,2026-03-17,1.4709999561309814,1.440000057220459,1.475000023841858,1.440000057220459,314780933.0,,1.440000057220459,,,,
159530,机器人ETF易方达,2026-03-18,1.4390000104904175,1.4500000476837158,1.4500000476837158,1.430999994277954,240363620.0,,1.4500000476837158,,,,
159530,机器人ETF易方达,2026-03-19,1.4270000457763672,1.4119999408721924,1.434999942779541,1.406999945640564,357631627.0,,1.4119999408721924,,,,
159530,机器人ETF易方达,2026-03-20,1.4140000343322754,1.3849999904632568,1.4229999780654907,1.3849999904632568,258872696.0,,1.3849999904632568,,,,
159530,机器人ETF易方达,2026-03-23,1.3760000467300415,1.343999981880188,1.402999997138977,1.3359999656677246,499481524.0,,1.343999981880188,,,,
159530,机器人ETF易方达,2026-03-24,1.3639999628067017,1.3609999418258667,1.36899995803833,1.3220000267028809,313985987.0,,1.3609999418258667,,,,
159530,机器人ETF易方达,2026-03-25,1.3669999837875366,1.3849999904632568,1.3899999856948853,1.3630000352859497,407716513.0,,1.3849999904632568,,,,
159530,机器人ETF易方达,2026-03-26,1.3860000371932983,1.375,1.4040000438690186,1.3700000047683716,243944461.0,,1.375,,,,
159530,机器人ETF易方达,2026-03-27,1.3509999513626099,1.3799999952316284,1.3880000114440918,1.3509999513626099,223771900.0,,1.3799999952316284,,,,
159530,机器人ETF易方达,2026-03-30,1.3600000143051147,1.3769999742507935,1.3799999952316284,1.3539999723434448,166887059.0,,1.3769999742507935,,,,
159530,机器人ETF易方达,2026-03-31,1.3769999742507935,1.3609999418258667,1.3949999809265137,1.3600000143051147,263279600.0,,1.3609999418258667,,,,
159530,机器人ETF易方达,2026-04-01,1.3860000371932983,1.3969999551773071,1.3980000019073486,1.3799999952316284,275959007.0,,1.3969999551773071,,,,
159530,机器人ETF易方达,2026-04-02,1.3890000581741333,1.3630000352859497,1.3949999809265137,1.3580000400543213,266130190.0,,1.3630000352859497,,,,
159530,机器人ETF易方达,2026-04-03,1.3630000352859497,1.343999981880188,1.3700000047683716,1.340999960899353,184808033.0,,1.343999981880188,,,,
159530,机器人ETF易方达,2026-04-07,1.347000002861023,1.340000033378601,1.3519999980926514,1.3300000429153442,194664363.0,,1.340000033378601,,,,
159530,机器人ETF易方达,2026-04-08,1.3739999532699585,1.4119999408721924,1.4119999408721924,1.3730000257492065,339035343.0,,1.4119999408721924,,,,
159530,机器人ETF易方达,2026-04-09,1.3969999551773071,1.3910000324249268,1.399999976158142,1.3819999694824219,225826700.0,,1.3910000324249268,,,,
159530,机器人ETF易方达,2026-04-10,1.3980000019073486,1.4210000038146973,1.437999963760376,1.3980000019073486,314062873.0,,1.4210000038146973,,,,
159530,机器人ETF易方达,2026-04-13,1.4079999923706055,1.4170000553131104,1.4279999732971191,1.4079999923706055,202577800.0,,1.4170000553131104,,,,
159530,机器人ETF易方达,2026-04-14,1.4320000410079956,1.4420000314712524,1.4420000314712524,1.4229999780654907,263622734.0,,1.4420000314712524,,,,
159530,机器人ETF易方达,2026-04-15,1.4490000009536743,1.4290000200271606,1.4589999914169312,1.4259999990463257,325388664.0,,1.4290000200271606,,,,
159530,机器人ETF易方达,2026-04-16,1.4459999799728394,1.4589999914169312,1.4589999914169312,1.4420000314712524,302735865.0,,1.4589999914169312,,,,
159530,机器人ETF易方达,2026-04-17,1.4550000429153442,1.4709999561309814,1.4739999771118164,1.4500000476837158,242544425.0,,1.4709999561309814,,,,
159530,机器人ETF易方达,2026-04-20,1.475000023841858,1.4819999933242798,1.4859999418258667,1.4670000076293945,258708823.0,,1.4819999933242798,,,,
159530,机器人ETF易方达,2026-04-21,1.4830000400543213,1.4769999980926514,1.4859999418258667,1.4620000123977661,257911960.0,,1.4769999980926514,,,,
159530,机器人ETF易方达,2026-04-22,1.4700000286102295,1.4900000095367432,1.4930000305175781,1.465000033378601,291595054.0,,1.4900000095367432,,,,
159530,机器人ETF易方达,2026-04-23,1.4919999837875366,1.465000033378601,1.4950000047683716,1.4550000429153442,287517191.0,,1.465000033378601,,,,
159530,机器人ETF易方达,2026-04-24,1.4589999914169312,1.4500000476837158,1.4609999656677246,1.4390000104904175,260705471.0,,1.4500000476837158,,,,
159530,机器人ETF易方达,2026-04-27,1.4470000267028809,1.4819999933242798,1.4850000143051147,1.4450000524520874,324555329.0,,1.4819999933242798,,,,
159530,机器人ETF易方达,2026-04-28,1.475000023841858,1.4459999799728394,1.475000023841858,1.440000057220459,262864678.0,,1.4459999799728394,,,,
159530,机器人ETF易方达,2026-04-29,1.437999963760376,1.4670000076293945,1.472000002861023,1.4320000410079956,230598900.0,,1.4670000076293945,,,,
159530,机器人ETF易方达,2026-04-30,1.465000033378601,1.496000051498413,1.496999979019165,1.465000033378601,302822531.0,,1.496000051498413,,,,
159530,机器人ETF易方达,2026-05-06,1.5049999952316284,1.531000018119812,1.5379999876022339,1.5049999952316284,391575940.0,,1.531000018119812,,,,
159530,机器人ETF易方达,2026-05-07,1.534999966621399,1.5750000476837158,1.5779999494552612,1.5269999504089355,439328807.0,,1.5750000476837158,,,,
159530,机器人ETF易方达,2026-05-08,1.5709999799728394,1.6200000047683716,1.6369999647140503,1.565000057220459,655167683.0,,1.6200000047683716,,,,
159530,机器人ETF易方达,2026-05-11,1.621000051498413,1.6230000257492065,1.6349999904632568,1.6050000190734863,578314684.0,,1.6230000257492065,,,,
159530,机器人ETF易方达,2026-05-12,1.6239999532699585,1.6050000190734863,1.6339999437332153,1.5950000286102295,438617713.0,,1.6050000190734863,,,,
159530,机器人ETF易方达,2026-05-13,1.593999981880188,1.6180000305175781,1.621000051498413,1.5800000429153442,478051326.0,,1.6180000305175781,,,,
159530,机器人ETF易方达,2026-05-14,1.6239999532699585,1.5679999589920044,1.6269999742507935,1.5679999589920044,457543665.0,,1.5679999589920044,,,,
159530,机器人ETF易方达,2026-05-15,1.5670000314712524,1.6510000228881836,1.6929999589920044,1.565999984741211,1105900373.0,,1.6510000228881836,,,,
159530,机器人ETF易方达,2026-05-18,1.6449999809265137,1.684000015258789,1.6929999589920044,1.6319999694824219,1054027300.0,,1.684000015258789,,,,
159530,机器人ETF易方达,2026-05-19,1.687000036239624,1.7039999961853027,1.7100000381469727,1.6790000200271606,821863149.0,,1.7039999961853027,,,,
159530,机器人ETF易方达,2026-05-20,1.687000036239624,1.6799999475479126,1.690999984741211,1.6679999828338623,708603181.0,,1.6799999475479126,,,,
159530,机器人ETF易方达,2026-05-21,1.6859999895095825,1.7050000429153442,1.7569999694824219,1.680999994277954,1098036166.0,,1.7050000429153442,,,,
159530,机器人ETF易方达,2026-05-22,1.7079999446868896,1.7239999771118164,1.7269999980926514,1.6679999828338623,855068268.0,,1.7239999771118164,,,,
159530,机器人ETF易方达,2026-05-25,1.7380000352859497,1.7309999465942383,1.74399995803833,1.7009999752044678,661041298.0,,1.7309999465942383,,,,
159530,机器人ETF易方达,2026-05-26,1.7350000143051147,1.718999981880188,1.7760000228881836,1.6929999589920044,1101454995.0,,1.718999981880188,,,,
159530,机器人ETF易方达,2026-05-27,1.684000015258789,1.6449999809265137,1.7079999446868896,1.6380000114440918,991467521.0,,1.6449999809265137,,,,
159530,机器人ETF易方达,2026-05-28,1.6349999904632568,1.621000051498413,1.6410000324249268,1.5850000381469727,858917841.0,,1.621000051498413,,,,
159530,机器人ETF易方达,2026-05-29,1.6200000047683716,1.5410000085830688,1.6399999856948853,1.5290000438690186,827777974.0,,1.5410000085830688,,,,
159530,机器人ETF易方达,2026-06-01,1.524999976158142,1.5140000581741333,1.5570000410079956,1.5130000114440918,575331920.0,,1.5140000581741333,,,,
159530,机器人ETF易方达,2026-06-02,1.534000039100647,1.531999945640564,1.555999994277954,1.5190000534057617,612849408.0,,1.531999945640564,,,,
159530,机器人ETF易方达,2026-06-03,1.527999997138977,1.5390000343322754,1.5750000476837158,1.5190000534057617,596006754.0,,1.5390000343322754,,,,
159530,机器人ETF易方达,2026-06-04,1.5210000276565552,1.5490000247955322,1.5829999446868896,1.5180000066757202,561699333.0,,1.5490000247955322,,,,
159530,机器人ETF易方达,2026-06-05,1.5499999523162842,1.6319999694824219,1.6629999876022339,1.4919999837875366,1200790436.0,,1.6319999694824219,,,,
159530,机器人ETF易方达,2026-06-08,1.5839999914169312,1.6660000085830688,1.6929999589920044,1.5779999494552612,1667991504.0,,1.6660000085830688,,,,
159530,机器人ETF易方达,2026-06-09,1.652999997138977,1.6740000247955322,1.6779999732971191,1.625,902100056.0,,1.6740000247955322,,,,
159530,机器人ETF易方达,2026-06-10,1.656000018119812,1.6109999418258667,1.6759999990463257,1.590999960899353,927895655.0,,1.6109999418258667,,,,
159530,机器人ETF易方达,2026-06-11,1.5809999704360962,1.5379999876022339,1.5839999914169312,1.527999997138977,850595606.0,,1.5379999876022339,,,,
159530,机器人ETF易方达,2026-06-12,1.5549999475479126,1.5230000019073486,1.5989999771118164,1.5160000324249268,722545848.0,,1.5230000019073486,,,,
159530,机器人ETF易方达,2026-06-15,1.5299999713897705,1.5820000171661377,1.5829999446868896,1.5299999713897705,641363078.0,,1.5820000171661377,,,,
159530,机器人ETF易方达,2026-06-16,1.5820000171661377,1.6080000400543213,1.6100000143051147,1.569000005722046,659545034.0,,1.6080000400543213,,,,
159530,机器人ETF易方达,2026-06-17,1.5920000076293945,1.593999981880188,1.6059999465942383,1.5800000429153442,442063958.0,,1.593999981880188,,,,
159530,机器人ETF易方达,2026-06-18,1.593999981880188,1.6449999809265137,1.6480000019073486,1.5859999656677246,708921403.0,,1.6449999809265137,,,,
159530,机器人ETF易方达,2026-06-22,1.6449999809265137,1.6109999418258667,1.6480000019073486,1.565000057220459,841350968.0,,1.6109999418258667,,,,
159530,机器人ETF易方达,2026-06-23,1.597000002861023,1.5750000476837158,1.6169999837875366,1.559999942779541,609903960.0,,1.5750000476837158,,,,
159530,机器人ETF易方达,2026-06-24,1.5750000476837158,1.5839999914169312,1.590999960899353,1.534999966621399,490474269.0,,1.5839999914169312,,,,
159530,机器人ETF易方达,2026-06-25,1.5750000476837158,1.5640000104904175,1.6130000352859497,1.5509999990463257,539897694.0,,1.5640000104904175,,,,
159530,机器人ETF易方达,2026-06-26,1.5529999732971191,1.4900000095367432,1.5549999475479126,1.4889999628067017,663984925.0,,1.4900000095367432,,,,
159530,机器人ETF易方达,2026-06-29,1.4780000448226929,1.4910000562667847,1.4980000257492065,1.4359999895095825,565651280.0,,1.4910000562667847,,,,
159530,机器人ETF易方达,2026-06-30,1.4980000257492065,1.6089999675750732,1.6139999628067017,1.4980000257492065,970641319.0,,1.6089999675750732,,,,
159994,通信ETF银华,2026-01-05,1.8799999952316284,1.909000039100647,1.9140000343322754,1.875,104469900.0,,1.909000039100647,,,,
159994,通信ETF银华,2026-01-06,1.906000018119812,1.9079999923706055,1.909999966621399,1.8639999628067017,106014506.0,,1.9079999923706055,,,,
159994,通信ETF银华,2026-01-07,1.9149999618530273,1.9179999828338623,1.9459999799728394,1.9040000438690186,104909603.0,,1.9179999828338623,,,,
159994,通信ETF银华,2026-01-08,1.9129999876022339,1.8969999551773071,1.9249999523162842,1.8839999437332153,142367502.0,,1.8969999551773071,,,,
159994,通信ETF银华,2026-01-09,1.8830000162124634,1.9010000228881836,1.9119999408721924,1.8580000400543213,130322004.0,,1.9010000228881836,,,,
159994,通信ETF银华,2026-01-12,1.9010000228881836,1.944000005722046,1.9550000429153442,1.878000020980835,59139007.0,,1.944000005722046,,,,
159994,通信ETF银华,2026-01-13,1.930999994277954,1.8830000162124634,1.9500000476837158,1.8769999742507935,161820909.0,,1.8830000162124634,,,,
159994,通信ETF银华,2026-01-14,1.8849999904632568,1.902999997138977,1.9240000247955322,1.878000020980835,104903475.0,,1.902999997138977,,,,
159994,通信ETF银华,2026-01-15,1.8819999694824219,1.9320000410079956,1.934999942779541,1.8680000305175781,109419949.0,,1.9320000410079956,,,,
159994,通信ETF银华,2026-01-16,1.9500000476837158,1.9570000171661377,1.9730000495910645,1.9320000410079956,82590774.0,,1.9570000171661377,,,,
159994,通信ETF银华,2026-01-19,1.940000057220459,1.934000015258789,1.9600000381469727,1.9270000457763672,51406811.0,,1.934000015258789,,,,
159994,通信ETF银华,2026-01-20,1.9249999523162842,1.8860000371932983,1.934999942779541,1.8630000352859497,70151204.0,,1.8860000371932983,,,,
159994,通信ETF银华,2026-01-21,1.8600000143051147,1.9079999923706055,1.9229999780654907,1.8600000143051147,49278702.0,,1.9079999923706055,,,,
159994,通信ETF银华,2026-01-22,1.9249999523162842,1.9490000009536743,1.9500000476837158,1.909000039100647,56582300.0,,1.9490000009536743,,,,
159994,通信ETF银华,2026-01-23,1.9459999799728394,1.9270000457763672,1.9479999542236328,1.9129999876022339,49552000.0,,1.9270000457763672,,,,
159994,通信ETF银华,2026-01-26,1.9279999732971191,1.902999997138977,1.9279999732971191,1.8919999599456787,35899700.0,,1.902999997138977,,,,
159994,通信ETF银华,2026-01-27,1.9010000228881836,1.9459999799728394,1.9589999914169312,1.8860000371932983,71000017.0,,1.9459999799728394,,,,
159994,通信ETF银华,2026-01-28,1.965000033378601,1.9539999961853027,1.9900000095367432,1.937000036239624,102556137.0,,1.9539999961853027,,,,
159994,通信ETF银华,2026-01-29,1.9500000476837158,1.9140000343322754,1.9639999866485596,1.909000039100647,81204407.0,,1.9140000343322754,,,,
159994,通信ETF银华,2026-01-30,1.9079999923706055,1.9520000219345093,1.965000033378601,1.875,80953701.0,,1.9520000219345093,,,,
159994,通信ETF银华,2026-02-02,1.9630000591278076,1.8960000276565552,1.9900000095367432,1.8940000534057617,78201008.0,,1.8960000276565552,,,,
159994,通信ETF银华,2026-02-03,1.9479999542236328,1.9429999589920044,1.9600000381469727,1.8830000162124634,56074641.0,,1.9429999589920044,,,,
159994,通信ETF银华,2026-02-04,1.9199999570846558,1.8860000371932983,1.9210000038146973,1.8519999980926514,42625143.0,,1.8860000371932983,,,,
159994,通信ETF银华,2026-02-05,1.8580000400543213,1.8539999723434448,1.8769999742507935,1.840000033378601,25288012.0,,1.8539999723434448,,,,
159994,通信ETF银华,2026-02-06,1.8279999494552612,1.840000033378601,1.8769999742507935,1.809000015258789,32748710.0,,1.840000033378601,,,,
159994,通信ETF银华,2026-02-09,0.9399999976158142,0.9589999914169312,0.9649999737739563,0.9369999766349792,141376400.0,,0.9589999914169312,,,,
159994,通信ETF银华,2026-02-10,0.9610000252723694,0.9610000252723694,0.972000002861023,0.9570000171661377,99461784.0,,0.9610000252723694,,,,
159994,通信ETF银华,2026-02-11,0.9549999833106995,0.9440000057220459,0.9660000205039978,0.9399999976158142,89628484.0,,0.9440000057220459,,,,
159994,通信ETF银华,2026-02-12,0.9440000057220459,0.9589999914169312,0.9599999785423279,0.9399999976158142,47317500.0,,0.9589999914169312,,,,
159994,通信ETF银华,2026-02-13,0.9509999752044678,0.9480000138282776,0.9620000123977661,0.9480000138282776,88126800.0,,0.9480000138282776,,,,
159994,通信ETF银华,2026-02-24,0.9580000042915344,0.9739999771118164,0.9900000095367432,0.9580000042915344,117752200.0,,0.9739999771118164,,,,
159994,通信ETF银华,2026-02-25,0.9769999980926514,0.9819999933242798,0.984000027179718,0.9639999866485596,102599300.0,,0.9819999933242798,,,,
159994,通信ETF银华,2026-02-26,0.9850000143051147,1.0089999437332153,1.0130000114440918,0.9800000190734863,119128874.0,,1.0089999437332153,,,,
159994,通信ETF银华,2026-02-27,0.9860000014305115,0.9909999966621399,0.9909999966621399,0.9769999980926514,112104000.0,,0.9909999966621399,,,,
159994,通信ETF银华,2026-03-02,0.9760000109672546,0.9990000128746033,1.0080000162124634,0.9710000157356262,99214833.0,,0.9990000128746033,,,,
159994,通信ETF银华,2026-03-03,1.0019999742507935,0.9649999737739563,1.0160000324249268,0.9639999866485596,108612608.0,,0.9649999737739563,,,,
159994,通信ETF银华,2026-03-04,0.9449999928474426,0.9589999914169312,0.9760000109672546,0.9440000057220459,68854500.0,,0.9589999914169312,,,,
159994,通信ETF银华,2026-03-05,0.9800000190734863,0.9800000190734863,1.0069999694824219,0.9660000205039978,129918299.0,,0.9800000190734863,,,,
159994,通信ETF银华,2026-03-06,0.9760000109672546,0.9779999852180481,0.9869999885559082,0.9570000171661377,69981100.0,,0.9779999852180481,,,,
159994,通信ETF银华,2026-03-09,0.9549999833106995,0.9539999961853027,0.9599999785423279,0.9129999876022339,145916900.0,,0.9539999961853027,,,,
159994,通信ETF银华,2026-03-10,0.9649999737739563,0.996999979019165,0.9990000128746033,0.9639999866485596,142774884.0,,0.996999979019165,,,,
159994,通信ETF银华,2026-03-11,1.0010000467300415,1.0019999742507935,1.0199999809265137,0.996999979019165,110524454.0,,1.0019999742507935,,,,
159994,通信ETF银华,2026-03-12,0.9940000176429749,0.9909999966621399,1.0190000534057617,0.9760000109672546,120980115.0,,0.9909999966621399,,,,
159994,通信ETF银华,2026-03-13,0.9869999885559082,0.9800000190734863,0.9950000047683716,0.9779999852180481,148613900.0,,0.9800000190734863,,,,
159994,通信ETF银华,2026-03-16,0.9800000190734863,0.9959999918937683,0.9980000257492065,0.9639999866485596,127322008.0,,0.9959999918937683,,,,
159994,通信ETF银华,2026-03-17,1.0,0.9559999704360962,1.003999948501587,0.9539999961853027,104354200.0,,0.9559999704360962,,,,
159994,通信ETF银华,2026-03-18,0.9610000252723694,0.9940000176429749,0.9950000047683716,0.9610000252723694,115278199.0,,0.9940000176429749,,,,
159994,通信ETF银华,2026-03-19,0.9729999899864197,0.9869999885559082,1.0010000467300415,0.972000002861023,125945210.0,,0.9869999885559082,,,,
159994,通信ETF银华,2026-03-20,1.0010000467300415,0.9919999837875366,1.0260000228881836,0.9909999966621399,135138104.0,,0.9919999837875366,,,,
159994,通信ETF银华,2026-03-23,0.9649999737739563,0.9409999847412109,0.9769999980926514,0.9369999766349792,152709900.0,,0.9409999847412109,,,,
159994,通信ETF银华,2026-03-24,0.9599999785423279,0.9559999704360962,0.9599999785423279,0.9210000038146973,88856000.0,,0.9559999704360962,,,,
159994,通信ETF银华,2026-03-25,0.9750000238418579,0.9950000047683716,1.003999948501587,0.9750000238418579,116509100.0,,0.9950000047683716,,,,
159994,通信ETF银华,2026-03-26,0.9829999804496765,0.972000002861023,0.9929999709129333,0.9629999995231628,137106800.0,,0.972000002861023,,,,
159994,通信ETF银华,2026-03-27,0.9390000104904175,0.9589999914169312,0.9729999899864197,0.9350000023841858,102792500.0,,0.9589999914169312,,,,
159994,通信ETF银华,2026-03-30,0.9399999976158142,0.9670000076293945,0.9750000238418579,0.9390000104904175,153282600.0,,0.9670000076293945,,,,
159994,通信ETF银华,2026-03-31,0.9490000009536743,0.9440000057220459,0.9679999947547913,0.9359999895095825,126518000.0,,0.9440000057220459,,,,
159994,通信ETF银华,2026-04-01,0.9679999947547913,0.9739999771118164,0.9750000238418579,0.9539999961853027,131170700.0,,0.9739999771118164,,,,
159994,通信ETF银华,2026-04-02,0.9620000123977661,0.9490000009536743,0.9750000238418579,0.9440000057220459,93946200.0,,0.9490000009536743,,,,
159994,通信ETF银华,2026-04-03,0.9589999914169312,0.9670000076293945,0.9850000143051147,0.9589999914169312,91968500.0,,0.9670000076293945,,,,
159994,通信ETF银华,2026-04-07,0.9670000076293945,0.9679999947547913,0.9810000061988831,0.9559999704360962,92029940.0,,0.9679999947547913,,,,
159994,通信ETF银华,2026-04-08,0.9959999918937683,1.0429999828338623,1.0429999828338623,0.9959999918937683,121921258.0,,1.0429999828338623,,,,
159994,通信ETF银华,2026-04-09,1.031000018119812,1.0549999475479126,1.059000015258789,1.024999976158142,176166500.0,,1.0549999475479126,,,,
159994,通信ETF银华,2026-04-10,1.059000015258789,1.0870000123977661,1.097000002861023,1.0549999475479126,202430505.0,,1.0870000123977661,,,,
159994,通信ETF银华,2026-04-13,1.0700000524520874,1.0920000076293945,1.0959999561309814,1.0700000524520874,123711219.0,,1.0920000076293945,,,,
159994,通信ETF银华,2026-04-14,1.100000023841858,1.1169999837875366,1.1299999952316284,1.0959999561309814,94285523.0,,1.1169999837875366,,,,
159994,通信ETF银华,2026-04-15,1.1269999742507935,1.097000002861023,1.1330000162124634,1.0850000381469727,115409400.0,,1.097000002861023,,,,
159994,通信ETF银华,2026-04-16,1.0920000076293945,1.1299999952316284,1.1299999952316284,1.090000033378601,107692100.0,,1.1299999952316284,,,,
159994,通信ETF银华,2026-04-17,1.1399999856948853,1.1779999732971191,1.1790000200271606,1.1390000581741333,118579020.0,,1.1779999732971191,,,,
159994,通信ETF银华,2026-04-20,1.180999994277954,1.1950000524520874,1.2050000429153442,1.1799999475479126,127453004.0,,1.1950000524520874,,,,
159994,通信ETF银华,2026-04-21,1.1799999475479126,1.2020000219345093,1.2029999494552612,1.1690000295639038,94307018.0,,1.2020000219345093,,,,
159994,通信ETF银华,2026-04-22,1.1950000524520874,1.2640000581741333,1.2649999856948853,1.1890000104904175,118916468.0,,1.2640000581741333,,,,
159994,通信ETF银华,2026-04-23,1.2680000066757202,1.253000020980835,1.281999945640564,1.2339999675750732,206471750.0,,1.253000020980835,,,,
159994,通信ETF银华,2026-04-24,1.2339999675750732,1.2089999914169312,1.246000051498413,1.1859999895095825,195274600.0,,1.2089999914169312,,,,
159994,通信ETF银华,2026-04-27,1.2109999656677246,1.2300000190734863,1.2430000305175781,1.2109999656677246,105420500.0,,1.2300000190734863,,,,
159994,通信ETF银华,2026-04-28,1.222000002861023,1.2059999704360962,1.2269999980926514,1.1979999542236328,81193750.0,,1.2059999704360962,,,,
159994,通信ETF银华,2026-04-29,1.1959999799728394,1.2109999656677246,1.2239999771118164,1.184000015258789,71223100.0,,1.2109999656677246,,,,
159994,通信ETF银华,2026-04-30,1.2200000286102295,1.2100000381469727,1.2269999980926514,1.1920000314712524,79124200.0,,1.2100000381469727,,,,
159994,通信ETF银华,2026-05-06,1.2410000562667847,1.2380000352859497,1.2599999904632568,1.2269999980926514,85934100.0,,1.2380000352859497,,,,
159994,通信ETF银华,2026-05-07,1.2519999742507935,1.2910000085830688,1.2910000085830688,1.2269999980926514,124634500.0,,1.2910000085830688,,,,
159994,通信ETF银华,2026-05-08,1.2730000019073486,1.2949999570846558,1.2979999780654907,1.2630000114440918,94760606.0,,1.2949999570846558,,,,
159994,通信ETF银华,2026-05-11,1.312000036239624,1.3450000286102295,1.347000002861023,1.2949999570846558,119189602.0,,1.3450000286102295,,,,
159994,通信ETF银华,2026-05-12,1.3589999675750732,1.3550000190734863,1.3700000047683716,1.3339999914169312,102693810.0,,1.3550000190734863,,,,
159994,通信ETF银华,2026-05-13,1.3300000429153442,1.4129999876022339,1.4129999876022339,1.3300000429153442,124040053.0,,1.4129999876022339,,,,
159994,通信ETF银华,2026-05-14,1.4279999732971191,1.3839999437332153,1.430999994277954,1.3739999532699585,154845100.0,,1.3839999437332153,,,,
159994,通信ETF银华,2026-05-15,1.3839999437332153,1.3530000448226929,1.3990000486373901,1.3270000219345093,184716900.0,,1.3530000448226929,,,,
159994,通信ETF银华,2026-05-18,1.340000033378601,1.378000020980835,1.3949999809265137,1.3389999866485596,132015223.0,,1.378000020980835,,,,
159994,通信ETF银华,2026-05-19,1.3639999628067017,1.3839999437332153,1.3849999904632568,1.315999984741211,152088235.0,,1.3839999437332153,,,,
159994,通信ETF银华,2026-05-20,1.3660000562667847,1.3910000324249268,1.4049999713897705,1.3660000562667847,143061726.0,,1.3910000324249268,,,,
159994,通信ETF银华,2026-05-21,1.4049999713897705,1.3370000123977661,1.4119999408721924,1.3279999494552612,159712302.0,,1.3370000123977661,,,,
159994,通信ETF银华,2026-05-22,1.3450000286102295,1.4110000133514404,1.4110000133514404,1.3450000286102295,135918314.0,,1.4110000133514404,,,,
159994,通信ETF银华,2026-05-25,1.4270000457763672,1.4730000495910645,1.475000023841858,1.406000018119812,175205579.0,,1.4730000495910645,,,,
159994,通信ETF银华,2026-05-26,1.4589999914169312,1.475000023841858,1.4769999980926514,1.440000057220459,143929514.0,,1.475000023841858,,,,
159994,通信ETF银华,2026-05-27,1.468999981880188,1.4630000591278076,1.5130000114440918,1.4479999542236328,172100600.0,,1.4630000591278076,,,,
159994,通信ETF银华,2026-05-28,1.444000005722046,1.503999948501587,1.5080000162124634,1.4270000457763672,166896400.0,,1.503999948501587,,,,
159994,通信ETF银华,2026-05-29,1.5080000162124634,1.4709999561309814,1.534000039100647,1.4570000171661377,164446689.0,,1.4709999561309814,,,,
159994,通信ETF银华,2026-06-01,1.4600000381469727,1.4160000085830688,1.4869999885559082,1.409999966621399,226101704.0,,1.4160000085830688,,,,
159994,通信ETF银华,2026-06-02,1.406999945640564,1.4930000305175781,1.5010000467300415,1.406999945640564,164728404.0,,1.4930000305175781,,,,
159994,通信ETF银华,2026-06-03,1.5119999647140503,1.5540000200271606,1.5989999771118164,1.5119999647140503,182063400.0,,1.5540000200271606,,,,
159994,通信ETF银华,2026-06-04,1.5149999856948853,1.5679999589920044,1.5800000429153442,1.5149999856948853,201275400.0,,1.5679999589920044,,,,
159994,通信ETF银华,2026-06-05,1.5470000505447388,1.5089999437332153,1.5920000076293945,1.4889999628067017,183425490.0,,1.5089999437332153,,,,
159994,通信ETF银华,2026-06-08,1.4119999408721924,1.4520000219345093,1.496000051498413,1.4119999408721924,297701400.0,,1.4520000219345093,,,,
159994,通信ETF银华,2026-06-09,1.4830000400543213,1.5360000133514404,1.5360000133514404,1.4639999866485596,167425112.0,,1.5360000133514404,,,,
159994,通信ETF银华,2026-06-10,1.5,1.475000023841858,1.5180000066757202,1.4579999446868896,180738400.0,,1.475000023841858,,,,
159994,通信ETF银华,2026-06-11,1.4570000171661377,1.4589999914169312,1.5,1.4199999570846558,173932100.0,,1.4589999914169312,,,,
159994,通信ETF银华,2026-06-12,1.496000051498413,1.4459999799728394,1.503999948501587,1.440999984741211,165019600.0,,1.4459999799728394,,,,
159994,通信ETF银华,2026-06-15,1.4609999656677246,1.5470000505447388,1.5479999780654907,1.4329999685287476,196532177.0,,1.5470000505447388,,,,
159994,通信ETF银华,2026-06-16,1.5509999990463257,1.5829999446868896,1.593999981880188,1.5509999990463257,204761950.0,,1.5829999446868896,,,,
159994,通信ETF银华,2026-06-17,1.5579999685287476,1.628000020980835,1.628000020980835,1.5579999685287476,219138138.0,,1.628000020980835,,,,
159994,通信ETF银华,2026-06-18,1.6160000562667847,1.690999984741211,1.7050000429153442,1.6150000095367432,224147800.0,,1.690999984741211,,,,
159994,通信ETF银华,2026-06-22,1.7100000381469727,1.715999960899353,1.7369999885559082,1.656999945640564,177741502.0,,1.715999960899353,,,,
159994,通信ETF银华,2026-06-23,1.7029999494552612,1.6440000534057617,1.7109999656677246,1.6260000467300415,204417238.0,,1.6440000534057617,,,,
159994,通信ETF银华,2026-06-24,1.6319999694824219,1.6950000524520874,1.6950000524520874,1.625,223336346.0,,1.6950000524520874,,,,
159994,通信ETF银华,2026-06-25,1.7200000286102295,1.7599999904632568,1.7599999904632568,1.690000057220459,254043761.0,,1.7599999904632568,,,,
159994,通信ETF银华,2026-06-26,1.7280000448226929,1.6549999713897705,1.7280000448226929,1.6319999694824219,299875500.0,,1.6549999713897705,,,,
159994,通信ETF银华,2026-06-29,1.649999976158142,1.6369999647140503,1.687000036239624,1.565999984741211,320828424.0,,1.6369999647140503,,,,
159994,通信ETF银华,2026-06-30,1.6349999904632568,1.7079999446868896,1.725000023841858,1.625,254140642.0,,1.7079999446868896,,,,
515260,电子ETF华宝,2026-01-05,0.6620000004768372,0.6819999814033508,0.6819999814033508,0.6620000004768372,45858900.0,,0.6819999814033508,,,,
515260,电子ETF华宝,2026-01-06,0.6819999814033508,0.6930000185966492,0.6980000138282776,0.6800000071525574,42328200.0,,0.6930000185966492,,,,
515260,电子ETF华宝,2026-01-07,0.6980000138282776,0.6940000057220459,0.7009999752044678,0.6859999895095825,27089300.0,,0.6940000057220459,,,,
515260,电子ETF华宝,2026-01-08,0.6919999718666077,0.6940000057220459,0.7059999704360962,0.6890000104904175,36951800.0,,0.6940000057220459,,,,
515260,电子ETF华宝,2026-01-09,0.6890000104904175,0.6980000138282776,0.699999988079071,0.6809999942779541,24202000.0,,0.6980000138282776,,,,
515260,电子ETF华宝,2026-01-12,0.6990000009536743,0.7070000171661377,0.7120000123977661,0.6930000185966492,36688200.0,,0.7070000171661377,,,,
515260,电子ETF华宝,2026-01-13,0.7059999704360962,0.6840000152587891,0.7099999785423279,0.6819999814033508,31279700.0,,0.6840000152587891,,,,
515260,电子ETF华宝,2026-01-14,0.6850000023841858,0.6919999718666077,0.7049999833106995,0.6850000023841858,36167485.0,,0.6919999718666077,,,,
515260,电子ETF华宝,2026-01-15,0.6930000185966492,0.7049999833106995,0.7059999704360962,0.6850000023841858,27439700.0,,0.7049999833106995,,,,
515260,电子ETF华宝,2026-01-16,0.7120000123977661,0.7239999771118164,0.7250000238418579,0.7049999833106995,34663700.0,,0.7239999771118164,,,,
515260,电子ETF华宝,2026-01-19,0.7170000076293945,0.7160000205039978,0.722000002861023,0.7099999785423279,31907900.0,,0.7160000205039978,,,,
515260,电子ETF华宝,2026-01-20,0.7120000123977661,0.703000009059906,0.7179999947547913,0.6959999799728394,32462900.0,,0.703000009059906,,,,
515260,电子ETF华宝,2026-01-21,0.6959999799728394,0.7250000238418579,0.7289999723434448,0.6959999799728394,46172300.0,,0.7250000238418579,,,,
515260,电子ETF华宝,2026-01-22,0.734000027179718,0.7250000238418579,0.7459999918937683,0.7179999947547913,30937700.0,,0.7250000238418579,,,,
515260,电子ETF华宝,2026-01-23,0.7170000076293945,0.722000002861023,0.7229999899864197,0.7099999785423279,35470000.0,,0.722000002861023,,,,
515260,电子ETF华宝,2026-01-26,0.7200000286102295,0.7099999785423279,0.7239999771118164,0.7049999833106995,27310200.0,,0.7099999785423279,,,,
515260,电子ETF华宝,2026-01-27,0.7049999833106995,0.7160000205039978,0.718999981880188,0.6940000057220459,24487300.0,,0.7160000205039978,,,,
515260,电子ETF华宝,2026-01-28,0.718999981880188,0.7179999947547913,0.7279999852180481,0.7110000252723694,23439900.0,,0.7179999947547913,,,,
515260,电子ETF华宝,2026-01-29,0.7170000076293945,0.6959999799728394,0.7170000076293945,0.6930000185966492,35349052.0,,0.6959999799728394,,,,
515260,电子ETF华宝,2026-01-30,0.6899999976158142,0.6980000138282776,0.703000009059906,0.6769999861717224,30084000.0,,0.6980000138282776,,,,
515260,电子ETF华宝,2026-02-02,0.6880000233650208,0.6740000247955322,0.6980000138282776,0.6740000247955322,17171900.0,,0.6740000247955322,,,,
515260,电子ETF华宝,2026-02-03,0.6809999942779541,0.6819999814033508,0.6869999766349792,0.6650000214576721,30477100.0,,0.6819999814033508,,,,
515260,电子ETF华宝,2026-02-04,0.6740000247955322,0.6679999828338623,0.6779999732971191,0.6610000133514404,36383200.0,,0.6679999828338623,,,,
515260,电子ETF华宝,2026-02-05,0.6579999923706055,0.6610000133514404,0.6650000214576721,0.652999997138977,17048900.0,,0.6610000133514404,,,,
515260,电子ETF华宝,2026-02-06,0.656000018119812,0.6610000133514404,0.6690000295639038,0.6499999761581421,25074500.0,,0.6610000133514404,,,,
515260,电子ETF华宝,2026-02-09,0.6710000038146973,0.6790000200271606,0.6800000071525574,0.6679999828338623,32833500.0,,0.6790000200271606,,,,
515260,电子ETF华宝,2026-02-10,0.6790000200271606,0.6850000023841858,0.6909999847412109,0.6790000200271606,16912600.0,,0.6850000023841858,,,,
515260,电子ETF华宝,2026-02-11,0.6809999942779541,0.6759999990463257,0.6859999895095825,0.6740000247955322,13120300.0,,0.6759999990463257,,,,
515260,电子ETF华宝,2026-02-12,0.6759999990463257,0.6830000281333923,0.6830000281333923,0.671999990940094,17329100.0,,0.6830000281333923,,,,
515260,电子ETF华宝,2026-02-13,0.6800000071525574,0.6809999942779541,0.6880000233650208,0.6769999861717224,12837900.0,,0.6809999942779541,,,,
515260,电子ETF华宝,2026-02-24,0.6880000233650208,0.6899999976158142,0.6949999928474426,0.6809999942779541,18802000.0,,0.6899999976158142,,,,
515260,电子ETF华宝,2026-02-25,0.6899999976158142,0.6980000138282776,0.6990000009536743,0.6840000152587891,131163500.0,,0.6980000138282776,,,,
515260,电子ETF华宝,2026-02-26,0.6970000267028809,0.7129999995231628,0.7149999737739563,0.6930000185966492,106324700.0,,0.7129999995231628,,,,
515260,电子ETF华宝,2026-02-27,0.699999988079071,0.7039999961853027,0.7049999833106995,0.6919999718666077,56806500.0,,0.7039999961853027,,,,
515260,电子ETF华宝,2026-03-02,0.6869999766349792,0.6970000267028809,0.703000009059906,0.6869999766349792,132724200.0,,0.6970000267028809,,,,
515260,电子ETF华宝,2026-03-03,0.699999988079071,0.6639999747276306,0.7009999752044678,0.6629999876022339,71513400.0,,0.6639999747276306,,,,
515260,电子ETF华宝,2026-03-04,0.652999997138977,0.6610000133514404,0.6729999780654907,0.6510000228881836,38091300.0,,0.6610000133514404,,,,
515260,电子ETF华宝,2026-03-05,0.6759999990463257,0.6729999780654907,0.6859999895095825,0.6690000295639038,30380500.0,,0.6729999780654907,,,,
515260,电子ETF华宝,2026-03-06,0.6679999828338623,0.6729999780654907,0.6779999732971191,0.6650000214576721,26035900.0,,0.6729999780654907,,,,
515260,电子ETF华宝,2026-03-09,0.6589999794960022,0.6629999876022339,0.6629999876022339,0.6380000114440918,145475800.0,,0.6629999876022339,,,,
515260,电子ETF华宝,2026-03-10,0.6729999780654907,0.6809999942779541,0.6819999814033508,0.6700000166893005,28301700.0,,0.6809999942779541,,,,
515260,电子ETF华宝,2026-03-11,0.6819999814033508,0.6790000200271606,0.6869999766349792,0.6759999990463257,128034800.0,,0.6790000200271606,,,,
515260,电子ETF华宝,2026-03-12,0.6769999861717224,0.671999990940094,0.6869999766349792,0.6639999747276306,68618100.0,,0.671999990940094,,,,
515260,电子ETF华宝,2026-03-13,0.6650000214576721,0.6679999828338623,0.6759999990463257,0.6639999747276306,43295400.0,,0.6679999828338623,,,,
515260,电子ETF华宝,2026-03-16,0.6650000214576721,0.6759999990463257,0.6759999990463257,0.6539999842643738,35449000.0,,0.6759999990463257,,,,
515260,电子ETF华宝,2026-03-17,0.6769999861717224,0.6589999794960022,0.6800000071525574,0.6579999923706055,53296300.0,,0.6589999794960022,,,,
515260,电子ETF华宝,2026-03-18,0.6629999876022339,0.6710000038146973,0.6729999780654907,0.6579999923706055,42759000.0,,0.6710000038146973,,,,
515260,电子ETF华宝,2026-03-19,0.6549999713897705,0.656000018119812,0.6639999747276306,0.6520000100135803,24712500.0,,0.656000018119812,,,,
515260,电子ETF华宝,2026-03-20,0.6579999923706055,0.6520000100135803,0.6660000085830688,0.6489999890327454,153146300.0,,0.6520000100135803,,,,
515260,电子ETF华宝,2026-03-23,0.6290000081062317,0.6179999709129333,0.6439999938011169,0.6119999885559082,58439300.0,,0.6179999709129333,,,,
515260,电子ETF华宝,2026-03-24,0.621999979019165,0.625,0.6269999742507935,0.6060000061988831,51284700.0,,0.625,,,,
515260,电子ETF华宝,2026-03-25,0.6309999823570251,0.6430000066757202,0.6510000228881836,0.6299999952316284,166903500.0,,0.6430000066757202,,,,
515260,电子ETF华宝,2026-03-26,0.6380000114440918,0.6269999742507935,0.640999972820282,0.625,94881100.0,,0.6269999742507935,,,,
515260,电子ETF华宝,2026-03-27,0.6129999756813049,0.6290000081062317,0.6340000033378601,0.6129999756813049,17938900.0,,0.6290000081062317,,,,
515260,电子ETF华宝,2026-03-30,0.6169999837875366,0.6240000128746033,0.6259999871253967,0.6119999885559082,22321100.0,,0.6240000128746033,,,,
515260,电子ETF华宝,2026-03-31,0.6190000176429749,0.6119999885559082,0.6290000081062317,0.6100000143051147,25805100.0,,0.6119999885559082,,,,
515260,电子ETF华宝,2026-04-01,0.625,0.6290000081062317,0.6309999823570251,0.6230000257492065,20694400.0,,0.6290000081062317,,,,
515260,电子ETF华宝,2026-04-02,0.628000020980835,0.6129999756813049,0.6299999952316284,0.609000027179718,17583600.0,,0.6129999756813049,,,,
515260,电子ETF华宝,2026-04-03,0.6150000095367432,0.6140000224113464,0.6209999918937683,0.6119999885559082,16043700.0,,0.6140000224113464,,,,
515260,电子ETF华宝,2026-04-07,0.6150000095367432,0.621999979019165,0.6259999871253967,0.6150000095367432,16229700.0,,0.621999979019165,,,,
515260,电子ETF华宝,2026-04-08,0.6370000243186951,0.6600000262260437,0.6600000262260437,0.6359999775886536,29961100.0,,0.6600000262260437,,,,
515260,电子ETF华宝,2026-04-09,0.6480000019073486,0.6620000004768372,0.6679999828338623,0.6480000019073486,27697400.0,,0.6620000004768372,,,,
515260,电子ETF华宝,2026-04-10,0.6700000166893005,0.6819999814033508,0.6859999895095825,0.6690000295639038,36443400.0,,0.6819999814033508,,,,
515260,电子ETF华宝,2026-04-13,0.675000011920929,0.6890000104904175,0.6959999799728394,0.6710000038146973,35890600.0,,0.6890000104904175,,,,
515260,电子ETF华宝,2026-04-14,0.6980000138282776,0.703000009059906,0.7059999704360962,0.6919999718666077,51115200.0,,0.703000009059906,,,,
515260,电子ETF华宝,2026-04-15,0.7070000171661377,0.6970000267028809,0.7099999785423279,0.6919999718666077,39651700.0,,0.6970000267028809,,,,
515260,电子ETF华宝,2026-04-16,0.6949999928474426,0.7039999961853027,0.7049999833106995,0.6909999847412109,32793500.0,,0.7039999961853027,,,,
515260,电子ETF华宝,2026-04-17,0.7020000219345093,0.7139999866485596,0.7179999947547913,0.699999988079071,34959100.0,,0.7139999866485596,,,,
515260,电子ETF华宝,2026-04-20,0.7139999866485596,0.7310000061988831,0.7329999804496765,0.7139999866485596,38175300.0,,0.7310000061988831,,,,
515260,电子ETF华宝,2026-04-21,0.7260000109672546,0.7279999852180481,0.7319999933242798,0.7129999995231628,40249500.0,,0.7279999852180481,,,,
515260,电子ETF华宝,2026-04-22,0.7289999723434448,0.753000020980835,0.753000020980835,0.7269999980926514,45159500.0,,0.753000020980835,,,,
515260,电子ETF华宝,2026-04-23,0.7540000081062317,0.7459999918937683,0.7639999985694885,0.7369999885559082,47581241.0,,0.7459999918937683,,,,
515260,电子ETF华宝,2026-04-24,0.7450000047683716,0.7480000257492065,0.7590000033378601,0.7360000014305115,33611300.0,,0.7480000257492065,,,,
515260,电子ETF华宝,2026-04-27,0.7570000290870667,0.7789999842643738,0.7799999713897705,0.7570000290870667,43626700.0,,0.7789999842643738,,,,
515260,电子ETF华宝,2026-04-28,0.7789999842643738,0.7689999938011169,0.7820000052452087,0.7599999904632568,38737000.0,,0.7689999938011169,,,,
515260,电子ETF华宝,2026-04-29,0.7570000290870667,0.7670000195503235,0.7680000066757202,0.7450000047683716,32002100.0,,0.7670000195503235,,,,
515260,电子ETF华宝,2026-04-30,0.7699999809265137,0.7900000214576721,0.7929999828338623,0.7680000066757202,51244452.0,,0.7900000214576721,,,,
515260,电子ETF华宝,2026-05-06,0.7979999780654907,0.8220000267028809,0.8399999737739563,0.7979999780654907,42664700.0,,0.8220000267028809,,,,
515260,电子ETF华宝,2026-05-07,0.8259999752044678,0.8370000123977661,0.8399999737739563,0.8130000233650208,38288500.0,,0.8370000123977661,,,,
515260,电子ETF华宝,2026-05-08,0.8259999752044678,0.8270000219345093,0.8289999961853027,0.8180000185966492,40212800.0,,0.8270000219345093,,,,
515260,电子ETF华宝,2026-05-11,0.8389999866485596,0.8690000176429749,0.871999979019165,0.8389999866485596,51631900.0,,0.8690000176429749,,,,
515260,电子ETF华宝,2026-05-12,0.8709999918937683,0.8659999966621399,0.875,0.8529999852180481,60999700.0,,0.8659999966621399,,,,
515260,电子ETF华宝,2026-05-13,0.843999981880188,0.8960000276565552,0.8980000019073486,0.843999981880188,53361900.0,,0.8960000276565552,,,,
515260,电子ETF华宝,2026-05-14,0.8999999761581421,0.875,0.906000018119812,0.8640000224113464,53308700.0,,0.875,,,,
515260,电子ETF华宝,2026-05-15,0.8659999966621399,0.8600000143051147,0.8920000195503235,0.8379999995231628,70197000.0,,0.8600000143051147,,,,
515260,电子ETF华宝,2026-05-18,0.8560000061988831,0.8740000128746033,0.8840000033378601,0.8450000286102295,59841600.0,,0.8740000128746033,,,,
515260,电子ETF华宝,2026-05-19,0.8659999966621399,0.8960000276565552,0.8970000147819519,0.8460000157356262,49242541.0,,0.8960000276565552,,,,
515260,电子ETF华宝,2026-05-20,0.8899999856948853,0.9169999957084656,0.9179999828338623,0.8799999952316284,68689641.0,,0.9169999957084656,,,,
515260,电子ETF华宝,2026-05-21,0.9269999861717224,0.8949999809265137,0.949999988079071,0.8899999856948853,55864800.0,,0.8949999809265137,,,,
515260,电子ETF华宝,2026-05-22,0.8970000147819519,0.9340000152587891,0.9350000023841858,0.8970000147819519,82446600.0,,0.9340000152587891,,,,
515260,电子ETF华宝,2026-05-25,0.9629999995231628,0.984000027179718,0.984000027179718,0.9350000023841858,144864400.0,,0.984000027179718,,,,
515260,电子ETF华宝,2026-05-26,0.9800000190734863,0.9879999756813049,0.9890000224113464,0.9539999961853027,122896800.0,,0.9879999756813049,,,,
515260,电子ETF华宝,2026-05-27,0.9850000143051147,0.9589999914169312,1.0019999742507935,0.9539999961853027,201263099.0,,0.9589999914169312,,,,
515260,电子ETF华宝,2026-05-28,0.9380000233650208,0.9710000157356262,0.9760000109672546,0.9380000233650208,92303400.0,,0.9710000157356262,,,,
515260,电子ETF华宝,2026-05-29,0.9739999771118164,0.9330000281333923,0.9850000143051147,0.9210000038146973,95726300.0,,0.9330000281333923,,,,
515260,电子ETF华宝,2026-06-01,0.9300000071525574,0.890999972820282,0.9390000104904175,0.8899999856948853,71392200.0,,0.890999972820282,,,,
515260,电子ETF华宝,2026-06-02,0.8880000114440918,0.9190000295639038,0.9290000200271606,0.8799999952316284,103205300.0,,0.9190000295639038,,,,
515260,电子ETF华宝,2026-06-03,0.925000011920929,0.9419999718666077,0.9700000286102295,0.9229999780654907,86164700.0,,0.9419999718666077,,,,
515260,电子ETF华宝,2026-06-04,0.925000011920929,0.9649999737739563,0.9710000157356262,0.925000011920929,73855600.0,,0.9649999737739563,,,,
515260,电子ETF华宝,2026-06-05,0.9449999928474426,0.9240000247955322,0.9559999704360962,0.9120000004768372,91229900.0,,0.9240000247955322,,,,
515260,电子ETF华宝,2026-06-08,0.8640000224113464,0.8830000162124634,0.906000018119812,0.8640000224113464,89326700.0,,0.8830000162124634,,,,
515260,电子ETF华宝,2026-06-09,0.8989999890327454,0.9300000071525574,0.9300000071525574,0.8880000114440918,61332400.0,,0.9300000071525574,,,,
515260,电子ETF华宝,2026-06-10,0.9160000085830688,0.902999997138977,0.9359999895095825,0.8889999985694885,64217900.0,,0.902999997138977,,,,
515260,电子ETF华宝,2026-06-11,0.8920000195503235,0.8989999890327454,0.9129999876022339,0.8830000162124634,43175500.0,,0.8989999890327454,,,,
515260,电子ETF华宝,2026-06-12,0.925000011920929,0.8939999938011169,0.9340000152587891,0.8930000066757202,136625100.0,,0.8939999938011169,,,,
515260,电子ETF华宝,2026-06-15,0.9150000214576721,0.9580000042915344,0.9589999914169312,0.8930000066757202,129724800.0,,0.9580000042915344,,,,
515260,电子ETF华宝,2026-06-16,0.9580000042915344,0.9660000205039978,0.9710000157356262,0.9490000009536743,95578600.0,,0.9660000205039978,,,,
515260,电子ETF华宝,2026-06-17,0.9520000219345093,1.0089999437332153,1.0099999904632568,0.9509999752044678,83421600.0,,1.0089999437332153,,,,
515260,电子ETF华宝,2026-06-18,1.0110000371932983,1.0460000038146973,1.059999942779541,1.00600004196167,110820900.0,,1.0460000038146973,,,,
515260,电子ETF华宝,2026-06-22,1.0540000200271606,1.062000036239624,1.090000033378601,1.024999976158142,132051500.0,,1.062000036239624,,,,
515260,电子ETF华宝,2026-06-23,1.059999942779541,1.027999997138977,1.062000036239624,1.0130000114440918,91994400.0,,1.027999997138977,,,,
515260,电子ETF华宝,2026-06-24,1.0110000371932983,1.0750000476837158,1.0770000219345093,1.0110000371932983,118724700.0,,1.0750000476837158,,,,
515260,电子ETF华宝,2026-06-25,1.0880000591278076,1.125,1.128000020980835,1.0850000381469727,116709100.0,,1.125,,,,
515260,电子ETF华宝,2026-06-26,1.1039999723434448,1.0920000076293945,1.121000051498413,1.0679999589920044,145378200.0,,1.0920000076293945,,,,
515260,电子ETF华宝,2026-06-29,1.093999981880188,1.1160000562667847,1.13100004196167,1.059000015258789,121646100.0,,1.1160000562667847,,,,
515260,电子ETF华宝,2026-06-30,1.1160000562667847,1.1619999408721924,1.1649999618530273,1.1069999933242798,122438300.0,,1.1619999408721924,,,,
561980,半导体设备ETF招商,2026-01-05,2.069999933242798,2.1530001163482666,2.1549999713897705,2.061000108718872,135594817.0,,2.1530001163482666,,,,
561980,半导体设备ETF招商,2026-01-06,2.1659998893737793,2.2190001010894775,2.2720000743865967,2.1480000019073486,156254171.0,,2.2190001010894775,,,,
561980,半导体设备ETF招商,2026-01-07,2.26200008392334,2.3540000915527344,2.359999895095825,2.260999917984009,158454231.0,,2.3540000915527344,,,,
561980,半导体设备ETF招商,2026-01-08,2.3399999141693115,2.3480000495910645,2.3949999809265137,2.3010001182556152,142370750.0,,2.3480000495910645,,,,
561980,半导体设备ETF招商,2026-01-09,2.299999952316284,2.3499999046325684,2.3510000705718994,2.2960000038146973,151386563.0,,2.3499999046325684,,,,
561980,半导体设备ETF招商,2026-01-12,2.3450000286102295,2.38100004196167,2.4070000648498535,2.3450000286102295,155257067.0,,2.38100004196167,,,,
561980,半导体设备ETF招商,2026-01-13,2.372999906539917,2.2990000247955322,2.3970000743865967,2.2829999923706055,142830611.0,,2.2990000247955322,,,,
561980,半导体设备ETF招商,2026-01-14,2.2909998893737793,2.3540000915527344,2.4040000438690186,2.2909998893737793,148888800.0,,2.3540000915527344,,,,
561980,半导体设备ETF招商,2026-01-15,2.3420000076293945,2.4509999752044678,2.4690001010894775,2.2980000972747803,163211900.0,,2.4509999752044678,,,,
561980,半导体设备ETF招商,2026-01-16,2.499000072479248,2.5199999809265137,2.5320000648498535,2.4630000591278076,209662527.0,,2.5199999809265137,,,,
561980,半导体设备ETF招商,2026-01-19,2.5309998989105225,2.496000051498413,2.5329999923706055,2.4779999256134033,129435094.0,,2.496000051498413,,,,
561980,半导体设备ETF招商,2026-01-20,2.490000009536743,2.4609999656677246,2.5169999599456787,2.440000057220459,154256824.0,,2.4609999656677246,,,,
561980,半导体设备ETF招商,2026-01-21,2.427000045776367,2.492000102996826,2.5380001068115234,2.427000045776367,128160342.0,,2.492000102996826,,,,
561980,半导体设备ETF招商,2026-01-22,2.5280001163482666,2.446000099182129,2.5299999713897705,2.4260001182556152,137985065.0,,2.446000099182129,,,,
561980,半导体设备ETF招商,2026-01-23,2.430999994277954,2.4739999771118164,2.4760000705718994,2.3910000324249268,143542975.0,,2.4739999771118164,,,,
561980,半导体设备ETF招商,2026-01-26,2.4549999237060547,2.388000011444092,2.4560000896453857,2.374000072479248,164425191.0,,2.388000011444092,,,,
561980,半导体设备ETF招商,2026-01-27,2.368000030517578,2.427000045776367,2.447999954223633,2.368000030517578,133108975.0,,2.427000045776367,,,,
561980,半导体设备ETF招商,2026-01-28,2.437000036239624,2.450000047683716,2.4700000286102295,2.4079999923706055,117549413.0,,2.450000047683716,,,,
561980,半导体设备ETF招商,2026-01-29,2.440000057220459,2.3610000610351562,2.440000057220459,2.3469998836517334,170784500.0,,2.3610000610351562,,,,
561980,半导体设备ETF招商,2026-01-30,2.319999933242798,2.3459999561309814,2.378000020980835,2.2869999408721924,99577000.0,,2.3459999561309814,,,,
561980,半导体设备ETF招商,2026-02-02,2.319000005722046,2.244999885559082,2.328000068664551,2.240000009536743,121777538.0,,2.244999885559082,,,,
561980,半导体设备ETF招商,2026-02-03,2.2730000019073486,2.2869999408721924,2.299999952316284,2.2309999465942383,122988947.0,,2.2869999408721924,,,,
561980,半导体设备ETF招商,2026-02-04,2.253000020980835,2.2639999389648438,2.2909998893737793,2.23799991607666,72017000.0,,2.2639999389648438,,,,
561980,半导体设备ETF招商,2026-02-05,2.2249999046325684,2.260999917984009,2.2780001163482666,2.191999912261963,73337500.0,,2.260999917984009,,,,
561980,半导体设备ETF招商,2026-02-06,2.2249999046325684,2.247999906539917,2.2799999713897705,2.2209999561309814,58742200.0,,2.247999906539917,,,,
561980,半导体设备ETF招商,2026-02-09,2.2909998893737793,2.303999900817871,2.309999942779541,2.2730000019073486,68418700.0,,2.303999900817871,,,,
561980,半导体设备ETF招商,2026-02-10,2.305000066757202,2.305999994277954,2.3359999656677246,2.2909998893737793,57190200.0,,2.305999994277954,,,,
561980,半导体设备ETF招商,2026-02-11,2.2899999618530273,2.2820000648498535,2.302000045776367,2.2720000743865967,39738202.0,,2.2820000648498535,,,,
561980,半导体设备ETF招商,2026-02-12,2.2820000648498535,2.2960000038146973,2.306999921798706,2.265000104904175,54418000.0,,2.2960000038146973,,,,
561980,半导体设备ETF招商,2026-02-13,2.2880001068115234,2.316999912261963,2.3480000495910645,2.2780001163482666,79629100.0,,2.316999912261963,,,,
561980,半导体设备ETF招商,2026-02-24,2.3399999141693115,2.315999984741211,2.3399999141693115,2.2690000534057617,59907100.0,,2.315999984741211,,,,
561980,半导体设备ETF招商,2026-02-25,2.315999984741211,2.3989999294281006,2.4179999828338623,2.2909998893737793,118507107.0,,2.3989999294281006,,,,
561980,半导体设备ETF招商,2026-02-26,2.4000000953674316,2.431999921798706,2.453000068664551,2.3469998836517334,118190351.0,,2.431999921798706,,,,
561980,半导体设备ETF招商,2026-02-27,2.390000104904175,2.390000104904175,2.3959999084472656,2.3529999256134033,110523900.0,,2.390000104904175,,,,
561980,半导体设备ETF招商,2026-03-02,2.3289999961853027,2.3480000495910645,2.3989999294281006,2.3239998817443848,81565400.0,,2.3480000495910645,,,,
561980,半导体设备ETF招商,2026-03-03,2.3450000286102295,2.2300000190734863,2.36899995803833,2.2230000495910645,105719500.0,,2.2300000190734863,,,,
561980,半导体设备ETF招商,2026-03-04,2.174999952316284,2.2130000591278076,2.253999948501587,2.174999952316284,68882600.0,,2.2130000591278076,,,,
561980,半导体设备ETF招商,2026-03-05,2.2669999599456787,2.257999897003174,2.2960000038146973,2.23799991607666,77321600.0,,2.257999897003174,,,,
561980,半导体设备ETF招商,2026-03-06,2.234999895095825,2.236999988555908,2.2699999809265137,2.2279999256134033,69099200.0,,2.236999988555908,,,,
561980,半导体设备ETF招商,2026-03-09,2.1700000762939453,2.174999952316284,2.184000015258789,2.1070001125335693,119668600.0,,2.174999952316284,,,,
561980,半导体设备ETF招商,2026-03-10,2.2119998931884766,2.2249999046325684,2.24399995803833,2.194000005722046,69642800.0,,2.2249999046325684,,,,
561980,半导体设备ETF招商,2026-03-11,2.2249999046325684,2.197000026702881,2.2300000190734863,2.187999963760376,55808218.0,,2.197000026702881,,,,
561980,半导体设备ETF招商,2026-03-12,2.194999933242798,2.1640000343322754,2.2160000801086426,2.1419999599456787,72994318.0,,2.1640000343322754,,,,
561980,半导体设备ETF招商,2026-03-13,2.131999969482422,2.1459999084472656,2.180999994277954,2.131999969482422,51638300.0,,2.1459999084472656,,,,
561980,半导体设备ETF招商,2026-03-16,2.132999897003174,2.1659998893737793,2.1689999103546143,2.0850000381469727,90736000.0,,2.1659998893737793,,,,
561980,半导体设备ETF招商,2026-03-17,2.1700000762939453,2.1110000610351562,2.181999921798706,2.1089999675750732,62835700.0,,2.1110000610351562,,,,
561980,半导体设备ETF招商,2026-03-18,2.117000102996826,2.1540000438690186,2.1579999923706055,2.11299991607666,74183300.0,,2.1540000438690186,,,,
561980,半导体设备ETF招商,2026-03-19,2.117000102996826,2.1110000610351562,2.130000114440918,2.0969998836517334,69793300.0,,2.1110000610351562,,,,
561980,半导体设备ETF招商,2026-03-20,2.11299991607666,2.0940001010894775,2.1410000324249268,2.0929999351501465,60770600.0,,2.0940001010894775,,,,
561980,半导体设备ETF招商,2026-03-23,2.0339999198913574,2.0,2.072999954223633,1.9859999418258667,77766200.0,,2.0,,,,
561980,半导体设备ETF招商,2026-03-24,2.0220000743865967,2.0409998893737793,2.0439999103546143,1.9859999418258667,87725000.0,,2.0409998893737793,,,,
561980,半导体设备ETF招商,2026-03-25,2.061000108718872,2.0940001010894775,2.119999885559082,2.061000108718872,85940400.0,,2.0940001010894775,,,,
561980,半导体设备ETF招商,2026-03-26,2.0850000381469727,2.0510001182556152,2.0920000076293945,2.0460000038146973,49546900.0,,2.0510001182556152,,,,
561980,半导体设备ETF招商,2026-03-27,2.006999969482422,2.0869998931884766,2.1050000190734863,2.006999969482422,62417600.0,,2.0869998931884766,,,,
561980,半导体设备ETF招商,2026-03-30,2.0420000553131104,2.130000114440918,2.1410000324249268,2.0420000553131104,69824089.0,,2.130000114440918,,,,
561980,半导体设备ETF招商,2026-03-31,2.118000030517578,2.052000045776367,2.127000093460083,2.049999952316284,72677600.0,,2.052000045776367,,,,
561980,半导体设备ETF招商,2026-04-01,2.1050000190734863,2.0999999046325684,2.124000072479248,2.0910000801086426,64147600.0,,2.0999999046325684,,,,
561980,半导体设备ETF招商,2026-04-02,2.0920000076293945,2.0269999504089355,2.0920000076293945,2.006999969482422,81676000.0,,2.0269999504089355,,,,
561980,半导体设备ETF招商,2026-04-03,2.0299999713897705,2.0190000534057617,2.0439999103546143,2.010999917984009,44387100.0,,2.0190000534057617,,,,
561980,半导体设备ETF招商,2026-04-07,2.0209999084472656,2.0399999618530273,2.059000015258789,2.0209999084472656,51308600.0,,2.0399999618530273,,,,
561980,半导体设备ETF招商,2026-04-08,2.1070001125335693,2.194000005722046,2.194999933242798,2.0999999046325684,127435360.0,,2.194000005722046,,,,
561980,半导体设备ETF招商,2026-04-09,2.1619999408721924,2.2109999656677246,2.244999885559082,2.1570000648498535,96452078.0,,2.2109999656677246,,,,
561980,半导体设备ETF招商,2026-04-10,2.240000009536743,2.2330000400543213,2.2699999809265137,2.2309999465942383,94880700.0,,2.2330000400543213,,,,
561980,半导体设备ETF招商,2026-04-13,2.2130000591278076,2.2200000286102295,2.256999969482422,2.2100000381469727,66872660.0,,2.2200000286102295,,,,
561980,半导体设备ETF招商,2026-04-14,2.242000102996826,2.2799999713897705,2.3010001182556152,2.242000102996826,97098900.0,,2.2799999713897705,,,,
561980,半导体设备ETF招商,2026-04-15,2.2990000247955322,2.263000011444092,2.3269999027252197,2.250999927520752,84789200.0,,2.263000011444092,,,,
561980,半导体设备ETF招商,2026-04-16,2.263000011444092,2.2909998893737793,2.2920000553131104,2.250999927520752,65945700.0,,2.2909998893737793,,,,
561980,半导体设备ETF招商,2026-04-17,2.2850000858306885,2.2909998893737793,2.313999891281128,2.259999990463257,62692881.0,,2.2909998893737793,,,,
561980,半导体设备ETF招商,2026-04-20,2.2760000228881836,2.312999963760376,2.322999954223633,2.257999897003174,79426154.0,,2.312999963760376,,,,
561980,半导体设备ETF招商,2026-04-21,2.302999973297119,2.2690000534057617,2.305999994277954,2.25,77173440.0,,2.2690000534057617,,,,
561980,半导体设备ETF招商,2026-04-22,2.265000104904175,2.3320000171661377,2.3329999446868896,2.253999948501587,110504700.0,,2.3320000171661377,,,,
561980,半导体设备ETF招商,2026-04-23,2.3359999656677246,2.309999942779541,2.3550000190734863,2.2829999923706055,74597800.0,,2.309999942779541,,,,
561980,半导体设备ETF招商,2026-04-24,2.305000066757202,2.3540000915527344,2.384999990463257,2.2990000247955322,104604030.0,,2.3540000915527344,,,,
561980,半导体设备ETF招商,2026-04-27,2.381999969482422,2.499000072479248,2.5169999599456787,2.375,165287900.0,,2.499000072479248,,,,
561980,半导体设备ETF招商,2026-04-28,2.4719998836517334,2.494999885559082,2.569000005722046,2.4560000896453857,125503751.0,,2.494999885559082,,,,
561980,半导体设备ETF招商,2026-04-29,2.4539999961853027,2.486999988555908,2.48799991607666,2.4059998989105225,86056128.0,,2.486999988555908,,,,
561980,半导体设备ETF招商,2026-04-30,2.492000102996826,2.6080000400543213,2.628000020980835,2.4860000610351562,120833910.0,,2.6080000400543213,,,,
561980,半导体设备ETF招商,2026-05-06,2.7119998931884766,2.696000099182129,2.8469998836517334,2.690999984741211,135115235.0,,2.696000099182129,,,,
561980,半导体设备ETF招商,2026-05-07,2.7090001106262207,2.75,2.756999969482422,2.684999942779541,98481870.0,,2.75,,,,
561980,半导体设备ETF招商,2026-05-08,2.694000005722046,2.6679999828338623,2.7239999771118164,2.6429998874664307,116654270.0,,2.6679999828338623,,,,
561980,半导体设备ETF招商,2026-05-11,2.7209999561309814,2.8350000381469727,2.859999895095825,2.7049999237060547,131650046.0,,2.8350000381469727,,,,
561980,半导体设备ETF招商,2026-05-12,2.8340001106262207,2.890000104904175,2.9149999618530273,2.7860000133514404,94227400.0,,2.890000104904175,,,,
561980,半导体设备ETF招商,2026-05-13,2.812000036239624,2.986999988555908,2.997999906539917,2.8010001182556152,96369037.0,,2.986999988555908,,,,
561980,半导体设备ETF招商,2026-05-14,2.9860000610351562,2.8910000324249268,3.005000114440918,2.872999906539917,102340637.0,,2.8910000324249268,,,,
561980,半导体设备ETF招商,2026-05-15,2.8889999389648438,2.992000102996826,3.130000114440918,2.802000045776367,145562858.0,,2.992000102996826,,,,
561980,半导体设备ETF招商,2026-05-18,3.0,3.003000020980835,3.0969998836517334,2.9690001010894775,132388434.0,,3.003000020980835,,,,
561980,半导体设备ETF招商,2026-05-19,2.9609999656677246,3.184999942779541,3.197999954223633,2.934000015258789,176962800.0,,3.184999942779541,,,,
561980,半导体设备ETF招商,2026-05-20,3.1630001068115234,3.3580000400543213,3.369999885559082,3.1500000953674316,151009200.0,,3.3580000400543213,,,,
561980,半导体设备ETF招商,2026-05-21,3.4010000228881836,3.1989998817443848,3.5160000324249268,3.194000005722046,196123060.0,,3.1989998817443848,,,,
561980,半导体设备ETF招商,2026-05-22,3.197999954223633,3.242000102996826,3.25,3.114000082015991,131601523.0,,3.242000102996826,,,,
561980,半导体设备ETF招商,2026-05-25,3.2070000171661377,3.4539999961853027,3.496999979019165,3.125,162526804.0,,3.4539999961853027,,,,
561980,半导体设备ETF招商,2026-05-26,3.433000087738037,3.378999948501587,3.434000015258789,3.2750000953674316,175557795.0,,3.378999948501587,,,,
561980,半导体设备ETF招商,2026-05-27,3.384999990463257,3.2279999256134033,3.4200000762939453,3.2209999561309814,154012758.0,,3.2279999256134033,,,,
561980,半导体设备ETF招商,2026-05-28,3.171999931335449,3.265000104904175,3.2929999828338623,3.171999931335449,112975836.0,,3.265000104904175,,,,
561980,半导体设备ETF招商,2026-05-29,3.2679998874664307,3.0820000171661377,3.2799999713897705,3.0390000343322754,128222898.0,,3.0820000171661377,,,,
561980,半导体设备ETF招商,2026-06-01,3.062999963760376,2.9019999504089355,3.0769999027252197,2.9010000228881836,149606088.0,,2.9019999504089355,,,,
561980,半导体设备ETF招商,2026-06-02,2.9030001163482666,2.9700000286102295,3.0190000534057617,2.884999990463257,171812788.0,,2.9700000286102295,,,,
561980,半导体设备ETF招商,2026-06-03,2.9700000286102295,3.049999952316284,3.1429998874664307,2.9700000286102295,123730684.0,,3.049999952316284,,,,
561980,半导体设备ETF招商,2026-06-04,2.989000082015991,3.13100004196167,3.1589999198913574,2.989000082015991,78083900.0,,3.13100004196167,,,,
561980,半导体设备ETF招商,2026-06-05,3.059000015258789,3.0160000324249268,3.138000011444092,2.99399995803833,99838512.0,,3.0160000324249268,,,,
561980,半导体设备ETF招商,2026-06-08,2.8399999141693115,2.9079999923706055,2.9820001125335693,2.8299999237060547,85539591.0,,2.9079999923706055,,,,
561980,半导体设备ETF招商,2026-06-09,2.9709999561309814,3.1029999256134033,3.1089999675750732,2.9619998931884766,91590400.0,,3.1029999256134033,,,,
561980,半导体设备ETF招商,2026-06-10,3.059000015258789,3.1530001163482666,3.252000093460083,3.059000015258789,108332012.0,,3.1530001163482666,,,,
561980,半导体设备ETF招商,2026-06-11,3.128999948501587,3.2730000019073486,3.2809998989105225,3.128999948501587,104213800.0,,3.2730000019073486,,,,
561980,半导体设备ETF招商,2026-06-12,3.434999942779541,3.2330000400543213,3.4549999237060547,3.2209999561309814,122494034.0,,3.2330000400543213,,,,
561980,半导体设备ETF招商,2026-06-15,3.2739999294281006,3.3940000534057617,3.3949999809265137,3.177999973297119,106468090.0,,3.3940000534057617,,,,
561980,半导体设备ETF招商,2026-06-16,3.4059998989105225,3.388000011444092,3.4159998893737793,3.3359999656677246,98211260.0,,3.388000011444092,,,,
561980,半导体设备ETF招商,2026-06-17,3.3299999237060547,3.619999885559082,3.628999948501587,3.315999984741211,107080744.0,,3.619999885559082,,,,
561980,半导体设备ETF招商,2026-06-18,3.6029999256134033,3.743000030517578,3.7769999504089355,3.5999999046325684,108848764.0,,3.743000030517578,,,,
561980,半导体设备ETF招商,2026-06-22,0.7599999904632568,0.7657999992370605,0.7748000025749207,0.7387999892234802,621423915.0,,0.7657999992370605,,,,
561980,半导体设备ETF招商,2026-06-23,0.7657999992370605,0.7626000046730042,0.7897999882698059,0.7462000250816345,670755370.0,,0.7626000046730042,,,,
561980,半导体设备ETF招商,2026-06-24,0.7440000176429749,0.8058000206947327,0.8095999956130981,0.7436000108718872,734105150.0,,0.8058000206947327,,,,
561980,半导体设备ETF招商,2026-06-25,4.0879998207092285,4.146999835968018,4.191999912261963,4.035999774932861,134673934.0,,4.146999835968018,,,,
561980,半导体设备ETF招商,2026-06-26,0.8140000104904175,0.8420000076293945,0.8579999804496765,0.8130000233650208,688570314.0,,0.8420000076293945,,,,
561980,半导体设备ETF招商,2026-06-29,0.8510000109672546,0.9039999842643738,0.9070000052452087,0.8399999737739563,1032996301.0,,0.9039999842643738,,,,
561980,半导体设备ETF招商,2026-06-30,0.9160000085830688,0.9359999895095825,0.9369999766349792,0.8930000066757202,989808455.0,,0.9359999895095825,,,,
159538,信创ETF富国,2026-01-05,1.5399999618530273,1.5750000476837158,1.5750000476837158,1.5099999904632568,2034600.0,,1.5750000476837158,,,,
159538,信创ETF富国,2026-01-06,1.5759999752044678,1.600000023841858,1.6030000448226929,1.5609999895095825,2121200.0,,1.600000023841858,,,,
159538,信创ETF富国,2026-01-07,1.6139999628067017,1.6119999885559082,1.6330000162124634,1.600000023841858,1724100.0,,1.6119999885559082,,,,
159538,信创ETF富国,2026-01-08,1.6119999885559082,1.628999948501587,1.6579999923706055,1.6119999885559082,2303600.0,,1.628999948501587,,,,
159538,信创ETF富国,2026-01-09,1.628999948501587,1.6460000276565552,1.6460000276565552,1.6080000400543213,3140100.0,,1.6460000276565552,,,,
159538,信创ETF富国,2026-01-12,1.6549999713897705,1.7089999914169312,1.7120000123977661,1.6549999713897705,2516600.0,,1.7089999914169312,,,,
159538,信创ETF富国,2026-01-13,1.7139999866485596,1.6660000085830688,1.7330000400543213,1.656000018119812,6437100.0,,1.6660000085830688,,,,
159538,信创ETF富国,2026-01-14,1.6820000410079956,1.7120000123977661,1.7410000562667847,1.6799999475479126,3696700.0,,1.7120000123977661,,,,
159538,信创ETF富国,2026-01-15,1.7120000123977661,1.7100000381469727,1.7289999723434448,1.6859999895095825,1586000.0,,1.7100000381469727,,,,
159538,信创ETF富国,2026-01-16,1.715999960899353,1.7309999465942383,1.7489999532699585,1.7070000171661377,3830500.0,,1.7309999465942383,,,,
159538,信创ETF富国,2026-01-19,1.7510000467300415,1.7230000495910645,1.7640000581741333,1.718000054359436,2000500.0,,1.7230000495910645,,,,
159538,信创ETF富国,2026-01-20,1.7380000352859497,1.7079999446868896,1.7510000467300415,1.6959999799728394,1298000.0,,1.7079999446868896,,,,
159538,信创ETF富国,2026-01-21,1.7109999656677246,1.781000018119812,1.7940000295639038,1.7109999656677246,3801200.0,,1.781000018119812,,,,
159538,信创ETF富国,2026-01-22,1.815000057220459,1.7910000085830688,1.8559999465942383,1.781000018119812,5151400.0,,1.7910000085830688,,,,
159538,信创ETF富国,2026-01-23,1.7899999618530273,1.7879999876022339,1.7929999828338623,1.7610000371932983,3689407.0,,1.7879999876022339,,,,
159538,信创ETF富国,2026-01-26,1.784000039100647,1.7740000486373901,1.8229999542236328,1.7649999856948853,1999400.0,,1.7740000486373901,,,,
159538,信创ETF富国,2026-01-27,1.7719999551773071,1.8020000457763672,1.8070000410079956,1.7480000257492065,2469200.0,,1.8020000457763672,,,,
159538,信创ETF富国,2026-01-28,1.8320000171661377,1.812000036239624,1.8329999446868896,1.7940000295639038,2690600.0,,1.812000036239624,,,,
159538,信创ETF富国,2026-01-29,1.8029999732971191,1.7610000371932983,1.8220000267028809,1.7589999437332153,2172400.0,,1.7610000371932983,,,,
159538,信创ETF富国,2026-01-30,1.7630000114440918,1.7669999599456787,1.781000018119812,1.7200000286102295,1300700.0,,1.7669999599456787,,,,
159538,信创ETF富国,2026-02-02,1.75,1.6890000104904175,1.7669999599456787,1.687000036239624,1409400.0,,1.6890000104904175,,,,
159538,信创ETF富国,2026-02-03,1.7079999446868896,1.7289999723434448,1.7289999723434448,1.6829999685287476,2064904.0,,1.7289999723434448,,,,
159538,信创ETF富国,2026-02-04,1.7289999723434448,1.6829999685287476,1.7289999723434448,1.659999966621399,1050700.0,,1.6829999685287476,,,,
159538,信创ETF富国,2026-02-05,1.6670000553131104,1.656999945640564,1.6670000553131104,1.6440000534057617,851100.0,,1.656999945640564,,,,
159538,信创ETF富国,2026-02-06,1.6410000324249268,1.6449999809265137,1.6629999876022339,1.6269999742507935,801100.0,,1.6449999809265137,,,,
159538,信创ETF富国,2026-02-09,1.6610000133514404,1.6990000009536743,1.7000000476837158,1.6610000133514404,1628900.0,,1.6990000009536743,,,,
159538,信创ETF富国,2026-02-10,1.7059999704360962,1.718000054359436,1.7339999675750732,1.7059999704360962,863500.0,,1.718000054359436,,,,
159538,信创ETF富国,2026-02-11,1.7100000381469727,1.6990000009536743,1.7100000381469727,1.6970000267028809,246800.0,,1.6990000009536743,,,,
159538,信创ETF富国,2026-02-12,1.6959999799728394,1.7410000562667847,1.7419999837875366,1.6959999799728394,887900.0,,1.7410000562667847,,,,
159538,信创ETF富国,2026-02-13,1.7400000095367432,1.7369999885559082,1.7669999599456787,1.7369999885559082,1577300.0,,1.7369999885559082,,,,
159538,信创ETF富国,2026-02-24,1.7410000562667847,1.7280000448226929,1.7450000047683716,1.7100000381469727,1389200.0,,1.7280000448226929,,,,
159538,信创ETF富国,2026-02-25,1.718000054359436,1.715000033378601,1.722000002861023,1.6970000267028809,580000.0,,1.715000033378601,,,,
159538,信创ETF富国,2026-02-26,1.715000033378601,1.7280000448226929,1.7380000352859497,1.7039999961853027,2666100.0,,1.7280000448226929,,,,
159538,信创ETF富国,2026-02-27,1.7109999656677246,1.7389999628067017,1.7430000305175781,1.7059999704360962,1110400.0,,1.7389999628067017,,,,
159538,信创ETF富国,2026-03-02,1.722000002861023,1.7009999752044678,1.722000002861023,1.6990000009536743,732600.0,,1.7009999752044678,,,,
159538,信创ETF富国,2026-03-03,1.7000000476837158,1.6030000448226929,1.7059999704360962,1.6030000448226929,3328300.0,,1.6030000448226929,,,,
159538,信创ETF富国,2026-03-04,1.6030000448226929,1.6080000400543213,1.6440000534057617,1.6030000448226929,1469900.0,,1.6080000400543213,,,,
159538,信创ETF富国,2026-03-05,1.6380000114440918,1.6349999904632568,1.6610000133514404,1.6299999952316284,1558100.0,,1.6349999904632568,,,,
159538,信创ETF富国,2026-03-06,1.6360000371932983,1.6430000066757202,1.6540000438690186,1.6360000371932983,730100.0,,1.6430000066757202,,,,
159538,信创ETF富国,2026-03-09,1.6269999742507935,1.652999997138977,1.6619999408721924,1.5870000123977661,1945200.0,,1.652999997138977,,,,
159538,信创ETF富国,2026-03-10,1.6740000247955322,1.6820000410079956,1.6950000524520874,1.6660000085830688,658400.0,,1.6820000410079956,,,,
159538,信创ETF富国,2026-03-11,1.6859999895095825,1.659000039100647,1.6929999589920044,1.6579999923706055,1153800.0,,1.659000039100647,,,,
159538,信创ETF富国,2026-03-12,1.6619999408721924,1.6390000581741333,1.6759999990463257,1.6299999952316284,1379000.0,,1.6390000581741333,,,,
159538,信创ETF富国,2026-03-13,1.6269999742507935,1.6139999628067017,1.6419999599456787,1.6100000143051147,2590400.0,,1.6139999628067017,,,,
159538,信创ETF富国,2026-03-16,1.6150000095367432,1.6430000066757202,1.6430000066757202,1.5920000076293945,1878800.0,,1.6430000066757202,,,,
159538,信创ETF富国,2026-03-17,1.659000039100647,1.6030000448226929,1.659999966621399,1.600000023841858,8487800.0,,1.6030000448226929,,,,
159538,信创ETF富国,2026-03-18,1.61899995803833,1.6549999713897705,1.6549999713897705,1.6130000352859497,1265778.0,,1.6549999713897705,,,,
159538,信创ETF富国,2026-03-19,1.6390000581741333,1.6130000352859497,1.6390000581741333,1.6050000190734863,2476100.0,,1.6130000352859497,,,,
159538,信创ETF富国,2026-03-20,1.6160000562667847,1.5679999589920044,1.6160000562667847,1.5670000314712524,1818800.0,,1.5679999589920044,,,,
159538,信创ETF富国,2026-03-23,1.569000005722046,1.4830000400543213,1.569000005722046,1.4819999933242798,3191600.0,,1.4830000400543213,,,,
159538,信创ETF富国,2026-03-24,1.496999979019165,1.5149999856948853,1.5149999856948853,1.4639999866485596,1000600.0,,1.5149999856948853,,,,
159538,信创ETF富国,2026-03-25,1.5299999713897705,1.555999994277954,1.5700000524520874,1.5299999713897705,1527900.0,,1.555999994277954,,,,
159538,信创ETF富国,2026-03-26,1.5579999685287476,1.5140000581741333,1.5709999799728394,1.5099999904632568,1447400.0,,1.5140000581741333,,,,
159538,信创ETF富国,2026-03-27,1.4989999532699585,1.5160000324249268,1.5269999504089355,1.4789999723434448,1663400.0,,1.5160000324249268,,,,
159538,信创ETF富国,2026-03-30,1.5010000467300415,1.5080000162124634,1.5080000162124634,1.4789999723434448,789100.0,,1.5080000162124634,,,,
159538,信创ETF富国,2026-03-31,1.4930000305175781,1.4609999656677246,1.5010000467300415,1.4600000381469727,1503580.0,,1.4609999656677246,,,,
159538,信创ETF富国,2026-04-01,1.475000023841858,1.5080000162124634,1.5119999647140503,1.475000023841858,779700.0,,1.5080000162124634,,,,
159538,信创ETF富国,2026-04-02,1.4930000305175781,1.4600000381469727,1.5019999742507935,1.4539999961853027,991300.0,,1.4600000381469727,,,,
159538,信创ETF富国,2026-04-03,1.4600000381469727,1.4589999914169312,1.4709999561309814,1.4550000429153442,912900.0,,1.4589999914169312,,,,
159538,信创ETF富国,2026-04-07,1.4600000381469727,1.4700000286102295,1.4880000352859497,1.4600000381469727,1244600.0,,1.4700000286102295,,,,
159538,信创ETF富国,2026-04-08,1.503999948501587,1.5609999895095825,1.5609999895095825,1.503999948501587,1199500.0,,1.5609999895095825,,,,
159538,信创ETF富国,2026-04-09,1.5449999570846558,1.5529999732971191,1.5670000314712524,1.5329999923706055,1781100.0,,1.5529999732971191,,,,
159538,信创ETF富国,2026-04-10,1.5679999589920044,1.5889999866485596,1.6100000143051147,1.5679999589920044,1361300.0,,1.5889999866485596,,,,
159538,信创ETF富国,2026-04-13,1.5820000171661377,1.6109999418258667,1.6369999647140503,1.5579999685287476,1269900.0,,1.6109999418258667,,,,
159538,信创ETF富国,2026-04-14,1.6410000324249268,1.6540000438690186,1.6619999408721924,1.6339999437332153,705900.0,,1.6540000438690186,,,,
159538,信创ETF富国,2026-04-15,1.6699999570846558,1.6399999856948853,1.6950000524520874,1.63100004196167,3563400.0,,1.6399999856948853,,,,
159538,信创ETF富国,2026-04-16,1.6399999856948853,1.6610000133514404,1.6619999408721924,1.6339999437332153,553500.0,,1.6610000133514404,,,,
159538,信创ETF富国,2026-04-17,1.6619999408721924,1.659000039100647,1.6749999523162842,1.6549999713897705,301400.0,,1.659000039100647,,,,
159538,信创ETF富国,2026-04-20,1.6749999523162842,1.6890000104904175,1.6979999542236328,1.6740000247955322,1128400.0,,1.6890000104904175,,,,
159538,信创ETF富国,2026-04-21,1.6729999780654907,1.6649999618530273,1.7039999961853027,1.6380000114440918,1528800.0,,1.6649999618530273,,,,
159538,信创ETF富国,2026-04-22,1.656999945640564,1.7130000591278076,1.7139999866485596,1.649999976158142,630791.0,,1.7130000591278076,,,,
159538,信创ETF富国,2026-04-23,1.7209999561309814,1.6920000314712524,1.7300000190734863,1.6749999523162842,4019200.0,,1.6920000314712524,,,,
159538,信创ETF富国,2026-04-24,1.7079999446868896,1.7139999866485596,1.725000023841858,1.6679999828338623,2481800.0,,1.7139999866485596,,,,
159538,信创ETF富国,2026-04-27,1.7489999532699585,1.7699999809265137,1.7760000228881836,1.725000023841858,1898200.0,,1.7699999809265137,,,,
159538,信创ETF富国,2026-04-28,1.75600004196167,1.7369999885559082,1.781999945640564,1.7289999723434448,1681500.0,,1.7369999885559082,,,,
159538,信创ETF富国,2026-04-29,1.722000002861023,1.7419999837875366,1.7419999837875366,1.6990000009536743,1428100.0,,1.7419999837875366,,,,
159538,信创ETF富国,2026-04-30,1.7599999904632568,1.8009999990463257,1.805999994277954,1.7589999437332153,3123000.0,,1.8009999990463257,,,,
159538,信创ETF富国,2026-05-06,1.8660000562667847,1.9589999914169312,1.9809999465942383,1.8020000457763672,9446600.0,,1.9589999914169312,,,,
159538,信创ETF富国,2026-05-07,1.9450000524520874,1.9539999961853027,1.9609999656677246,1.9220000505447388,8478300.0,,1.9539999961853027,,,,
159538,信创ETF富国,2026-05-08,1.9199999570846558,1.9199999570846558,1.940999984741211,1.906999945640564,3434400.0,,1.9199999570846558,,,,
159538,信创ETF富国,2026-05-11,1.9800000190734863,2.0239999294281006,2.0399999618530273,1.965999960899353,6164000.0,,2.0239999294281006,,,,
159538,信创ETF富国,2026-05-12,2.0139999389648438,1.9980000257492065,2.0429999828338623,1.9700000286102295,8231900.0,,1.9980000257492065,,,,
159538,信创ETF富国,2026-05-13,1.937999963760376,2.053999900817871,2.056999921798706,1.937999963760376,8652844.0,,2.053999900817871,,,,
159538,信创ETF富国,2026-05-14,2.061000108718872,1.9869999885559082,2.0959999561309814,1.9869999885559082,5766900.0,,1.9869999885559082,,,,
159538,信创ETF富国,2026-05-15,1.9869999885559082,1.9559999704360962,2.0350000858306885,1.9240000247955322,6702500.0,,1.9559999704360962,,,,
159538,信创ETF富国,2026-05-18,1.9459999799728394,1.9900000095367432,2.0350000858306885,1.9459999799728394,7253400.0,,1.9900000095367432,,,,
159538,信创ETF富国,2026-05-19,1.9709999561309814,2.0309998989105225,2.0320000648498535,1.9329999685287476,6768100.0,,2.0309998989105225,,,,
159538,信创ETF富国,2026-05-20,2.0320000648498535,2.0810000896453857,2.0820000171661377,2.010999917984009,5185600.0,,2.0810000896453857,,,,
159538,信创ETF富国,2026-05-21,2.111999988555908,2.002000093460083,2.1440000534057617,1.9910000562667847,5865900.0,,2.002000093460083,,,,
159538,信创ETF富国,2026-05-22,2.0,2.0510001182556152,2.052999973297119,1.9900000095367432,2268900.0,,2.0510001182556152,,,,
159538,信创ETF富国,2026-05-25,2.055000066757202,2.1540000438690186,2.1540000438690186,2.0250000953674316,3597800.0,,2.1540000438690186,,,,
159538,信创ETF富国,2026-05-26,2.1600000858306885,2.128000020980835,2.1600000858306885,2.065999984741211,4659300.0,,2.128000020980835,,,,
159538,信创ETF富国,2026-05-27,2.135999917984009,2.056999921798706,2.1619999408721924,2.052999973297119,5521000.0,,2.056999921798706,,,,
159538,信创ETF富国,2026-05-28,2.0369999408721924,2.055999994277954,2.071000099182129,2.01200008392334,4062700.0,,2.055999994277954,,,,
159538,信创ETF富国,2026-05-29,2.055999994277954,1.972000002861023,2.0810000896453857,1.9479999542236328,4938600.0,,1.972000002861023,,,,
159538,信创ETF富国,2026-06-01,1.9609999656677246,1.9140000343322754,2.000999927520752,1.909999966621399,3285900.0,,1.9140000343322754,,,,
159538,信创ETF富国,2026-06-02,1.9140000343322754,1.9359999895095825,1.9570000171661377,1.8799999952316284,5785500.0,,1.9359999895095825,,,,
159538,信创ETF富国,2026-06-03,1.940999984741211,1.972000002861023,2.0260000228881836,1.9170000553131104,4761700.0,,1.972000002861023,,,,
159538,信创ETF富国,2026-06-04,1.9529999494552612,1.99399995803833,2.003999948501587,1.9429999589920044,4828700.0,,1.99399995803833,,,,
159538,信创ETF富国,2026-06-05,1.975000023841858,1.9110000133514404,1.9919999837875366,1.9010000228881836,4921200.0,,1.9110000133514404,,,,
159538,信创ETF富国,2026-06-08,1.8919999599456787,1.8259999752044678,1.8919999599456787,1.809000015258789,4465600.0,,1.8259999752044678,,,,
159538,信创ETF富国,2026-06-09,1.8760000467300415,1.909999966621399,1.909999966621399,1.8339999914169312,3578400.0,,1.909999966621399,,,,
159538,信创ETF富国,2026-06-10,1.8980000019073486,1.8960000276565552,1.965999960899353,1.875,3508100.0,,1.8960000276565552,,,,
159538,信创ETF富国,2026-06-11,1.878000020980835,1.8880000114440918,1.906000018119812,1.8580000400543213,3135800.0,,1.8880000114440918,,,,
159538,信创ETF富国,2026-06-12,1.906000018119812,1.8869999647140503,1.9600000381469727,1.8839999437332153,4360400.0,,1.8869999647140503,,,,
159538,信创ETF富国,2026-06-15,1.9049999713897705,1.9800000190734863,1.9800000190734863,1.9049999713897705,3354100.0,,1.9800000190734863,,,,
159538,信创ETF富国,2026-06-16,1.9819999933242798,1.9869999885559082,1.9950000047683716,1.9609999656677246,4999600.0,,1.9869999885559082,,,,
159538,信创ETF富国,2026-06-17,1.975000023841858,2.0929999351501465,2.115000009536743,1.9520000219345093,8595503.0,,2.0929999351501465,,,,
159538,信创ETF富国,2026-06-18,2.0929999351501465,2.174999952316284,2.2060000896453857,2.059999942779541,9778003.0,,2.174999952316284,,,,
159538,信创ETF富国,2026-06-22,2.2160000801086426,2.240000009536743,2.3929998874664307,2.1440000534057617,13633800.0,,2.240000009536743,,,,
159538,信创ETF富国,2026-06-23,2.24399995803833,2.1760001182556152,2.247999906539917,2.1510000228881836,8716500.0,,2.1760001182556152,,,,
159538,信创ETF富国,2026-06-24,2.1679999828338623,2.2760000228881836,2.2760000228881836,2.134000062942505,13239900.0,,2.2760000228881836,,,,
159538,信创ETF富国,2026-06-25,2.421999931335449,2.4100000858306885,2.421999931335449,2.308000087738037,32599100.0,,2.4100000858306885,,,,
159538,信创ETF富国,2026-06-26,2.3959999084472656,2.371000051498413,2.3980000019073486,2.2950000762939453,31442400.0,,2.371000051498413,,,,
159538,信创ETF富国,2026-06-29,2.371000051498413,2.4670000076293945,2.4690001010894775,2.3320000171661377,20016600.0,,2.4670000076293945,,,,
159538,信创ETF富国,2026-06-30,2.4549999237060547,2.5250000953674316,2.5329999923706055,2.4079999923706055,16610200.0,,2.5250000953674316,,,,
