strategy,date,total_value,cash,dividend_cash,market_value,hedge_notional,hedge_unrealized,qqq_drawdown_from_high,qqq_close,qqq_ma200,shares_tqqq,value_tqqq,weight_tqqq,shares_jepq,value_jepq,weight_jepq,shares_jaaa,value_jaaa,weight_jaaa
tqqq_barbell_strategy,2026-01-02,100000.0,0.0,0.0,100000.0,0.0,0.0,0.0,613.12,558.4907,955.109838,50000.0,0.5,430.366672,25000.0,0.25,493.973523,25000.0,0.25
tqqq_barbell_strategy,2026-01-05,101334.64,0.0,0.0,101334.64,0.0,0.0,0.0,617.99,559.1762,955.109838,51193.89,0.505196,430.366672,25150.63,0.248194,493.973523,24990.12,0.24661
tqqq_barbell_strategy,2026-01-06,102871.34,0.0,0.0,102871.34,0.0,0.0,0.0,623.42,559.8969,955.109838,52540.59,0.510741,430.366672,25335.69,0.246285,493.973523,24995.06,0.242974
tqqq_barbell_strategy,2026-01-07,103064.8,0.0,0.0,103064.8,0.0,0.0,0.0,624.02,560.6128,955.109838,52693.41,0.511265,430.366672,25361.51,0.246073,493.973523,25009.88,0.242662
tqqq_barbell_strategy,2026-01-08,102033.47,0.0,0.0,102033.47,0.0,0.0,-0.005689,620.47,561.2619,955.109838,51757.4,0.507259,430.366672,25271.13,0.247675,493.973523,25004.94,0.245066
tqqq_barbell_strategy,2026-01-09,103732.24,0.0,0.0,103732.24,0.0,0.0,0.0,626.65,561.9279,955.109838,53256.92,0.513408,430.366672,25460.49,0.245444,493.973523,25014.82,0.241148
tqqq_barbell_strategy,2026-01-12,103895.13,0.0,0.0,103895.13,0.0,0.0,0.0,627.17,562.6418,955.109838,53381.09,0.513798,430.366672,25499.23,0.245432,493.973523,25014.82,0.24077
tqqq_barbell_strategy,2026-01-13,103593.6,0.0,0.0,103593.6,0.0,0.0,-0.001483,626.24,563.3649,955.109838,53104.11,0.51262,430.366672,25464.8,0.245814,493.973523,25024.7,0.241566
tqqq_barbell_strategy,2026-01-14,101727.24,0.0,0.0,101727.24,0.0,0.0,-0.01215,619.55,564.1179,955.109838,51413.56,0.505406,430.366672,25284.04,0.248547,493.973523,25029.64,0.246047
tqqq_barbell_strategy,2026-01-15,102317.74,0.0,0.0,102317.74,0.0,0.0,-0.008594,621.78,564.8822,955.109838,51938.87,0.507623,430.366672,25344.29,0.247702,493.973523,25034.58,0.244675
tqqq_barbell_strategy,2026-01-16,102136.01,0.0,0.0,102136.01,0.0,0.0,-0.009423,621.26,565.625,955.109838,51709.65,0.506282,430.366672,25357.2,0.248269,493.973523,25069.16,0.245449
tqqq_barbell_strategy,2026-01-20,98448.72,0.0,0.0,98448.72,0.0,0.0,-0.03047,608.06,566.2846,955.109838,48452.72,0.492162,430.366672,24926.84,0.253196,493.973523,25069.16,0.254642
tqqq_barbell_strategy,2026-01-21,100674.38,0.0,0.0,100674.38,0.0,0.0,-0.017364,616.28,567.1127,955.109838,50362.94,0.500256,430.366672,25232.4,0.250634,493.973523,25079.04,0.24911
tqqq_barbell_strategy,2026-01-22,101954.76,0.0,0.0,101954.76,0.0,0.0,-0.010221,620.76,568.1031,955.109838,51480.42,0.504934,430.366672,25400.24,0.249132,493.973523,25074.1,0.245934
tqqq_barbell_strategy,2026-01-23,102519.04,0.0,0.0,102519.04,0.0,0.0,-0.007095,622.72,569.0983,955.109838,51938.87,0.506627,430.366672,25486.31,0.248601,493.973523,25093.85,0.244773
tqqq_barbell_strategy,2026-01-26,103276.09,0.0,0.0,103276.09,0.0,0.0,-0.002727,625.46,570.1453,955.109838,52607.45,0.509387,430.366672,25589.6,0.247779,493.973523,25079.04,0.242835
tqqq_barbell_strategy,2026-01-27,104821.18,0.0,0.0,104821.18,0.0,0.0,0.0,631.13,570.971,955.109838,54001.91,0.515181,430.366672,25740.23,0.245563,493.973523,25079.04,0.239255
tqqq_barbell_strategy,2026-01-28,105397.21,0.0,0.0,105397.21,0.0,0.0,0.0,633.22,571.9062,955.109838,54498.57,0.517078,430.366672,25804.79,0.244834,493.973523,25093.85,0.238088
tqqq_barbell_strategy,2026-01-29,104389.84,0.0,0.0,104389.84,0.0,0.0,-0.005985,629.43,572.7813,955.109838,53524.36,0.512735,430.366672,25761.75,0.246784,493.973523,25103.73,0.240481
tqqq_barbell_strategy,2026-01-30,102182.26,0.0,0.0,102182.26,0.0,0.0,-0.017924,621.87,573.6033,955.109838,51575.93,0.504744,430.366672,25576.69,0.250305,493.973523,25029.64,0.244951
tqqq_barbell_strategy,2026-02-02,103221.24,0.0,0.0,103221.24,0.0,0.0,-0.011181,626.14,574.444,955.109838,52626.55,0.509842,430.366672,25555.17,0.247577,493.973523,25039.52,0.242581
tqqq_barbell_strategy,2026-02-03,100425.04,0.0,0.0,100425.04,0.0,0.0,-0.026373,616.52,575.3057,955.109838,50162.37,0.499501,430.366672,25228.09,0.251213,493.973523,25034.58,0.249286
tqqq_barbell_strategy,2026-02-04,97589.76,200.43,200.43,97389.33,0.0,0.0,-0.043381,605.75,576.114,955.109838,47526.27,0.487001,430.366672,24823.55,0.254366,493.973523,25039.52,0.256579
tqqq_barbell_strategy,2026-02-05,95302.38,290.29,290.29,95012.09,0.0,0.0,-0.057152,597.03,576.9336,955.109838,45501.43,0.477443,430.366672,24500.77,0.257085,493.973523,25009.88,0.262427
tqqq_barbell_strategy,2026-02-06,98616.78,290.29,290.29,98326.49,0.0,0.0,-0.037222,609.65,577.7594,955.109838,48319.01,0.489967,430.366672,24982.79,0.253332,493.973523,25024.7,0.253757
tqqq_barbell_strategy,2026-02-09,99910.09,290.29,290.29,99619.8,0.0,0.0,-0.029847,614.32,578.5582,955.109838,49417.38,0.494619,430.366672,25167.84,0.251905,493.973523,25034.58,0.250571
tqqq_barbell_strategy,2026-02-10,99146.22,290.29,290.29,98855.93,0.0,0.0,-0.034348,611.47,579.2788,955.109838,48729.7,0.491493,430.366672,25081.77,0.252978,493.973523,25044.46,0.252601
tqqq_barbell_strategy,2026-02-11,99560.17,290.29,290.29,99269.88,0.0,0.0,-0.031758,613.11,579.9816,955.109838,49092.65,0.493095,430.366672,25137.72,0.252488,493.973523,25039.52,0.251501
tqqq_barbell_strategy,2026-02-12,96153.55,290.29,290.29,95863.26,0.0,0.0,-0.051451,600.64,580.6227,955.109838,46093.6,0.479375,430.366672,24720.26,0.257092,493.973523,25049.4,0.260515
tqqq_barbell_strategy,2026-02-13,96394.13,290.29,290.29,96103.84,0.0,0.0,-0.04943,601.92,581.2547,955.109838,46294.17,0.480259,430.366672,24750.39,0.256762,493.973523,25059.28,0.259967
tqqq_barbell_strategy,2026-02-17,96257.36,290.29,290.29,95967.07,0.0,0.0,-0.050409,601.3,581.8838,955.109838,46179.56,0.479751,430.366672,24733.17,0.256948,493.973523,25054.34,0.260285
tqqq_barbell_strategy,2026-02-18,97446.25,290.29,290.29,97155.96,0.0,0.0,-0.043318,605.79,582.5044,955.109838,47172.87,0.484091,430.366672,24913.93,0.255668,493.973523,25069.16,0.257261
tqqq_barbell_strategy,2026-02-19,96815.43,290.29,290.29,96525.14,0.0,0.0,-0.046982,603.47,583.0776,955.109838,46638.01,0.481721,430.366672,24827.85,0.256445,493.973523,25059.28,0.258836
tqqq_barbell_strategy,2026-02-20,98203.01,290.29,290.29,97912.72,0.0,0.0,-0.038549,608.81,583.692,955.109838,47812.8,0.486877,430.366672,25025.82,0.254838,493.973523,25074.1,0.255329
tqqq_barbell_strategy,2026-02-23,96195.97,290.29,290.29,95905.68,0.0,0.0,-0.050235,601.41,584.292,955.109838,46074.5,0.478965,430.366672,24771.91,0.257515,493.973523,25059.28,0.260502
tqqq_barbell_strategy,2026-02-24,97899.87,290.29,290.29,97609.58,0.0,0.0,-0.040033,607.87,584.9148,955.109838,47545.37,0.485653,430.366672,25000.0,0.255363,493.973523,25064.22,0.256019
tqqq_barbell_strategy,2026-02-25,100158.58,290.29,290.29,99868.29,0.0,0.0,-0.02612,616.68,585.5568,955.109838,49541.55,0.494631,430.366672,25262.52,0.252225,493.973523,25064.22,0.250245
tqqq_barbell_strategy,2026-02-26,98171.79,290.29,290.29,97881.5,0.0,0.0,-0.03787,609.24,586.1631,955.109838,47803.25,0.486935,430.366672,25038.73,0.25505,493.973523,25039.52,0.255058
tqqq_barbell_strategy,2026-02-27,97452.2,290.29,290.29,97161.91,0.0,0.0,-0.040949,607.29,586.6603,955.109838,47297.04,0.485336,430.366672,24978.48,0.256315,493.973523,24886.39,0.25537
tqqq_barbell_strategy,2026-03-02,97455.79,290.29,290.29,97165.5,0.0,0.0,-0.039686,608.09,587.1228,955.109838,47468.96,0.487082,430.366672,24780.51,0.254274,493.973523,24916.02,0.255665
tqqq_barbell_strategy,2026-03-03,95716.73,290.29,290.29,95426.44,0.0,0.0,-0.049967,601.58,587.5373,955.109838,45940.78,0.479966,430.366672,24569.63,0.256691,493.973523,24916.02,0.26031
tqqq_barbell_strategy,2026-03-04,98305.66,509.35,509.35,97796.31,0.0,0.0,-0.035485,610.75,587.9948,955.109838,48003.82,0.488312,430.366672,24866.59,0.252952,493.973523,24925.9,0.253555
tqqq_barbell_strategy,2026-03-05,97886.77,604.88,604.88,97281.89,0.0,0.0,-0.038391,608.91,588.4318,955.109838,47564.47,0.485913,430.366672,24806.33,0.253419,493.973523,24911.08,0.254489
tqqq_barbell_strategy,2026-03-06,95358.59,604.88,604.88,94753.71,0.0,0.0,-0.052857,599.75,588.8205,955.109838,45405.92,0.47616,430.366672,24466.35,0.256572,493.973523,24881.45,0.260925
tqqq_barbell_strategy,2026-03-09,97474.29,604.88,604.88,96869.41,0.0,0.0,-0.040207,607.76,589.2579,955.109838,47172.87,0.483952,430.366672,24780.51,0.254226,493.973523,24916.02,0.255616
tqqq_barbell_strategy,2026-03-10,97510.94,604.88,604.88,96906.06,0.0,0.0,-0.040191,607.77,589.7316,955.109838,47182.43,0.483868,430.366672,24797.73,0.254307,493.973523,24925.9,0.255622
tqqq_barbell_strategy,2026-03-11,97487.73,604.88,604.88,96882.85,0.0,0.0,-0.040318,607.69,590.2,955.109838,47134.67,0.483493,430.366672,24832.16,0.254721,493.973523,24916.02,0.255581
tqqq_barbell_strategy,2026-03-12,94729.23,604.88,604.88,94124.35,0.0,0.0,-0.056789,597.26,590.6401,955.109838,44727.79,0.472165,430.366672,24470.65,0.258322,493.973523,24925.9,0.263128
tqqq_barbell_strategy,2026-03-13,93701.0,604.88,604.88,93096.12,0.0,0.0,-0.06238,593.72,591.0026,955.109838,43868.19,0.468172,430.366672,24341.54,0.259779,493.973523,24886.39,0.265594
tqqq_barbell_strategy,2026-03-16,95503.09,604.88,604.88,94898.21,0.0,0.0,-0.051862,600.38,591.41,955.109838,45329.51,0.474639,430.366672,24642.8,0.258031,493.973523,24925.9,0.260996
tqqq_barbell_strategy,2026-03-17,96313.69,604.88,604.88,95708.81,0.0,0.0,-0.047235,603.31,591.8269,955.109838,45998.09,0.477586,430.366672,24784.82,0.257334,493.973523,24925.9,0.258799
tqqq_barbell_strategy,2026-03-18,94014.78,604.88,604.88,93409.9,0.0,0.0,-0.060516,594.9,592.2058,955.109838,44030.56,0.468337,430.366672,24453.43,0.260102,493.973523,24925.9,0.265127
tqqq_barbell_strategy,2026-03-19,93591.3,604.88,604.88,92986.42,0.0,0.0,-0.063485,593.02,592.5549,955.109838,43638.97,0.466272,430.366672,24401.79,0.260727,493.973523,24945.66,0.266538
tqqq_barbell_strategy,2026-03-20,90693.92,604.88,604.88,90089.04,0.0,0.0,-0.080793,582.06,592.8287,955.109838,41146.13,0.453681,430.366672,23997.25,0.264596,493.973523,24945.66,0.275053
tqqq_barbell_strategy,2026-03-23,92401.23,604.88,604.88,91796.34,0.0,0.0,-0.071413,588.0,593.1248,955.109838,42569.25,0.4607,430.366672,24246.86,0.262408,493.973523,24980.24,0.270345
tqqq_barbell_strategy,2026-03-24,91383.25,604.88,604.88,90778.37,0.0,0.0,-0.077761,583.98,593.4208,955.109838,41661.89,0.455903,430.366672,24126.36,0.264013,493.973523,24990.12,0.273465
tqqq_barbell_strategy,2026-03-25,92243.49,604.88,604.88,91638.61,0.0,0.0,-0.071697,587.82,593.7103,955.109838,42397.33,0.459624,430.366672,24251.16,0.262904,493.973523,24990.12,0.270915
tqqq_barbell_strategy,2026-03-26,88703.96,604.88,604.88,88099.08,0.0,0.0,-0.093854,573.79,593.9257,955.109838,39379.18,0.443939,430.366672,23734.72,0.267572,493.973523,24985.18,0.281669
tqqq_barbell_strategy,2026-03-27,85885.45,604.88,604.88,85280.57,0.0,0.0,-0.111557,562.58,594.0676,955.109838,37039.16,0.431262,430.366672,23295.75,0.271242,493.973523,24945.66,0.290453
tqqq_barbell_strategy,2026-03-30,84885.41,604.88,604.88,84280.53,0.0,0.0,-0.118347,558.28,594.1969,955.109838,36189.11,0.426329,430.366672,23140.82,0.272612,493.973523,24950.6,0.293933
tqqq_barbell_strategy,2026-03-31,89189.26,604.88,604.88,88584.38,0.0,0.0,-0.0885,577.18,594.4145,955.109838,39808.98,0.446343,430.366672,23893.96,0.267902,493.973523,24881.45,0.278974
tqqq_barbell_strategy,2026-04-01,90669.68,604.88,604.88,90064.8,0.0,0.0,-0.07724,584.31,594.7013,955.109838,41289.4,0.455383,430.366672,23893.96,0.263528,493.973523,24881.45,0.274419
tqqq_barbell_strategy,2026-04-02,90820.02,604.88,604.88,90215.14,0.0,0.0,-0.076182,584.98,594.9547,955.109838,41384.91,0.45568,430.366672,23924.08,0.263423,493.973523,24906.15,0.274236
tqqq_barbell_strategy,2026-04-06,91957.64,845.28,845.28,91112.35,0.0,0.0,-0.070623,588.5,595.2518,955.109838,42120.34,0.458041,430.366672,24066.1,0.261709,493.973523,24925.9,0.271059
tqqq_barbell_strategy,2026-04-07,92110.31,945.26,945.26,91165.05,0.0,0.0,-0.070481,588.59,595.5498,955.109838,42168.1,0.4578,430.366672,24066.1,0.261275,493.973523,24930.84,0.270663
tqqq_barbell_strategy,2026-04-08,96305.2,945.26,945.26,95359.93,0.0,0.0,-0.042845,606.09,595.9461,955.109838,45845.27,0.476042,430.366672,24573.94,0.255167,493.973523,24940.72,0.258976
tqqq_barbell_strategy,2026-04-09,97403.49,945.26,945.26,96458.23,0.0,0.0,-0.03637,610.19,596.3388,955.109838,46762.18,0.480087,430.366672,24750.39,0.254102,493.973523,24945.66,0.256106
tqqq_barbell_strategy,2026-04-10,97651.4,945.26,945.26,96706.14,0.0,0.0,-0.03498,611.07,596.6953,955.109838,46962.75,0.480922,430.366672,24797.73,0.253941,493.973523,24945.66,0.255456
tqqq_barbell_strategy,2026-04-13,99254.15,945.26,945.26,98308.89,0.0,0.0,-0.024999,617.39,597.0764,955.109838,48385.86,0.487495,430.366672,24952.66,0.251402,493.973523,24970.36,0.25158
tqqq_barbell_strategy,2026-04-14,102062.73,945.26,945.26,101117.46,0.0,0.0,-0.007296,628.6,597.4883,955.109838,51012.42,0.499814,430.366672,25124.81,0.24617,493.973523,24980.24,0.244754
tqqq_barbell_strategy,2026-04-15,104250.15,945.26,945.26,103304.89,0.0,0.0,0.0,637.4,597.9349,955.109838,53151.86,0.509849,430.366672,25167.84,0.241418,493.973523,24985.18,0.239666
tqqq_barbell_strategy,2026-04-16,105021.59,945.26,945.26,104076.33,0.0,0.0,0.0,640.47,598.379,955.109838,53896.85,0.513198,430.366672,25189.36,0.239849,493.973523,24990.12,0.237952
tqqq_barbell_strategy,2026-04-17,107160.34,945.26,945.26,106215.07,0.0,0.0,0.0,648.85,598.8883,955.109838,55959.89,0.522207,430.366672,25245.31,0.235584,493.973523,25009.88,0.233387
tqqq_barbell_strategy,2026-04-20,106657.78,945.26,945.26,105712.51,0.0,0.0,-0.003175,646.79,599.3683,955.109838,55472.78,0.520101,430.366672,25249.61,0.236735,493.973523,24990.12,0.234302
tqqq_barbell_strategy,2026-04-21,106000.33,945.26,945.26,105055.07,0.0,0.0,-0.006966,644.33,599.8088,955.109838,54823.3,0.517199,430.366672,25236.7,0.238081,493.973523,24995.06,0.235802
tqqq_barbell_strategy,2026-04-22,108801.66,945.26,945.26,107856.4,0.0,0.0,0.0,655.11,600.3242,955.109838,57507.16,0.52855,430.366672,25344.29,0.23294,493.973523,25004.94,0.229821
tqqq_barbell_strategy,2026-04-23,107835.22,945.26,945.26,106889.96,0.0,0.0,-0.005633,651.42,600.8196,955.109838,56561.6,0.524519,430.366672,25318.47,0.234789,493.973523,25009.88,0.231927
tqqq_barbell_strategy,2026-04-24,111104.02,945.26,945.26,110158.76,0.0,0.0,0.0,663.88,601.3578,955.109838,59751.67,0.537799,430.366672,25387.33,0.228501,493.973523,25019.76,0.225192
tqqq_barbell_strategy,2026-04-27,111206.89,945.26,945.26,110261.63,0.0,0.0,0.0,664.23,601.9017,955.109838,59828.08,0.537989,430.366672,25408.85,0.228483,493.973523,25024.7,0.225028
tqqq_barbell_strategy,2026-04-28,109344.84,945.26,945.26,108399.58,0.0,0.0,-0.010057,657.55,602.4184,955.109838,58013.37,0.530554,430.366672,25361.51,0.231941,493.973523,25024.7,0.22886
tqqq_barbell_strategy,2026-04-29,110464.45,945.26,945.26,109519.19,0.0,0.0,-0.004005,661.57,602.9452,955.109838,59083.09,0.534861,430.366672,25391.63,0.229862,493.973523,25044.46,0.22672
tqqq_barbell_strategy,2026-04-30,112096.32,945.26,945.26,111151.05,0.0,0.0,0.0,667.74,603.5003,955.109838,60687.68,0.541389,430.366672,25507.83,0.227553,493.973523,24955.54,0.222626
tqqq_barbell_strategy,2026-05-01,113595.92,945.26,945.26,112650.66,0.0,0.0,0.0,674.15,604.0846,955.109838,62368.67,0.54904,430.366672,25331.38,0.222996,493.973523,24950.6,0.219643
tqqq_barbell_strategy,2026-05-04,113225.34,945.26,945.26,112280.07,0.0,0.0,-0.001884,672.88,604.64,955.109838,61996.18,0.547547,430.366672,25318.47,0.223611,493.973523,24965.42,0.220493
tqqq_barbell_strategy,2026-05-05,115957.2,1199.59,1199.59,114757.61,0.0,0.0,0.0,681.61,605.2418,955.109838,64364.85,0.555074,430.366672,25417.46,0.219197,493.973523,24975.3,0.215384
tqqq_barbell_strategy,2026-05-06,120195.1,1298.8,1298.8,118896.29,0.0,0.0,0.0,695.77,605.8998,955.109838,68357.21,0.568719,430.366672,25563.78,0.212686,493.973523,24975.3,0.20779
tqqq_barbell_strategy,2026-05-07,119971.75,1298.8,1298.8,118672.95,0.0,0.0,-0.001193,694.94,606.5682,955.109838,68137.54,0.567946,430.366672,25555.17,0.21301,493.973523,24980.24,0.208218
tqqq_barbell_strategy,2026-05-08,124803.8,1298.8,1298.8,123505.0,0.0,0.0,0.0,711.23,607.3053,955.109838,72855.78,0.583763,430.366672,25654.16,0.205556,493.973523,24995.06,0.200275
tqqq_barbell_strategy,2026-05-11,125495.67,1298.8,1298.8,124196.87,0.0,0.0,0.0,713.29,608.0467,955.109838,73505.25,0.585719,430.366672,25701.5,0.2048,493.973523,24990.12,0.199131
tqqq_barbell_strategy,2026-05-12,123574.45,1298.8,1298.8,122275.65,0.0,0.0,-0.008482,707.24,608.7511,955.109838,71595.03,0.579368,430.366672,25675.68,0.207775,493.973523,25004.94,0.202347
tqqq_barbell_strategy,2026-05-13,125856.03,1298.8,1298.8,124557.22,0.0,0.0,0.0,714.71,609.4839,955.109838,73772.68,0.586167,430.366672,25774.66,0.204795,493.973523,25009.88,0.198718
tqqq_barbell_strategy,2026-05-14,127545.85,1298.8,1298.8,126247.04,0.0,0.0,0.0,719.79,610.2466,955.109838,75405.92,0.591206,430.366672,25826.3,0.202486,493.973523,25014.82,0.196124
tqqq_barbell_strategy,2026-05-15,123989.67,1298.8,1298.8,122690.87,0.0,0.0,-0.015088,708.93,610.9511,955.109838,71957.98,0.580355,430.366672,25723.02,0.207461,493.973523,25009.88,0.201709
tqqq_barbell_strategy,2026-05-18,122999.52,1298.8,1298.8,121700.72,0.0,0.0,-0.019325,705.88,611.6555,955.109838,70983.76,0.577106,430.366672,25697.19,0.208921,493.973523,25019.76,0.203413
tqqq_barbell_strategy,2026-05-19,121619.64,1298.8,1298.8,120320.83,0.0,0.0,-0.025369,701.53,612.3937,955.109838,69656.16,0.572738,430.366672,25649.85,0.210902,493.973523,25014.82,0.205681
tqqq_barbell_strategy,2026-05-20,125212.35,1298.8,1298.8,123913.55,0.0,0.0,-0.009225,713.15,613.139,955.109838,73075.45,0.583612,430.366672,25813.39,0.206157,493.973523,25024.7,0.199858
tqqq_barbell_strategy,2026-05-21,125688.54,1298.8,1298.8,124389.74,0.0,0.0,-0.007335,714.51,613.9102,955.109838,73495.7,0.584745,430.366672,25869.34,0.205821,493.973523,25024.7,0.199101
tqqq_barbell_strategy,2026-05-22,126596.45,1298.8,1298.8,125297.64,0.0,0.0,-0.003126,717.54,614.6613,955.109838,74345.75,0.587266,430.366672,25912.38,0.204685,493.973523,25039.52,0.19779
tqqq_barbell_strategy,2026-05-26,130694.73,1298.8,1298.8,129395.93,0.0,0.0,0.0,730.28,615.4665,955.109838,78271.25,0.598886,430.366672,26080.22,0.199551,493.973523,25044.46,0.191626
tqqq_barbell_strategy,2026-05-27,130506.04,1298.8,1298.8,129207.24,0.0,0.0,-0.001137,729.45,616.241,955.109838,78003.82,0.597703,430.366672,26149.08,0.200367,493.973523,25054.34,0.191978
tqqq_barbell_strategy,2026-05-28,132502.64,1298.8,1298.8,131203.84,0.0,0.0,0.0,735.6,617.0547,955.109838,79923.59,0.603185,430.366672,26230.85,0.197965,493.973523,25049.4,0.189048
tqqq_barbell_strategy,2026-05-29,133345.23,1298.8,1298.8,132046.43,0.0,0.0,0.0,738.31,617.846,955.109838,80764.09,0.605677,430.366672,26316.92,0.197359,493.973523,24965.42,0.187224
tqqq_barbell_strategy,2026-06-01,134565.13,1298.8,1298.8,133266.33,0.0,0.0,0.0,742.74,618.658,955.109838,82177.65,0.610691,430.366672,26123.26,0.194131,493.973523,24965.42,0.185527
tqqq_barbell_strategy,2026-06-02,135765.96,1298.8,1298.8,134467.16,0.0,0.0,0.0,746.16,619.4894,955.109838,83304.68,0.61359,430.366672,26192.12,0.192921,493.973523,24970.36,0.183922
tqqq_barbell_strategy,2026-06-03,135347.74,1541.72,1541.72,133806.02,0.0,0.0,-0.002613,744.21,620.3238,955.109838,82674.31,0.610829,430.366672,26166.29,0.193326,493.973523,24965.42,0.184454
tqqq_barbell_strategy,2026-06-04,134140.48,1639.49,1639.49,132500.99,0.0,0.0,-0.007438,740.61,621.1413,955.109838,81394.46,0.606785,430.366672,26136.17,0.194842,493.973523,24970.36,0.186151
tqqq_barbell_strategy,2026-06-05,121739.1,1639.49,1639.49,120099.61,0.0,0.0,-0.055082,705.06,621.8202,955.109838,69770.77,0.573117,430.366672,25348.6,0.208221,493.973523,24980.24,0.205195
tqqq_barbell_strategy,2026-06-08,125133.66,1639.49,1639.49,123494.17,0.0,0.0,-0.040326,716.07,622.571,955.109838,72846.23,0.582147,430.366672,25662.76,0.205083,493.973523,24985.18,0.199668
tqqq_barbell_strategy,2026-06-09,122456.49,1639.49,1639.49,120817.0,0.0,0.0,-0.05137,707.83,623.2938,955.109838,70410.7,0.574985,430.366672,25426.06,0.207633,493.973523,24980.24,0.203993
tqqq_barbell_strategy,2026-06-10,117742.09,1639.49,1639.49,116102.6,0.0,0.0,-0.07032,693.69,623.9023,955.109838,66160.46,0.56191,430.366672,24956.96,0.211963,493.973523,24985.18,0.212203
tqqq_barbell_strategy,2026-06-11,124830.02,1639.49,1639.49,123190.53,0.0,0.0,-0.038919,717.12,624.6363,955.109838,72597.9,0.581574,430.366672,25602.51,0.205099,493.973523,24990.12,0.200193
tqqq_barbell_strategy,2026-06-12,126436.41,1639.49,1639.49,124796.92,0.0,0.0,-0.033264,721.34,625.38,955.109838,74040.11,0.585592,430.366672,25761.75,0.203753,493.973523,24995.06,0.197689
tqqq_barbell_strategy,2026-06-15,133767.0,1639.49,1639.49,132127.51,0.0,0.0,-0.002895,744.0,626.2326,955.109838,80792.74,0.603981,430.366672,26329.83,0.196834,493.973523,25004.94,0.186929
tqqq_barbell_strategy,2026-06-16,129139.1,1639.49,1639.49,127499.62,0.0,0.0,-0.021845,729.86,626.9965,955.109838,76341.93,0.59116,430.366672,26157.69,0.202554,493.973523,25000.0,0.19359
tqqq_barbell_strategy,2026-06-17,126679.94,1639.49,1639.49,125040.45,0.0,0.0,-0.031696,722.51,627.757,955.109838,74059.22,0.584617,430.366672,25981.24,0.205094,493.973523,25000.0,0.197348
tqqq_barbell_strategy,2026-06-18,132202.95,1639.49,1639.49,130563.46,0.0,0.0,-0.007425,740.62,628.632,955.109838,79149.95,0.5987,430.366672,26398.69,0.199683,493.973523,25014.82,0.189215
tqqq_barbell_strategy,2026-06-22,131948.12,1639.49,1639.49,130308.64,0.0,0.0,-0.011003,737.95,629.4714,955.109838,78872.97,0.597757,430.366672,26415.91,0.200199,493.973523,25019.76,0.189618
tqqq_barbell_strategy,2026-06-23,123514.43,1639.49,1639.49,121874.94,0.0,0.0,-0.04357,713.65,630.1635,955.109838,71098.38,0.575628,430.366672,25761.75,0.208573,493.973523,25014.82,0.202525
tqqq_barbell_strategy,2026-06-24,122352.44,1639.49,1639.49,120712.96,0.0,0.0,-0.047631,710.62,630.8363,955.109838,70009.55,0.572196,430.366672,25688.59,0.209956,493.973523,25014.82,0.204449
tqqq_barbell_strategy,2026-06-25,124127.62,1639.49,1639.49,122488.13,0.0,0.0,-0.039911,716.38,631.5238,955.109838,71585.48,0.576709,430.366672,25877.95,0.208479,493.973523,25024.7,0.201605
tqqq_barbell_strategy,2026-06-26,120847.05,1639.49,1639.49,119207.57,0.0,0.0,-0.053125,706.52,632.1539,955.109838,68605.54,0.567706,430.366672,25572.39,0.21161,493.973523,25029.64,0.207118
static_50_25_25,2026-01-02,100000.0,0.0,0.0,100000.0,0.0,0.0,0.0,613.12,558.4907,955.109838,50000.0,0.5,430.366672,25000.0,0.25,493.973523,25000.0,0.25
static_50_25_25,2026-01-05,101334.64,0.0,0.0,101334.64,0.0,0.0,0.0,617.99,559.1762,955.109838,51193.89,0.505196,430.366672,25150.63,0.248194,493.973523,24990.12,0.24661
static_50_25_25,2026-01-06,102871.34,0.0,0.0,102871.34,0.0,0.0,0.0,623.42,559.8969,955.109838,52540.59,0.510741,430.366672,25335.69,0.246285,493.973523,24995.06,0.242974
static_50_25_25,2026-01-07,103064.8,0.0,0.0,103064.8,0.0,0.0,0.0,624.02,560.6128,955.109838,52693.41,0.511265,430.366672,25361.51,0.246073,493.973523,25009.88,0.242662
static_50_25_25,2026-01-08,102033.47,0.0,0.0,102033.47,0.0,0.0,-0.005689,620.47,561.2619,955.109838,51757.4,0.507259,430.366672,25271.13,0.247675,493.973523,25004.94,0.245066
static_50_25_25,2026-01-09,103732.24,0.0,0.0,103732.24,0.0,0.0,0.0,626.65,561.9279,955.109838,53256.92,0.513408,430.366672,25460.49,0.245444,493.973523,25014.82,0.241148
static_50_25_25,2026-01-12,103895.13,0.0,0.0,103895.13,0.0,0.0,0.0,627.17,562.6418,955.109838,53381.09,0.513798,430.366672,25499.23,0.245432,493.973523,25014.82,0.24077
static_50_25_25,2026-01-13,103593.6,0.0,0.0,103593.6,0.0,0.0,-0.001483,626.24,563.3649,955.109838,53104.11,0.51262,430.366672,25464.8,0.245814,493.973523,25024.7,0.241566
static_50_25_25,2026-01-14,101727.24,0.0,0.0,101727.24,0.0,0.0,-0.01215,619.55,564.1179,955.109838,51413.56,0.505406,430.366672,25284.04,0.248547,493.973523,25029.64,0.246047
static_50_25_25,2026-01-15,102317.74,0.0,0.0,102317.74,0.0,0.0,-0.008594,621.78,564.8822,955.109838,51938.87,0.507623,430.366672,25344.29,0.247702,493.973523,25034.58,0.244675
static_50_25_25,2026-01-16,102136.01,0.0,0.0,102136.01,0.0,0.0,-0.009423,621.26,565.625,955.109838,51709.65,0.506282,430.366672,25357.2,0.248269,493.973523,25069.16,0.245449
static_50_25_25,2026-01-20,98448.72,0.0,0.0,98448.72,0.0,0.0,-0.03047,608.06,566.2846,955.109838,48452.72,0.492162,430.366672,24926.84,0.253196,493.973523,25069.16,0.254642
static_50_25_25,2026-01-21,100674.38,0.0,0.0,100674.38,0.0,0.0,-0.017364,616.28,567.1127,955.109838,50362.94,0.500256,430.366672,25232.4,0.250634,493.973523,25079.04,0.24911
static_50_25_25,2026-01-22,101954.76,0.0,0.0,101954.76,0.0,0.0,-0.010221,620.76,568.1031,955.109838,51480.42,0.504934,430.366672,25400.24,0.249132,493.973523,25074.1,0.245934
static_50_25_25,2026-01-23,102519.04,0.0,0.0,102519.04,0.0,0.0,-0.007095,622.72,569.0983,955.109838,51938.87,0.506627,430.366672,25486.31,0.248601,493.973523,25093.85,0.244773
static_50_25_25,2026-01-26,103276.09,0.0,0.0,103276.09,0.0,0.0,-0.002727,625.46,570.1453,955.109838,52607.45,0.509387,430.366672,25589.6,0.247779,493.973523,25079.04,0.242835
static_50_25_25,2026-01-27,104821.18,0.0,0.0,104821.18,0.0,0.0,0.0,631.13,570.971,955.109838,54001.91,0.515181,430.366672,25740.23,0.245563,493.973523,25079.04,0.239255
static_50_25_25,2026-01-28,105397.21,0.0,0.0,105397.21,0.0,0.0,0.0,633.22,571.9062,955.109838,54498.57,0.517078,430.366672,25804.79,0.244834,493.973523,25093.85,0.238088
static_50_25_25,2026-01-29,104389.84,0.0,0.0,104389.84,0.0,0.0,-0.005985,629.43,572.7813,955.109838,53524.36,0.512735,430.366672,25761.75,0.246784,493.973523,25103.73,0.240481
static_50_25_25,2026-01-30,102182.26,0.0,0.0,102182.26,0.0,0.0,-0.017924,621.87,573.6033,955.109838,51575.93,0.504744,430.366672,25576.69,0.250305,493.973523,25029.64,0.244951
static_50_25_25,2026-02-02,103221.24,0.0,0.0,103221.24,0.0,0.0,-0.011181,626.14,574.444,955.109838,52626.55,0.509842,430.366672,25555.17,0.247577,493.973523,25039.52,0.242581
static_50_25_25,2026-02-03,100425.04,0.0,0.0,100425.04,0.0,0.0,-0.026373,616.52,575.3057,955.109838,50162.37,0.499501,430.366672,25228.09,0.251213,493.973523,25034.58,0.249286
static_50_25_25,2026-02-04,97589.76,200.43,200.43,97389.33,0.0,0.0,-0.043381,605.75,576.114,955.109838,47526.27,0.487001,430.366672,24823.55,0.254366,493.973523,25039.52,0.256579
static_50_25_25,2026-02-05,95302.38,290.29,290.29,95012.09,0.0,0.0,-0.057152,597.03,576.9336,955.109838,45501.43,0.477443,430.366672,24500.77,0.257085,493.973523,25009.88,0.262427
static_50_25_25,2026-02-06,98616.78,290.29,290.29,98326.49,0.0,0.0,-0.037222,609.65,577.7594,955.109838,48319.01,0.489967,430.366672,24982.79,0.253332,493.973523,25024.7,0.253757
static_50_25_25,2026-02-09,99910.09,290.29,290.29,99619.8,0.0,0.0,-0.029847,614.32,578.5582,955.109838,49417.38,0.494619,430.366672,25167.84,0.251905,493.973523,25034.58,0.250571
static_50_25_25,2026-02-10,99146.22,290.29,290.29,98855.93,0.0,0.0,-0.034348,611.47,579.2788,955.109838,48729.7,0.491493,430.366672,25081.77,0.252978,493.973523,25044.46,0.252601
static_50_25_25,2026-02-11,99560.17,290.29,290.29,99269.88,0.0,0.0,-0.031758,613.11,579.9816,955.109838,49092.65,0.493095,430.366672,25137.72,0.252488,493.973523,25039.52,0.251501
static_50_25_25,2026-02-12,96153.55,290.29,290.29,95863.26,0.0,0.0,-0.051451,600.64,580.6227,955.109838,46093.6,0.479375,430.366672,24720.26,0.257092,493.973523,25049.4,0.260515
static_50_25_25,2026-02-13,96394.13,290.29,290.29,96103.84,0.0,0.0,-0.04943,601.92,581.2547,955.109838,46294.17,0.480259,430.366672,24750.39,0.256762,493.973523,25059.28,0.259967
static_50_25_25,2026-02-17,96257.36,290.29,290.29,95967.07,0.0,0.0,-0.050409,601.3,581.8838,955.109838,46179.56,0.479751,430.366672,24733.17,0.256948,493.973523,25054.34,0.260285
static_50_25_25,2026-02-18,97446.25,290.29,290.29,97155.96,0.0,0.0,-0.043318,605.79,582.5044,955.109838,47172.87,0.484091,430.366672,24913.93,0.255668,493.973523,25069.16,0.257261
static_50_25_25,2026-02-19,96815.43,290.29,290.29,96525.14,0.0,0.0,-0.046982,603.47,583.0776,955.109838,46638.01,0.481721,430.366672,24827.85,0.256445,493.973523,25059.28,0.258836
static_50_25_25,2026-02-20,98203.01,290.29,290.29,97912.72,0.0,0.0,-0.038549,608.81,583.692,955.109838,47812.8,0.486877,430.366672,25025.82,0.254838,493.973523,25074.1,0.255329
static_50_25_25,2026-02-23,96195.97,290.29,290.29,95905.68,0.0,0.0,-0.050235,601.41,584.292,955.109838,46074.5,0.478965,430.366672,24771.91,0.257515,493.973523,25059.28,0.260502
static_50_25_25,2026-02-24,97899.87,290.29,290.29,97609.58,0.0,0.0,-0.040033,607.87,584.9148,955.109838,47545.37,0.485653,430.366672,25000.0,0.255363,493.973523,25064.22,0.256019
static_50_25_25,2026-02-25,100158.58,290.29,290.29,99868.29,0.0,0.0,-0.02612,616.68,585.5568,955.109838,49541.55,0.494631,430.366672,25262.52,0.252225,493.973523,25064.22,0.250245
static_50_25_25,2026-02-26,98171.79,290.29,290.29,97881.5,0.0,0.0,-0.03787,609.24,586.1631,955.109838,47803.25,0.486935,430.366672,25038.73,0.25505,493.973523,25039.52,0.255058
static_50_25_25,2026-02-27,97452.2,290.29,290.29,97161.91,0.0,0.0,-0.040949,607.29,586.6603,955.109838,47297.04,0.485336,430.366672,24978.48,0.256315,493.973523,24886.39,0.25537
static_50_25_25,2026-03-02,97455.79,290.29,290.29,97165.5,0.0,0.0,-0.039686,608.09,587.1228,955.109838,47468.96,0.487082,430.366672,24780.51,0.254274,493.973523,24916.02,0.255665
static_50_25_25,2026-03-03,95716.73,290.29,290.29,95426.44,0.0,0.0,-0.049967,601.58,587.5373,955.109838,45940.78,0.479966,430.366672,24569.63,0.256691,493.973523,24916.02,0.26031
static_50_25_25,2026-03-04,98305.66,509.35,509.35,97796.31,0.0,0.0,-0.035485,610.75,587.9948,955.109838,48003.82,0.488312,430.366672,24866.59,0.252952,493.973523,24925.9,0.253555
static_50_25_25,2026-03-05,97886.77,604.88,604.88,97281.89,0.0,0.0,-0.038391,608.91,588.4318,955.109838,47564.47,0.485913,430.366672,24806.33,0.253419,493.973523,24911.08,0.254489
static_50_25_25,2026-03-06,95358.59,604.88,604.88,94753.71,0.0,0.0,-0.052857,599.75,588.8205,955.109838,45405.92,0.47616,430.366672,24466.35,0.256572,493.973523,24881.45,0.260925
static_50_25_25,2026-03-09,97474.29,604.88,604.88,96869.41,0.0,0.0,-0.040207,607.76,589.2579,955.109838,47172.87,0.483952,430.366672,24780.51,0.254226,493.973523,24916.02,0.255616
static_50_25_25,2026-03-10,97510.94,604.88,604.88,96906.06,0.0,0.0,-0.040191,607.77,589.7316,955.109838,47182.43,0.483868,430.366672,24797.73,0.254307,493.973523,24925.9,0.255622
static_50_25_25,2026-03-11,97487.73,604.88,604.88,96882.85,0.0,0.0,-0.040318,607.69,590.2,955.109838,47134.67,0.483493,430.366672,24832.16,0.254721,493.973523,24916.02,0.255581
static_50_25_25,2026-03-12,94729.23,604.88,604.88,94124.35,0.0,0.0,-0.056789,597.26,590.6401,955.109838,44727.79,0.472165,430.366672,24470.65,0.258322,493.973523,24925.9,0.263128
static_50_25_25,2026-03-13,93701.0,604.88,604.88,93096.12,0.0,0.0,-0.06238,593.72,591.0026,955.109838,43868.19,0.468172,430.366672,24341.54,0.259779,493.973523,24886.39,0.265594
static_50_25_25,2026-03-16,95503.09,604.88,604.88,94898.21,0.0,0.0,-0.051862,600.38,591.41,955.109838,45329.51,0.474639,430.366672,24642.8,0.258031,493.973523,24925.9,0.260996
static_50_25_25,2026-03-17,96313.69,604.88,604.88,95708.81,0.0,0.0,-0.047235,603.31,591.8269,955.109838,45998.09,0.477586,430.366672,24784.82,0.257334,493.973523,24925.9,0.258799
static_50_25_25,2026-03-18,94014.78,604.88,604.88,93409.9,0.0,0.0,-0.060516,594.9,592.2058,955.109838,44030.56,0.468337,430.366672,24453.43,0.260102,493.973523,24925.9,0.265127
static_50_25_25,2026-03-19,93591.3,604.88,604.88,92986.42,0.0,0.0,-0.063485,593.02,592.5549,955.109838,43638.97,0.466272,430.366672,24401.79,0.260727,493.973523,24945.66,0.266538
static_50_25_25,2026-03-20,90693.92,604.88,604.88,90089.04,0.0,0.0,-0.080793,582.06,592.8287,955.109838,41146.13,0.453681,430.366672,23997.25,0.264596,493.973523,24945.66,0.275053
static_50_25_25,2026-03-23,92401.23,604.88,604.88,91796.34,0.0,0.0,-0.071413,588.0,593.1248,955.109838,42569.25,0.4607,430.366672,24246.86,0.262408,493.973523,24980.24,0.270345
static_50_25_25,2026-03-24,91383.25,604.88,604.88,90778.37,0.0,0.0,-0.077761,583.98,593.4208,955.109838,41661.89,0.455903,430.366672,24126.36,0.264013,493.973523,24990.12,0.273465
static_50_25_25,2026-03-25,92243.49,604.88,604.88,91638.61,0.0,0.0,-0.071697,587.82,593.7103,955.109838,42397.33,0.459624,430.366672,24251.16,0.262904,493.973523,24990.12,0.270915
static_50_25_25,2026-03-26,88703.96,604.88,604.88,88099.08,0.0,0.0,-0.093854,573.79,593.9257,955.109838,39379.18,0.443939,430.366672,23734.72,0.267572,493.973523,24985.18,0.281669
static_50_25_25,2026-03-27,85885.45,604.88,604.88,85280.57,0.0,0.0,-0.111557,562.58,594.0676,955.109838,37039.16,0.431262,430.366672,23295.75,0.271242,493.973523,24945.66,0.290453
static_50_25_25,2026-03-30,84885.41,604.88,604.88,84280.53,0.0,0.0,-0.118347,558.28,594.1969,955.109838,36189.11,0.426329,430.366672,23140.82,0.272612,493.973523,24950.6,0.293933
static_50_25_25,2026-03-31,89189.26,604.88,604.88,88584.38,0.0,0.0,-0.0885,577.18,594.4145,955.109838,39808.98,0.446343,430.366672,23893.96,0.267902,493.973523,24881.45,0.278974
static_50_25_25,2026-04-01,90669.68,604.88,604.88,90064.8,0.0,0.0,-0.07724,584.31,594.7013,955.109838,41289.4,0.455383,430.366672,23893.96,0.263528,493.973523,24881.45,0.274419
static_50_25_25,2026-04-02,90820.02,604.88,604.88,90215.14,0.0,0.0,-0.076182,584.98,594.9547,955.109838,41384.91,0.45568,430.366672,23924.08,0.263423,493.973523,24906.15,0.274236
static_50_25_25,2026-04-06,91957.64,845.28,845.28,91112.35,0.0,0.0,-0.070623,588.5,595.2518,955.109838,42120.34,0.458041,430.366672,24066.1,0.261709,493.973523,24925.9,0.271059
static_50_25_25,2026-04-07,92110.31,945.26,945.26,91165.05,0.0,0.0,-0.070481,588.59,595.5498,955.109838,42168.1,0.4578,430.366672,24066.1,0.261275,493.973523,24930.84,0.270663
static_50_25_25,2026-04-08,96305.2,945.26,945.26,95359.93,0.0,0.0,-0.042845,606.09,595.9461,955.109838,45845.27,0.476042,430.366672,24573.94,0.255167,493.973523,24940.72,0.258976
static_50_25_25,2026-04-09,97403.49,945.26,945.26,96458.23,0.0,0.0,-0.03637,610.19,596.3388,955.109838,46762.18,0.480087,430.366672,24750.39,0.254102,493.973523,24945.66,0.256106
static_50_25_25,2026-04-10,97651.4,945.26,945.26,96706.14,0.0,0.0,-0.03498,611.07,596.6953,955.109838,46962.75,0.480922,430.366672,24797.73,0.253941,493.973523,24945.66,0.255456
static_50_25_25,2026-04-13,99254.15,945.26,945.26,98308.89,0.0,0.0,-0.024999,617.39,597.0764,955.109838,48385.86,0.487495,430.366672,24952.66,0.251402,493.973523,24970.36,0.25158
static_50_25_25,2026-04-14,102062.73,945.26,945.26,101117.46,0.0,0.0,-0.007296,628.6,597.4883,955.109838,51012.42,0.499814,430.366672,25124.81,0.24617,493.973523,24980.24,0.244754
static_50_25_25,2026-04-15,104250.15,945.26,945.26,103304.89,0.0,0.0,0.0,637.4,597.9349,955.109838,53151.86,0.509849,430.366672,25167.84,0.241418,493.973523,24985.18,0.239666
static_50_25_25,2026-04-16,105021.59,945.26,945.26,104076.33,0.0,0.0,0.0,640.47,598.379,955.109838,53896.85,0.513198,430.366672,25189.36,0.239849,493.973523,24990.12,0.237952
static_50_25_25,2026-04-17,107160.34,945.26,945.26,106215.07,0.0,0.0,0.0,648.85,598.8883,955.109838,55959.89,0.522207,430.366672,25245.31,0.235584,493.973523,25009.88,0.233387
static_50_25_25,2026-04-20,106657.78,945.26,945.26,105712.51,0.0,0.0,-0.003175,646.79,599.3683,955.109838,55472.78,0.520101,430.366672,25249.61,0.236735,493.973523,24990.12,0.234302
static_50_25_25,2026-04-21,106000.33,945.26,945.26,105055.07,0.0,0.0,-0.006966,644.33,599.8088,955.109838,54823.3,0.517199,430.366672,25236.7,0.238081,493.973523,24995.06,0.235802
static_50_25_25,2026-04-22,108801.66,945.26,945.26,107856.4,0.0,0.0,0.0,655.11,600.3242,955.109838,57507.16,0.52855,430.366672,25344.29,0.23294,493.973523,25004.94,0.229821
static_50_25_25,2026-04-23,107835.22,945.26,945.26,106889.96,0.0,0.0,-0.005633,651.42,600.8196,955.109838,56561.6,0.524519,430.366672,25318.47,0.234789,493.973523,25009.88,0.231927
static_50_25_25,2026-04-24,111104.02,945.26,945.26,110158.76,0.0,0.0,0.0,663.88,601.3578,955.109838,59751.67,0.537799,430.366672,25387.33,0.228501,493.973523,25019.76,0.225192
static_50_25_25,2026-04-27,111206.89,945.26,945.26,110261.63,0.0,0.0,0.0,664.23,601.9017,955.109838,59828.08,0.537989,430.366672,25408.85,0.228483,493.973523,25024.7,0.225028
static_50_25_25,2026-04-28,109344.84,945.26,945.26,108399.58,0.0,0.0,-0.010057,657.55,602.4184,955.109838,58013.37,0.530554,430.366672,25361.51,0.231941,493.973523,25024.7,0.22886
static_50_25_25,2026-04-29,110464.45,945.26,945.26,109519.19,0.0,0.0,-0.004005,661.57,602.9452,955.109838,59083.09,0.534861,430.366672,25391.63,0.229862,493.973523,25044.46,0.22672
static_50_25_25,2026-04-30,112096.32,945.26,945.26,111151.05,0.0,0.0,0.0,667.74,603.5003,955.109838,60687.68,0.541389,430.366672,25507.83,0.227553,493.973523,24955.54,0.222626
static_50_25_25,2026-05-01,113595.92,945.26,945.26,112650.66,0.0,0.0,0.0,674.15,604.0846,955.109838,62368.67,0.54904,430.366672,25331.38,0.222996,493.973523,24950.6,0.219643
static_50_25_25,2026-05-04,113225.34,945.26,945.26,112280.07,0.0,0.0,-0.001884,672.88,604.64,955.109838,61996.18,0.547547,430.366672,25318.47,0.223611,493.973523,24965.42,0.220493
static_50_25_25,2026-05-05,115957.2,1199.59,1199.59,114757.61,0.0,0.0,0.0,681.61,605.2418,955.109838,64364.85,0.555074,430.366672,25417.46,0.219197,493.973523,24975.3,0.215384
static_50_25_25,2026-05-06,120195.1,1298.8,1298.8,118896.29,0.0,0.0,0.0,695.77,605.8998,955.109838,68357.21,0.568719,430.366672,25563.78,0.212686,493.973523,24975.3,0.20779
static_50_25_25,2026-05-07,119971.75,1298.8,1298.8,118672.95,0.0,0.0,-0.001193,694.94,606.5682,955.109838,68137.54,0.567946,430.366672,25555.17,0.21301,493.973523,24980.24,0.208218
static_50_25_25,2026-05-08,124803.8,1298.8,1298.8,123505.0,0.0,0.0,0.0,711.23,607.3053,955.109838,72855.78,0.583763,430.366672,25654.16,0.205556,493.973523,24995.06,0.200275
static_50_25_25,2026-05-11,125495.67,1298.8,1298.8,124196.87,0.0,0.0,0.0,713.29,608.0467,955.109838,73505.25,0.585719,430.366672,25701.5,0.2048,493.973523,24990.12,0.199131
static_50_25_25,2026-05-12,123574.45,1298.8,1298.8,122275.65,0.0,0.0,-0.008482,707.24,608.7511,955.109838,71595.03,0.579368,430.366672,25675.68,0.207775,493.973523,25004.94,0.202347
static_50_25_25,2026-05-13,125856.03,1298.8,1298.8,124557.22,0.0,0.0,0.0,714.71,609.4839,955.109838,73772.68,0.586167,430.366672,25774.66,0.204795,493.973523,25009.88,0.198718
static_50_25_25,2026-05-14,127545.85,1298.8,1298.8,126247.04,0.0,0.0,0.0,719.79,610.2466,955.109838,75405.92,0.591206,430.366672,25826.3,0.202486,493.973523,25014.82,0.196124
static_50_25_25,2026-05-15,123989.67,1298.8,1298.8,122690.87,0.0,0.0,-0.015088,708.93,610.9511,955.109838,71957.98,0.580355,430.366672,25723.02,0.207461,493.973523,25009.88,0.201709
static_50_25_25,2026-05-18,122999.52,1298.8,1298.8,121700.72,0.0,0.0,-0.019325,705.88,611.6555,955.109838,70983.76,0.577106,430.366672,25697.19,0.208921,493.973523,25019.76,0.203413
static_50_25_25,2026-05-19,121619.64,1298.8,1298.8,120320.83,0.0,0.0,-0.025369,701.53,612.3937,955.109838,69656.16,0.572738,430.366672,25649.85,0.210902,493.973523,25014.82,0.205681
static_50_25_25,2026-05-20,125212.35,1298.8,1298.8,123913.55,0.0,0.0,-0.009225,713.15,613.139,955.109838,73075.45,0.583612,430.366672,25813.39,0.206157,493.973523,25024.7,0.199858
static_50_25_25,2026-05-21,125688.54,1298.8,1298.8,124389.74,0.0,0.0,-0.007335,714.51,613.9102,955.109838,73495.7,0.584745,430.366672,25869.34,0.205821,493.973523,25024.7,0.199101
static_50_25_25,2026-05-22,126596.45,1298.8,1298.8,125297.64,0.0,0.0,-0.003126,717.54,614.6613,955.109838,74345.75,0.587266,430.366672,25912.38,0.204685,493.973523,25039.52,0.19779
static_50_25_25,2026-05-26,130694.73,1298.8,1298.8,129395.93,0.0,0.0,0.0,730.28,615.4665,955.109838,78271.25,0.598886,430.366672,26080.22,0.199551,493.973523,25044.46,0.191626
static_50_25_25,2026-05-27,130506.04,1298.8,1298.8,129207.24,0.0,0.0,-0.001137,729.45,616.241,955.109838,78003.82,0.597703,430.366672,26149.08,0.200367,493.973523,25054.34,0.191978
static_50_25_25,2026-05-28,132502.64,1298.8,1298.8,131203.84,0.0,0.0,0.0,735.6,617.0547,955.109838,79923.59,0.603185,430.366672,26230.85,0.197965,493.973523,25049.4,0.189048
static_50_25_25,2026-05-29,133345.23,1298.8,1298.8,132046.43,0.0,0.0,0.0,738.31,617.846,955.109838,80764.09,0.605677,430.366672,26316.92,0.197359,493.973523,24965.42,0.187224
static_50_25_25,2026-06-01,134565.13,1298.8,1298.8,133266.33,0.0,0.0,0.0,742.74,618.658,955.109838,82177.65,0.610691,430.366672,26123.26,0.194131,493.973523,24965.42,0.185527
static_50_25_25,2026-06-02,135765.96,1298.8,1298.8,134467.16,0.0,0.0,0.0,746.16,619.4894,955.109838,83304.68,0.61359,430.366672,26192.12,0.192921,493.973523,24970.36,0.183922
static_50_25_25,2026-06-03,135347.74,1541.72,1541.72,133806.02,0.0,0.0,-0.002613,744.21,620.3238,955.109838,82674.31,0.610829,430.366672,26166.29,0.193326,493.973523,24965.42,0.184454
static_50_25_25,2026-06-04,134140.48,1639.49,1639.49,132500.99,0.0,0.0,-0.007438,740.61,621.1413,955.109838,81394.46,0.606785,430.366672,26136.17,0.194842,493.973523,24970.36,0.186151
static_50_25_25,2026-06-05,121739.1,1639.49,1639.49,120099.61,0.0,0.0,-0.055082,705.06,621.8202,955.109838,69770.77,0.573117,430.366672,25348.6,0.208221,493.973523,24980.24,0.205195
static_50_25_25,2026-06-08,125133.66,1639.49,1639.49,123494.17,0.0,0.0,-0.040326,716.07,622.571,955.109838,72846.23,0.582147,430.366672,25662.76,0.205083,493.973523,24985.18,0.199668
static_50_25_25,2026-06-09,122456.49,1639.49,1639.49,120817.0,0.0,0.0,-0.05137,707.83,623.2938,955.109838,70410.7,0.574985,430.366672,25426.06,0.207633,493.973523,24980.24,0.203993
static_50_25_25,2026-06-10,117742.09,1639.49,1639.49,116102.6,0.0,0.0,-0.07032,693.69,623.9023,955.109838,66160.46,0.56191,430.366672,24956.96,0.211963,493.973523,24985.18,0.212203
static_50_25_25,2026-06-11,124830.02,1639.49,1639.49,123190.53,0.0,0.0,-0.038919,717.12,624.6363,955.109838,72597.9,0.581574,430.366672,25602.51,0.205099,493.973523,24990.12,0.200193
static_50_25_25,2026-06-12,126436.41,1639.49,1639.49,124796.92,0.0,0.0,-0.033264,721.34,625.38,955.109838,74040.11,0.585592,430.366672,25761.75,0.203753,493.973523,24995.06,0.197689
static_50_25_25,2026-06-15,133767.0,1639.49,1639.49,132127.51,0.0,0.0,-0.002895,744.0,626.2326,955.109838,80792.74,0.603981,430.366672,26329.83,0.196834,493.973523,25004.94,0.186929
static_50_25_25,2026-06-16,129139.1,1639.49,1639.49,127499.62,0.0,0.0,-0.021845,729.86,626.9965,955.109838,76341.93,0.59116,430.366672,26157.69,0.202554,493.973523,25000.0,0.19359
static_50_25_25,2026-06-17,126679.94,1639.49,1639.49,125040.45,0.0,0.0,-0.031696,722.51,627.757,955.109838,74059.22,0.584617,430.366672,25981.24,0.205094,493.973523,25000.0,0.197348
static_50_25_25,2026-06-18,132202.95,1639.49,1639.49,130563.46,0.0,0.0,-0.007425,740.62,628.632,955.109838,79149.95,0.5987,430.366672,26398.69,0.199683,493.973523,25014.82,0.189215
static_50_25_25,2026-06-22,131948.12,1639.49,1639.49,130308.64,0.0,0.0,-0.011003,737.95,629.4714,955.109838,78872.97,0.597757,430.366672,26415.91,0.200199,493.973523,25019.76,0.189618
static_50_25_25,2026-06-23,123514.43,1639.49,1639.49,121874.94,0.0,0.0,-0.04357,713.65,630.1635,955.109838,71098.38,0.575628,430.366672,25761.75,0.208573,493.973523,25014.82,0.202525
static_50_25_25,2026-06-24,122352.44,1639.49,1639.49,120712.96,0.0,0.0,-0.047631,710.62,630.8363,955.109838,70009.55,0.572196,430.366672,25688.59,0.209956,493.973523,25014.82,0.204449
static_50_25_25,2026-06-25,124127.62,1639.49,1639.49,122488.13,0.0,0.0,-0.039911,716.38,631.5238,955.109838,71585.48,0.576709,430.366672,25877.95,0.208479,493.973523,25024.7,0.201605
static_50_25_25,2026-06-26,120847.05,1639.49,1639.49,119207.57,0.0,0.0,-0.053125,706.52,632.1539,955.109838,68605.54,0.567706,430.366672,25572.39,0.21161,493.973523,25029.64,0.207118
tqqq_buy_hold,2026-01-02,100000.0,0.0,0.0,100000.0,0.0,0.0,0.0,613.12,558.4907,1910.219675,100000.0,1.0,0.0,0.0,0.0,0.0,0.0,0.0
tqqq_buy_hold,2026-01-05,102387.77,0.0,0.0,102387.77,0.0,0.0,0.0,617.99,559.1762,1910.219675,102387.77,1.0,0.0,0.0,0.0,0.0,0.0,0.0
tqqq_buy_hold,2026-01-06,105081.18,0.0,0.0,105081.18,0.0,0.0,0.0,623.42,559.8969,1910.219675,105081.18,1.0,0.0,0.0,0.0,0.0,0.0,0.0
tqqq_buy_hold,2026-01-07,105386.82,0.0,0.0,105386.82,0.0,0.0,0.0,624.02,560.6128,1910.219675,105386.82,1.0,0.0,0.0,0.0,0.0,0.0,0.0
tqqq_buy_hold,2026-01-08,103514.8,0.0,0.0,103514.8,0.0,0.0,-0.005689,620.47,561.2619,1910.219675,103514.8,1.0,0.0,0.0,0.0,0.0,0.0,0.0
tqqq_buy_hold,2026-01-09,106513.85,0.0,0.0,106513.85,0.0,0.0,0.0,626.65,561.9279,1910.219675,106513.85,1.0,0.0,0.0,0.0,0.0,0.0,0.0
tqqq_buy_hold,2026-01-12,106762.18,0.0,0.0,106762.18,0.0,0.0,0.0,627.17,562.6418,1910.219675,106762.18,1.0,0.0,0.0,0.0,0.0,0.0,0.0
tqqq_buy_hold,2026-01-13,106208.21,0.0,0.0,106208.21,0.0,0.0,-0.001483,626.24,563.3649,1910.219675,106208.21,1.0,0.0,0.0,0.0,0.0,0.0,0.0
tqqq_buy_hold,2026-01-14,102827.13,0.0,0.0,102827.13,0.0,0.0,-0.01215,619.55,564.1179,1910.219675,102827.13,1.0,0.0,0.0,0.0,0.0,0.0,0.0
tqqq_buy_hold,2026-01-15,103877.75,0.0,0.0,103877.75,0.0,0.0,-0.008594,621.78,564.8822,1910.219675,103877.75,1.0,0.0,0.0,0.0,0.0,0.0,0.0
tqqq_buy_hold,2026-01-16,103419.29,0.0,0.0,103419.29,0.0,0.0,-0.009423,621.26,565.625,1910.219675,103419.29,1.0,0.0,0.0,0.0,0.0,0.0,0.0
tqqq_buy_hold,2026-01-20,96905.44,0.0,0.0,96905.44,0.0,0.0,-0.03047,608.06,566.2846,1910.219675,96905.44,1.0,0.0,0.0,0.0,0.0,0.0,0.0
tqqq_buy_hold,2026-01-21,100725.88,0.0,0.0,100725.88,0.0,0.0,-0.017364,616.28,567.1127,1910.219675,100725.88,1.0,0.0,0.0,0.0,0.0,0.0,0.0
tqqq_buy_hold,2026-01-22,102960.84,0.0,0.0,102960.84,0.0,0.0,-0.010221,620.76,568.1031,1910.219675,102960.84,1.0,0.0,0.0,0.0,0.0,0.0,0.0
tqqq_buy_hold,2026-01-23,103877.75,0.0,0.0,103877.75,0.0,0.0,-0.007095,622.72,569.0983,1910.219675,103877.75,1.0,0.0,0.0,0.0,0.0,0.0,0.0
tqqq_buy_hold,2026-01-26,105214.9,0.0,0.0,105214.9,0.0,0.0,-0.002727,625.46,570.1453,1910.219675,105214.9,1.0,0.0,0.0,0.0,0.0,0.0,0.0
tqqq_buy_hold,2026-01-27,108003.82,0.0,0.0,108003.82,0.0,0.0,0.0,631.13,570.971,1910.219675,108003.82,1.0,0.0,0.0,0.0,0.0,0.0,0.0
tqqq_buy_hold,2026-01-28,108997.13,0.0,0.0,108997.13,0.0,0.0,0.0,633.22,571.9062,1910.219675,108997.13,1.0,0.0,0.0,0.0,0.0,0.0,0.0
tqqq_buy_hold,2026-01-29,107048.71,0.0,0.0,107048.71,0.0,0.0,-0.005985,629.43,572.7813,1910.219675,107048.71,1.0,0.0,0.0,0.0,0.0,0.0,0.0
tqqq_buy_hold,2026-01-30,103151.86,0.0,0.0,103151.86,0.0,0.0,-0.017924,621.87,573.6033,1910.219675,103151.86,1.0,0.0,0.0,0.0,0.0,0.0,0.0
tqqq_buy_hold,2026-02-02,105253.1,0.0,0.0,105253.1,0.0,0.0,-0.011181,626.14,574.444,1910.219675,105253.1,1.0,0.0,0.0,0.0,0.0,0.0,0.0
tqqq_buy_hold,2026-02-03,100324.74,0.0,0.0,100324.74,0.0,0.0,-0.026373,616.52,575.3057,1910.219675,100324.74,1.0,0.0,0.0,0.0,0.0,0.0,0.0
tqqq_buy_hold,2026-02-04,95052.53,0.0,0.0,95052.53,0.0,0.0,-0.043381,605.75,576.114,1910.219675,95052.53,1.0,0.0,0.0,0.0,0.0,0.0,0.0
tqqq_buy_hold,2026-02-05,91002.87,0.0,0.0,91002.87,0.0,0.0,-0.057152,597.03,576.9336,1910.219675,91002.87,1.0,0.0,0.0,0.0,0.0,0.0,0.0
tqqq_buy_hold,2026-02-06,96638.01,0.0,0.0,96638.01,0.0,0.0,-0.037222,609.65,577.7594,1910.219675,96638.01,1.0,0.0,0.0,0.0,0.0,0.0,0.0
tqqq_buy_hold,2026-02-09,98834.77,0.0,0.0,98834.77,0.0,0.0,-0.029847,614.32,578.5582,1910.219675,98834.77,1.0,0.0,0.0,0.0,0.0,0.0,0.0
tqqq_buy_hold,2026-02-10,97459.41,0.0,0.0,97459.41,0.0,0.0,-0.034348,611.47,579.2788,1910.219675,97459.41,1.0,0.0,0.0,0.0,0.0,0.0,0.0
tqqq_buy_hold,2026-02-11,98185.29,0.0,0.0,98185.29,0.0,0.0,-0.031758,613.11,579.9816,1910.219675,98185.29,1.0,0.0,0.0,0.0,0.0,0.0,0.0
tqqq_buy_hold,2026-02-12,92187.2,0.0,0.0,92187.2,0.0,0.0,-0.051451,600.64,580.6227,1910.219675,92187.2,1.0,0.0,0.0,0.0,0.0,0.0,0.0
tqqq_buy_hold,2026-02-13,92588.35,0.0,0.0,92588.35,0.0,0.0,-0.04943,601.92,581.2547,1910.219675,92588.35,1.0,0.0,0.0,0.0,0.0,0.0,0.0
tqqq_buy_hold,2026-02-17,92359.12,0.0,0.0,92359.12,0.0,0.0,-0.050409,601.3,581.8838,1910.219675,92359.12,1.0,0.0,0.0,0.0,0.0,0.0,0.0
tqqq_buy_hold,2026-02-18,94345.75,0.0,0.0,94345.75,0.0,0.0,-0.043318,605.79,582.5044,1910.219675,94345.75,1.0,0.0,0.0,0.0,0.0,0.0,0.0
tqqq_buy_hold,2026-02-19,93276.03,0.0,0.0,93276.03,0.0,0.0,-0.046982,603.47,583.0776,1910.219675,93276.03,1.0,0.0,0.0,0.0,0.0,0.0,0.0
tqqq_buy_hold,2026-02-20,95625.6,0.0,0.0,95625.6,0.0,0.0,-0.038549,608.81,583.692,1910.219675,95625.6,1.0,0.0,0.0,0.0,0.0,0.0,0.0
tqqq_buy_hold,2026-02-23,92149.0,0.0,0.0,92149.0,0.0,0.0,-0.050235,601.41,584.292,1910.219675,92149.0,1.0,0.0,0.0,0.0,0.0,0.0,0.0
tqqq_buy_hold,2026-02-24,95090.74,0.0,0.0,95090.74,0.0,0.0,-0.040033,607.87,584.9148,1910.219675,95090.74,1.0,0.0,0.0,0.0,0.0,0.0,0.0
tqqq_buy_hold,2026-02-25,99083.09,0.0,0.0,99083.09,0.0,0.0,-0.02612,616.68,585.5568,1910.219675,99083.09,1.0,0.0,0.0,0.0,0.0,0.0,0.0
tqqq_buy_hold,2026-02-26,95606.49,0.0,0.0,95606.49,0.0,0.0,-0.03787,609.24,586.1631,1910.219675,95606.49,1.0,0.0,0.0,0.0,0.0,0.0,0.0
tqqq_buy_hold,2026-02-27,94594.08,0.0,0.0,94594.08,0.0,0.0,-0.040949,607.29,586.6603,1910.219675,94594.08,1.0,0.0,0.0,0.0,0.0,0.0,0.0
tqqq_buy_hold,2026-03-02,94937.92,0.0,0.0,94937.92,0.0,0.0,-0.039686,608.09,587.1228,1910.219675,94937.92,1.0,0.0,0.0,0.0,0.0,0.0,0.0
tqqq_buy_hold,2026-03-03,91881.57,0.0,0.0,91881.57,0.0,0.0,-0.049967,601.58,587.5373,1910.219675,91881.57,1.0,0.0,0.0,0.0,0.0,0.0,0.0
tqqq_buy_hold,2026-03-04,96007.64,0.0,0.0,96007.64,0.0,0.0,-0.035485,610.75,587.9948,1910.219675,96007.64,1.0,0.0,0.0,0.0,0.0,0.0,0.0
tqqq_buy_hold,2026-03-05,95128.94,0.0,0.0,95128.94,0.0,0.0,-0.038391,608.91,588.4318,1910.219675,95128.94,1.0,0.0,0.0,0.0,0.0,0.0,0.0
tqqq_buy_hold,2026-03-06,90811.84,0.0,0.0,90811.84,0.0,0.0,-0.052857,599.75,588.8205,1910.219675,90811.84,1.0,0.0,0.0,0.0,0.0,0.0,0.0
tqqq_buy_hold,2026-03-09,94345.75,0.0,0.0,94345.75,0.0,0.0,-0.040207,607.76,589.2579,1910.219675,94345.75,1.0,0.0,0.0,0.0,0.0,0.0,0.0
tqqq_buy_hold,2026-03-10,94364.85,0.0,0.0,94364.85,0.0,0.0,-0.040191,607.77,589.7316,1910.219675,94364.85,1.0,0.0,0.0,0.0,0.0,0.0,0.0
tqqq_buy_hold,2026-03-11,94269.34,0.0,0.0,94269.34,0.0,0.0,-0.040318,607.69,590.2,1910.219675,94269.34,1.0,0.0,0.0,0.0,0.0,0.0,0.0
tqqq_buy_hold,2026-03-12,89455.59,0.0,0.0,89455.59,0.0,0.0,-0.056789,597.26,590.6401,1910.219675,89455.59,1.0,0.0,0.0,0.0,0.0,0.0,0.0
tqqq_buy_hold,2026-03-13,87736.39,0.0,0.0,87736.39,0.0,0.0,-0.06238,593.72,591.0026,1910.219675,87736.39,1.0,0.0,0.0,0.0,0.0,0.0,0.0
tqqq_buy_hold,2026-03-16,90659.03,0.0,0.0,90659.03,0.0,0.0,-0.051862,600.38,591.41,1910.219675,90659.03,1.0,0.0,0.0,0.0,0.0,0.0,0.0
tqqq_buy_hold,2026-03-17,91996.18,0.0,0.0,91996.18,0.0,0.0,-0.047235,603.31,591.8269,1910.219675,91996.18,1.0,0.0,0.0,0.0,0.0,0.0,0.0
tqqq_buy_hold,2026-03-18,88061.13,0.0,0.0,88061.13,0.0,0.0,-0.060516,594.9,592.2058,1910.219675,88061.13,1.0,0.0,0.0,0.0,0.0,0.0,0.0
tqqq_buy_hold,2026-03-19,87277.94,0.0,0.0,87277.94,0.0,0.0,-0.063485,593.02,592.5549,1910.219675,87277.94,1.0,0.0,0.0,0.0,0.0,0.0,0.0
tqqq_buy_hold,2026-03-20,82292.26,0.0,0.0,82292.26,0.0,0.0,-0.080793,582.06,592.8287,1910.219675,82292.26,1.0,0.0,0.0,0.0,0.0,0.0,0.0
tqqq_buy_hold,2026-03-23,85138.49,0.0,0.0,85138.49,0.0,0.0,-0.071413,588.0,593.1248,1910.219675,85138.49,1.0,0.0,0.0,0.0,0.0,0.0,0.0
tqqq_buy_hold,2026-03-24,83323.78,0.0,0.0,83323.78,0.0,0.0,-0.077761,583.98,593.4208,1910.219675,83323.78,1.0,0.0,0.0,0.0,0.0,0.0,0.0
tqqq_buy_hold,2026-03-25,84794.65,0.0,0.0,84794.65,0.0,0.0,-0.071697,587.82,593.7103,1910.219675,84794.65,1.0,0.0,0.0,0.0,0.0,0.0,0.0
tqqq_buy_hold,2026-03-26,78758.36,0.0,0.0,78758.36,0.0,0.0,-0.093854,573.79,593.9257,1910.219675,78758.36,1.0,0.0,0.0,0.0,0.0,0.0,0.0
tqqq_buy_hold,2026-03-27,74078.32,0.0,0.0,74078.32,0.0,0.0,-0.111557,562.58,594.0676,1910.219675,74078.32,1.0,0.0,0.0,0.0,0.0,0.0,0.0
tqqq_buy_hold,2026-03-30,72378.22,0.0,0.0,72378.22,0.0,0.0,-0.118347,558.28,594.1969,1910.219675,72378.22,1.0,0.0,0.0,0.0,0.0,0.0,0.0
tqqq_buy_hold,2026-03-31,79617.96,0.0,0.0,79617.96,0.0,0.0,-0.0885,577.18,594.4145,1910.219675,79617.96,1.0,0.0,0.0,0.0,0.0,0.0,0.0
tqqq_buy_hold,2026-04-01,82578.8,0.0,0.0,82578.8,0.0,0.0,-0.07724,584.31,594.7013,1910.219675,82578.8,1.0,0.0,0.0,0.0,0.0,0.0,0.0
tqqq_buy_hold,2026-04-02,82769.82,0.0,0.0,82769.82,0.0,0.0,-0.076182,584.98,594.9547,1910.219675,82769.82,1.0,0.0,0.0,0.0,0.0,0.0,0.0
tqqq_buy_hold,2026-04-06,84240.69,0.0,0.0,84240.69,0.0,0.0,-0.070623,588.5,595.2518,1910.219675,84240.69,1.0,0.0,0.0,0.0,0.0,0.0,0.0
tqqq_buy_hold,2026-04-07,84336.2,0.0,0.0,84336.2,0.0,0.0,-0.070481,588.59,595.5498,1910.219675,84336.2,1.0,0.0,0.0,0.0,0.0,0.0,0.0
tqqq_buy_hold,2026-04-08,91690.54,0.0,0.0,91690.54,0.0,0.0,-0.042845,606.09,595.9461,1910.219675,91690.54,1.0,0.0,0.0,0.0,0.0,0.0,0.0
tqqq_buy_hold,2026-04-09,93524.36,0.0,0.0,93524.36,0.0,0.0,-0.03637,610.19,596.3388,1910.219675,93524.36,1.0,0.0,0.0,0.0,0.0,0.0,0.0
tqqq_buy_hold,2026-04-10,93925.5,0.0,0.0,93925.5,0.0,0.0,-0.03498,611.07,596.6953,1910.219675,93925.5,1.0,0.0,0.0,0.0,0.0,0.0,0.0
tqqq_buy_hold,2026-04-13,96771.73,0.0,0.0,96771.73,0.0,0.0,-0.024999,617.39,597.0764,1910.219675,96771.73,1.0,0.0,0.0,0.0,0.0,0.0,0.0
tqqq_buy_hold,2026-04-14,102024.83,0.0,0.0,102024.83,0.0,0.0,-0.007296,628.6,597.4883,1910.219675,102024.83,1.0,0.0,0.0,0.0,0.0,0.0,0.0
tqqq_buy_hold,2026-04-15,106303.72,0.0,0.0,106303.72,0.0,0.0,0.0,637.4,597.9349,1910.219675,106303.72,1.0,0.0,0.0,0.0,0.0,0.0,0.0
tqqq_buy_hold,2026-04-16,107793.7,0.0,0.0,107793.7,0.0,0.0,0.0,640.47,598.379,1910.219675,107793.7,1.0,0.0,0.0,0.0,0.0,0.0,0.0
tqqq_buy_hold,2026-04-17,111919.77,0.0,0.0,111919.77,0.0,0.0,0.0,648.85,598.8883,1910.219675,111919.77,1.0,0.0,0.0,0.0,0.0,0.0,0.0
tqqq_buy_hold,2026-04-20,110945.56,0.0,0.0,110945.56,0.0,0.0,-0.003175,646.79,599.3683,1910.219675,110945.56,1.0,0.0,0.0,0.0,0.0,0.0,0.0
tqqq_buy_hold,2026-04-21,109646.61,0.0,0.0,109646.61,0.0,0.0,-0.006966,644.33,599.8088,1910.219675,109646.61,1.0,0.0,0.0,0.0,0.0,0.0,0.0
tqqq_buy_hold,2026-04-22,115014.33,0.0,0.0,115014.33,0.0,0.0,0.0,655.11,600.3242,1910.219675,115014.33,1.0,0.0,0.0,0.0,0.0,0.0,0.0
tqqq_buy_hold,2026-04-23,113123.21,0.0,0.0,113123.21,0.0,0.0,-0.005633,651.42,600.8196,1910.219675,113123.21,1.0,0.0,0.0,0.0,0.0,0.0,0.0
tqqq_buy_hold,2026-04-24,119503.34,0.0,0.0,119503.34,0.0,0.0,0.0,663.88,601.3578,1910.219675,119503.34,1.0,0.0,0.0,0.0,0.0,0.0,0.0
tqqq_buy_hold,2026-04-27,119656.16,0.0,0.0,119656.16,0.0,0.0,0.0,664.23,601.9017,1910.219675,119656.16,1.0,0.0,0.0,0.0,0.0,0.0,0.0
tqqq_buy_hold,2026-04-28,116026.74,0.0,0.0,116026.74,0.0,0.0,-0.010057,657.55,602.4184,1910.219675,116026.74,1.0,0.0,0.0,0.0,0.0,0.0,0.0
tqqq_buy_hold,2026-04-29,118166.19,0.0,0.0,118166.19,0.0,0.0,-0.004005,661.57,602.9452,1910.219675,118166.19,1.0,0.0,0.0,0.0,0.0,0.0,0.0
tqqq_buy_hold,2026-04-30,121375.36,0.0,0.0,121375.36,0.0,0.0,0.0,667.74,603.5003,1910.219675,121375.36,1.0,0.0,0.0,0.0,0.0,0.0,0.0
tqqq_buy_hold,2026-05-01,124737.34,0.0,0.0,124737.34,0.0,0.0,0.0,674.15,604.0846,1910.219675,124737.34,1.0,0.0,0.0,0.0,0.0,0.0,0.0
tqqq_buy_hold,2026-05-04,123992.36,0.0,0.0,123992.36,0.0,0.0,-0.001884,672.88,604.64,1910.219675,123992.36,1.0,0.0,0.0,0.0,0.0,0.0,0.0
tqqq_buy_hold,2026-05-05,128729.7,0.0,0.0,128729.7,0.0,0.0,0.0,681.61,605.2418,1910.219675,128729.7,1.0,0.0,0.0,0.0,0.0,0.0,0.0
tqqq_buy_hold,2026-05-06,136714.42,0.0,0.0,136714.42,0.0,0.0,0.0,695.77,605.8998,1910.219675,136714.42,1.0,0.0,0.0,0.0,0.0,0.0,0.0
tqqq_buy_hold,2026-05-07,136275.07,0.0,0.0,136275.07,0.0,0.0,-0.001193,694.94,606.5682,1910.219675,136275.07,1.0,0.0,0.0,0.0,0.0,0.0,0.0
tqqq_buy_hold,2026-05-08,145711.56,0.0,0.0,145711.56,0.0,0.0,0.0,711.23,607.3053,1910.219675,145711.56,1.0,0.0,0.0,0.0,0.0,0.0,0.0
tqqq_buy_hold,2026-05-11,147010.51,0.0,0.0,147010.51,0.0,0.0,0.0,713.29,608.0467,1910.219675,147010.51,1.0,0.0,0.0,0.0,0.0,0.0,0.0
tqqq_buy_hold,2026-05-12,143190.07,0.0,0.0,143190.07,0.0,0.0,-0.008482,707.24,608.7511,1910.219675,143190.07,1.0,0.0,0.0,0.0,0.0,0.0,0.0
tqqq_buy_hold,2026-05-13,147545.37,0.0,0.0,147545.37,0.0,0.0,0.0,714.71,609.4839,1910.219675,147545.37,1.0,0.0,0.0,0.0,0.0,0.0,0.0
tqqq_buy_hold,2026-05-14,150811.84,0.0,0.0,150811.84,0.0,0.0,0.0,719.79,610.2466,1910.219675,150811.84,1.0,0.0,0.0,0.0,0.0,0.0,0.0
tqqq_buy_hold,2026-05-15,143915.95,0.0,0.0,143915.95,0.0,0.0,-0.015088,708.93,610.9511,1910.219675,143915.95,1.0,0.0,0.0,0.0,0.0,0.0,0.0
tqqq_buy_hold,2026-05-18,141967.53,0.0,0.0,141967.53,0.0,0.0,-0.019325,705.88,611.6555,1910.219675,141967.53,1.0,0.0,0.0,0.0,0.0,0.0,0.0
tqqq_buy_hold,2026-05-19,139312.32,0.0,0.0,139312.32,0.0,0.0,-0.025369,701.53,612.3937,1910.219675,139312.32,1.0,0.0,0.0,0.0,0.0,0.0,0.0
tqqq_buy_hold,2026-05-20,146150.91,0.0,0.0,146150.91,0.0,0.0,-0.009225,713.15,613.139,1910.219675,146150.91,1.0,0.0,0.0,0.0,0.0,0.0,0.0
tqqq_buy_hold,2026-05-21,146991.4,0.0,0.0,146991.4,0.0,0.0,-0.007335,714.51,613.9102,1910.219675,146991.4,1.0,0.0,0.0,0.0,0.0,0.0,0.0
tqqq_buy_hold,2026-05-22,148691.5,0.0,0.0,148691.5,0.0,0.0,-0.003126,717.54,614.6613,1910.219675,148691.5,1.0,0.0,0.0,0.0,0.0,0.0,0.0
tqqq_buy_hold,2026-05-26,156542.5,0.0,0.0,156542.5,0.0,0.0,0.0,730.28,615.4665,1910.219675,156542.5,1.0,0.0,0.0,0.0,0.0,0.0,0.0
tqqq_buy_hold,2026-05-27,156007.64,0.0,0.0,156007.64,0.0,0.0,-0.001137,729.45,616.241,1910.219675,156007.64,1.0,0.0,0.0,0.0,0.0,0.0,0.0
tqqq_buy_hold,2026-05-28,159847.18,0.0,0.0,159847.18,0.0,0.0,0.0,735.6,617.0547,1910.219675,159847.18,1.0,0.0,0.0,0.0,0.0,0.0,0.0
tqqq_buy_hold,2026-05-29,161528.18,0.0,0.0,161528.18,0.0,0.0,0.0,738.31,617.846,1910.219675,161528.18,1.0,0.0,0.0,0.0,0.0,0.0,0.0
tqqq_buy_hold,2026-06-01,164355.3,0.0,0.0,164355.3,0.0,0.0,0.0,742.74,618.658,1910.219675,164355.3,1.0,0.0,0.0,0.0,0.0,0.0,0.0
tqqq_buy_hold,2026-06-02,166609.36,0.0,0.0,166609.36,0.0,0.0,0.0,746.16,619.4894,1910.219675,166609.36,1.0,0.0,0.0,0.0,0.0,0.0,0.0
tqqq_buy_hold,2026-06-03,165348.62,0.0,0.0,165348.62,0.0,0.0,-0.002613,744.21,620.3238,1910.219675,165348.62,1.0,0.0,0.0,0.0,0.0,0.0,0.0
tqqq_buy_hold,2026-06-04,162788.92,0.0,0.0,162788.92,0.0,0.0,-0.007438,740.61,621.1413,1910.219675,162788.92,1.0,0.0,0.0,0.0,0.0,0.0,0.0
tqqq_buy_hold,2026-06-05,139541.55,0.0,0.0,139541.55,0.0,0.0,-0.055082,705.06,621.8202,1910.219675,139541.55,1.0,0.0,0.0,0.0,0.0,0.0,0.0
tqqq_buy_hold,2026-06-08,145692.45,0.0,0.0,145692.45,0.0,0.0,-0.040326,716.07,622.571,1910.219675,145692.45,1.0,0.0,0.0,0.0,0.0,0.0,0.0
tqqq_buy_hold,2026-06-09,140821.39,0.0,0.0,140821.39,0.0,0.0,-0.05137,707.83,623.2938,1910.219675,140821.39,1.0,0.0,0.0,0.0,0.0,0.0,0.0
tqqq_buy_hold,2026-06-10,132320.92,0.0,0.0,132320.92,0.0,0.0,-0.07032,693.69,623.9023,1910.219675,132320.92,1.0,0.0,0.0,0.0,0.0,0.0,0.0
tqqq_buy_hold,2026-06-11,145195.8,0.0,0.0,145195.8,0.0,0.0,-0.038919,717.12,624.6363,1910.219675,145195.8,1.0,0.0,0.0,0.0,0.0,0.0,0.0
tqqq_buy_hold,2026-06-12,148080.23,0.0,0.0,148080.23,0.0,0.0,-0.033264,721.34,625.38,1910.219675,148080.23,1.0,0.0,0.0,0.0,0.0,0.0,0.0
tqqq_buy_hold,2026-06-15,161585.48,0.0,0.0,161585.48,0.0,0.0,-0.002895,744.0,626.2326,1910.219675,161585.48,1.0,0.0,0.0,0.0,0.0,0.0,0.0
tqqq_buy_hold,2026-06-16,152683.86,0.0,0.0,152683.86,0.0,0.0,-0.021845,729.86,626.9965,1910.219675,152683.86,1.0,0.0,0.0,0.0,0.0,0.0,0.0
tqqq_buy_hold,2026-06-17,148118.43,0.0,0.0,148118.43,0.0,0.0,-0.031696,722.51,627.757,1910.219675,148118.43,1.0,0.0,0.0,0.0,0.0,0.0,0.0
tqqq_buy_hold,2026-06-18,158299.9,0.0,0.0,158299.9,0.0,0.0,-0.007425,740.62,628.632,1910.219675,158299.9,1.0,0.0,0.0,0.0,0.0,0.0,0.0
tqqq_buy_hold,2026-06-22,157745.94,0.0,0.0,157745.94,0.0,0.0,-0.011003,737.95,629.4714,1910.219675,157745.94,1.0,0.0,0.0,0.0,0.0,0.0,0.0
tqqq_buy_hold,2026-06-23,142196.75,0.0,0.0,142196.75,0.0,0.0,-0.04357,713.65,630.1635,1910.219675,142196.75,1.0,0.0,0.0,0.0,0.0,0.0,0.0
tqqq_buy_hold,2026-06-24,140019.1,0.0,0.0,140019.1,0.0,0.0,-0.047631,710.62,630.8363,1910.219675,140019.1,1.0,0.0,0.0,0.0,0.0,0.0,0.0
tqqq_buy_hold,2026-06-25,143170.96,0.0,0.0,143170.96,0.0,0.0,-0.039911,716.38,631.5238,1910.219675,143170.96,1.0,0.0,0.0,0.0,0.0,0.0,0.0
tqqq_buy_hold,2026-06-26,137211.08,0.0,0.0,137211.08,0.0,0.0,-0.053125,706.52,632.1539,1910.219675,137211.08,1.0,0.0,0.0,0.0,0.0,0.0,0.0
