strategy,date,total_value,cash,market_value,principal_invested,margin_used,return_on_principal_cap,drawdown_from_strategy_high,weight_159530,weight_159994,weight_515260,weight_159516,weight_159538
triggered_plan,2026-01-05,400000.0,240000.0,160000.0,160000.0,0.0,0.0,0.0,0.3,0.25,0.2,0.15,0.1
triggered_plan,2026-01-06,401968.58,240000.0,161968.58,160000.0,0.0,0.004921,0.0,0.298759,0.246703,0.200756,0.15343,0.100353
triggered_plan,2026-01-07,403625.95,240000.0,163625.95,160000.0,0.0,0.009065,0.0,0.292253,0.245484,0.199009,0.163173,0.100081
triggered_plan,2026-01-08,403893.53,240000.0,163893.53,160000.0,0.0,0.009734,0.0,0.296164,0.242528,0.198684,0.161653,0.100971
triggered_plan,2026-01-09,405118.57,240000.0,165118.57,160000.0,0.0,0.012796,0.0,0.299229,0.241235,0.198347,0.159921,0.101268
triggered_plan,2026-01-12,408940.61,160000.0,248940.61,240000.0,0.0,0.022352,0.0,0.301021,0.243882,0.197529,0.155692,0.101877
triggered_plan,2026-01-13,401745.18,160000.0,241745.18,240000.0,0.0,0.004363,-0.017595,0.302322,0.243389,0.196791,0.155228,0.102269
triggered_plan,2026-01-14,403753.5,160000.0,243753.5,240000.0,0.0,0.009384,-0.012684,0.296938,0.243947,0.197453,0.157436,0.104227
triggered_plan,2026-01-15,406881.14,160000.0,246881.14,240000.0,0.0,0.017203,-0.005036,0.290498,0.244398,0.198613,0.163704,0.102787
triggered_plan,2026-01-16,412891.77,160000.0,252891.77,240000.0,0.0,0.032229,0.0,0.292483,0.2418,0.199118,0.165022,0.101576
triggered_plan,2026-01-19,411563.18,160000.0,251563.18,240000.0,0.0,0.028908,-0.003218,0.295254,0.240098,0.197958,0.165049,0.101641
triggered_plan,2026-01-20,407580.35,160000.0,247580.35,240000.0,0.0,0.018951,-0.012864,0.295553,0.237905,0.197491,0.166674,0.102377
triggered_plan,2026-01-21,411627.07,160000.0,251627.07,240000.0,0.0,0.029068,-0.003063,0.293428,0.23681,0.200396,0.164332,0.105035
triggered_plan,2026-01-22,411801.13,160000.0,251801.13,240000.0,0.0,0.029503,-0.002641,0.291999,0.241855,0.200257,0.160336,0.105552
triggered_plan,2026-01-23,413028.5,160000.0,253028.5,240000.0,0.0,0.032571,0.0,0.295287,0.237967,0.198461,0.163422,0.104864
triggered_plan,2026-01-26,406495.15,160000.0,246495.15,240000.0,0.0,0.016238,-0.015818,0.290774,0.241233,0.200335,0.160857,0.106801
triggered_plan,2026-01-27,409579.35,160000.0,249579.35,240000.0,0.0,0.023948,-0.008351,0.287711,0.243508,0.199532,0.162104,0.107146
triggered_plan,2026-01-28,409389.26,160000.0,249389.26,240000.0,0.0,0.023473,-0.008811,0.282627,0.244695,0.200242,0.164613,0.107822
triggered_plan,2026-01-29,402748.93,160000.0,242748.93,240000.0,0.0,0.006872,-0.024888,0.285274,0.246243,0.199416,0.161413,0.107654
triggered_plan,2026-01-30,403768.69,160000.0,243768.69,240000.0,0.0,0.009422,-0.022419,0.282634,0.250081,0.199152,0.160564,0.107569
triggered_plan,2026-02-02,395873.24,80000.0,315873.24,320000.0,0.0,-0.010317,-0.041535,0.28991,0.250775,0.19906,0.155578,0.104676
triggered_plan,2026-02-03,403547.51,80000.0,323547.51,320000.0,0.0,0.008869,-0.022955,0.290788,0.251025,0.196645,0.156928,0.104614
triggered_plan,2026-02-04,398330.92,80000.0,318330.92,320000.0,0.0,-0.004173,-0.035585,0.29424,0.247526,0.195765,0.15897,0.103499
triggered_plan,2026-02-05,393748.24,80000.0,313748.24,320000.0,0.0,-0.015629,-0.04668,0.292255,0.24688,0.196543,0.160933,0.103389
triggered_plan,2026-02-06,394260.14,80000.0,314260.14,320000.0,0.0,-0.01435,-0.045441,0.296911,0.244617,0.196223,0.159776,0.102473
triggered_plan,2026-02-09,402813.47,80000.0,322813.47,320000.0,0.0,0.007034,-0.024732,0.293485,0.24823,0.196226,0.159027,0.103032
triggered_plan,2026-02-10,404576.39,80000.0,324576.39,320000.0,0.0,0.011441,-0.020464,0.294284,0.247397,0.196884,0.157816,0.103619
triggered_plan,2026-02-11,400363.04,80000.0,320363.04,320000.0,0.0,0.000908,-0.030665,0.294798,0.246217,0.196853,0.158312,0.10382
triggered_plan,2026-02-12,404209.09,80000.0,324209.09,320000.0,0.0,0.010523,-0.021353,0.29388,0.247162,0.196532,0.157301,0.105125
triggered_plan,2026-02-13,404068.74,80000.0,324068.74,320000.0,0.0,0.010172,-0.021693,0.295666,0.244433,0.196041,0.158931,0.104929
triggered_plan,2026-02-24,406525.21,80000.0,326525.21,320000.0,0.0,0.016313,-0.015745,0.291247,0.249247,0.197138,0.158769,0.1036
triggered_plan,2026-02-25,410106.81,80000.0,330106.81,320000.0,0.0,0.025267,-0.007074,0.288268,0.248568,0.19726,0.1642,0.101705
triggered_plan,2026-02-26,413981.64,80000.0,333981.64,320000.0,0.0,0.034954,0.0,0.283134,0.252439,0.199161,0.163978,0.101287
triggered_plan,2026-02-27,410015.45,80000.0,330015.45,320000.0,0.0,0.025039,-0.009581,0.284546,0.250915,0.19901,0.162371,0.103157
triggered_plan,2026-03-02,405765.98,80000.0,325765.98,320000.0,0.0,0.014415,-0.019845,0.280556,0.25624,0.199602,0.161382,0.102219
triggered_plan,2026-03-03,390460.67,80000.0,310460.67,320000.0,0.0,-0.023848,-0.056816,0.279572,0.259722,0.199526,0.160102,0.101079
triggered_plan,2026-03-04,389309.97,80000.0,309309.97,320000.0,0.0,-0.026725,-0.059596,0.279646,0.259067,0.199363,0.160152,0.101771
triggered_plan,2026-03-05,394511.92,80000.0,314511.92,320000.0,0.0,-0.01372,-0.04703,0.27806,0.260362,0.199625,0.160185,0.101768
triggered_plan,2026-03-06,394838.68,80000.0,314838.68,320000.0,0.0,-0.012903,-0.046241,0.280807,0.259561,0.199418,0.158054,0.10216
triggered_plan,2026-03-09,389854.16,80000.0,309854.16,320000.0,0.0,-0.025365,-0.058282,0.282625,0.257264,0.199615,0.15606,0.104435
triggered_plan,2026-03-10,399320.53,0.0,399320.53,400000.0,0.0,-0.001699,-0.035415,0.28539,0.258708,0.199165,0.154244,0.102493
triggered_plan,2026-03-11,398201.57,0.0,398201.57,400000.0,0.0,-0.004496,-0.038118,0.286002,0.260736,0.199139,0.152748,0.101375
triggered_plan,2026-03-12,393266.51,0.0,393266.51,400000.0,0.0,-0.016834,-0.050039,0.285743,0.261109,0.199559,0.152179,0.10141
triggered_plan,2026-03-13,388752.13,0.0,388752.13,400000.0,0.0,-0.02812,-0.060944,0.284584,0.26121,0.200674,0.152509,0.101023
triggered_plan,2026-03-16,393114.97,0.0,393114.97,400000.0,0.0,-0.017213,-0.050405,0.282003,0.262528,0.200824,0.152949,0.101697
triggered_plan,2026-03-17,382373.96,0.0,382373.96,400000.0,0.0,-0.044065,-0.07635,0.284977,0.259063,0.201273,0.152679,0.102008
triggered_plan,2026-03-18,391061.72,0.0,391061.72,400000.0,0.0,-0.022346,-0.055365,0.280581,0.263377,0.200385,0.15268,0.102977
triggered_plan,2026-03-19,383290.44,0.0,383290.44,400000.0,0.0,-0.041774,-0.074137,0.278767,0.266824,0.199878,0.152132,0.102399
triggered_plan,2026-03-20,379854.11,0.0,379854.11,400000.0,0.0,-0.050365,-0.082437,0.275911,0.270602,0.200456,0.152589,0.100443
triggered_plan,2026-03-23,362774.4,0.0,362774.4,400000.0,0.0,-0.093064,-0.123694,0.280348,0.268775,0.198948,0.152458,0.09947
triggered_plan,2026-03-24,368119.06,0.0,368119.06,400000.0,0.0,-0.079702,-0.110784,0.279773,0.269095,0.198281,0.152711,0.100141
triggered_plan,2026-03-25,378752.07,0.0,378752.07,400000.0,0.0,-0.05312,-0.085099,0.276713,0.27221,0.198264,0.152849,0.099964
triggered_plan,2026-03-26,371464.6,0.0,371464.6,400000.0,0.0,-0.071338,-0.102703,0.280105,0.271134,0.197124,0.152463,0.099174
triggered_plan,2026-03-27,372104.99,0.0,372104.99,400000.0,0.0,-0.069738,-0.101156,0.28064,0.267048,0.197412,0.155767,0.099134
triggered_plan,2026-03-30,373464.66,0.0,373464.66,400000.0,0.0,-0.066338,-0.097871,0.27901,0.268295,0.19513,0.159313,0.098252
triggered_plan,2026-03-31,365021.14,0.0,365021.14,400000.0,0.0,-0.087447,-0.118267,0.282147,0.267972,0.195804,0.156685,0.097391
triggered_plan,2026-04-01,374960.53,0.0,374960.53,400000.0,0.0,-0.062599,-0.094258,0.281933,0.269159,0.195909,0.155139,0.09786
triggered_plan,2026-04-02,364735.53,0.0,364735.53,400000.0,0.0,-0.088161,-0.118957,0.282783,0.269603,0.196278,0.153936,0.097401
triggered_plan,2026-04-03,365115.68,0.0,365115.68,400000.0,0.0,-0.087211,-0.118039,0.278551,0.27443,0.196393,0.153393,0.097233
triggered_plan,2026-04-07,366397.88,0.0,366397.88,400000.0,0.0,-0.084005,-0.114942,0.27675,0.273753,0.198256,0.153619,0.097623
triggered_plan,2026-04-08,390529.56,0.0,390529.56,400000.0,0.0,-0.023676,-0.05665,0.2736,0.276736,0.197369,0.155034,0.097261
triggered_plan,2026-04-09,390781.44,0.0,390781.44,400000.0,0.0,-0.023046,-0.056042,0.269357,0.27974,0.197839,0.156364,0.0967
triggered_plan,2026-04-10,400277.4,0.0,400277.4,400000.0,0.0,0.000694,-0.033104,0.268639,0.281387,0.198981,0.154399,0.096594
triggered_plan,2026-04-13,401147.29,0.0,401147.29,400000.0,0.0,0.002868,-0.031002,0.267301,0.282069,0.200588,0.152323,0.097719
triggered_plan,2026-04-14,410196.33,0.0,410196.33,400000.0,0.0,0.025491,-0.009144,0.266017,0.282161,0.200148,0.153559,0.098114
triggered_plan,2026-04-15,404981.54,0.0,404981.54,400000.0,0.0,0.012454,-0.02174,0.267013,0.280677,0.200995,0.152778,0.098537
triggered_plan,2026-04-16,412907.41,0.0,412907.41,400000.0,0.0,0.032269,-0.002595,0.267386,0.283571,0.199117,0.152044,0.097883
triggered_plan,2026-04-17,419908.33,0.0,419908.33,400000.0,0.0,0.049771,0.0,0.26509,0.290688,0.198579,0.149509,0.096135
triggered_plan,2026-04-20,425846.06,0.0,425846.06,400000.0,0.0,0.064615,0.0,0.263349,0.290771,0.200472,0.1489,0.096509
triggered_plan,2026-04-21,424420.69,0.0,424420.69,400000.0,0.0,0.061052,-0.003347,0.263342,0.293457,0.20032,0.147426,0.095457
triggered_plan,2026-04-22,437732.02,0.0,437732.02,400000.0,0.0,0.09433,0.0,0.257581,0.299209,0.200898,0.14709,0.095222
triggered_plan,2026-04-23,432603.77,0.0,432603.77,400000.0,0.0,0.081509,-0.011715,0.256261,0.300121,0.20139,0.147058,0.09517
triggered_plan,2026-04-24,428237.05,0.0,428237.05,400000.0,0.0,0.070593,-0.021691,0.256224,0.292535,0.203989,0.149863,0.09739
triggered_plan,2026-04-27,441728.16,0.0,441728.16,400000.0,0.0,0.10432,0.0,0.25388,0.288527,0.205954,0.154139,0.0975
triggered_plan,2026-04-28,434476.47,0.0,434476.47,400000.0,0.0,0.086191,-0.016417,0.251847,0.287619,0.206704,0.15655,0.09728
triggered_plan,2026-04-29,436471.77,0.0,436471.77,400000.0,0.0,0.091179,-0.0119,0.254337,0.287491,0.205224,0.155835,0.097114
triggered_plan,2026-04-30,444849.15,0.0,444849.15,400000.0,0.0,0.112123,0.0,0.25448,0.281844,0.207397,0.157767,0.098512
triggered_plan,2026-05-06,459447.16,0.0,459447.16,400000.0,0.0,0.148618,0.0,0.252159,0.279204,0.208942,0.155946,0.10375
triggered_plan,2026-05-07,471574.61,0.0,471574.61,400000.0,0.0,0.178937,0.0,0.252735,0.283669,0.207283,0.155489,0.100824
triggered_plan,2026-05-08,471932.66,0.0,471932.66,400000.0,0.0,0.179832,0.0,0.259759,0.284332,0.204651,0.152264,0.098994
triggered_plan,2026-05-11,489734.32,0.0,489734.32,400000.0,0.0,0.224336,0.0,0.25078,0.284576,0.207228,0.156853,0.100563
triggered_plan,2026-05-12,490031.56,0.0,490031.56,400000.0,0.0,0.225079,0.0,0.247849,0.286518,0.206387,0.160036,0.099211
triggered_plan,2026-05-13,505103.67,0.0,505103.67,400000.0,0.0,0.262759,0.0,0.2424,0.289866,0.207165,0.16162,0.098948
triggered_plan,2026-05-14,492346.87,0.0,492346.87,400000.0,0.0,0.230867,-0.025256,0.240996,0.291273,0.207551,0.161978,0.098201
triggered_plan,2026-05-15,496540.71,0.0,496540.71,400000.0,0.0,0.241352,-0.016953,0.25161,0.282344,0.20227,0.167923,0.095852
triggered_plan,2026-05-18,505068.31,0.0,505068.31,400000.0,0.0,0.262671,-7e-05,0.252306,0.282706,0.202092,0.167024,0.095872
triggered_plan,2026-05-19,515030.2,0.0,515030.2,400000.0,0.0,0.287576,0.0,0.250364,0.278445,0.203172,0.172064,0.095955
triggered_plan,2026-05-20,522287.35,0.0,522287.35,400000.0,0.0,0.305718,0.0,0.243408,0.275965,0.205045,0.178632,0.096951
triggered_plan,2026-05-21,509483.22,0.0,509483.22,400000.0,0.0,0.273708,-0.024515,0.253239,0.271918,0.205155,0.174075,0.095614
triggered_plan,2026-05-22,525173.66,0.0,525173.66,400000.0,0.0,0.312934,0.0,0.24841,0.278394,0.207698,0.17047,0.095028
triggered_plan,2026-05-25,545221.88,0.0,545221.88,400000.0,0.0,0.363055,0.0,0.240248,0.27994,0.210771,0.172911,0.09613
triggered_plan,2026-05-26,541701.88,0.0,541701.88,400000.0,0.0,0.354255,-0.006456,0.240132,0.282142,0.213003,0.169136,0.095587
triggered_plan,2026-05-27,526322.52,0.0,526322.52,400000.0,0.0,0.315806,-0.034664,0.23651,0.288024,0.212792,0.167577,0.095098
triggered_plan,2026-05-28,531249.16,0.0,531249.16,400000.0,0.0,0.328123,-0.025628,0.230898,0.29335,0.213457,0.168126,0.09417
triggered_plan,2026-05-29,510336.06,0.0,510336.06,400000.0,0.0,0.27584,-0.063985,0.228498,0.298671,0.213508,0.1653,0.094024
triggered_plan,2026-06-01,491738.48,0.0,491738.48,400000.0,0.0,0.229346,-0.098095,0.232985,0.298377,0.211608,0.162321,0.09471
triggered_plan,2026-06-02,506350.98,0.0,506350.98,400000.0,0.0,0.265877,-0.071294,0.228951,0.305523,0.211959,0.160533,0.093034
triggered_plan,2026-06-03,519137.76,0.0,519137.76,400000.0,0.0,0.297844,-0.047841,0.224332,0.310173,0.211913,0.161152,0.09243
triggered_plan,2026-06-04,527709.01,0.0,527709.01,400000.0,0.0,0.319273,-0.032121,0.222122,0.307884,0.213561,0.16449,0.091943
triggered_plan,2026-06-05,518414.84,0.0,518414.84,400000.0,0.0,0.296037,-0.049167,0.23822,0.301611,0.208153,0.16232,0.089696
triggered_plan,2026-06-08,505501.49,0.0,505501.49,400000.0,0.0,0.263754,-0.072852,0.249395,0.297632,0.203998,0.161079,0.087896
triggered_plan,2026-06-09,529047.63,0.0,529047.63,400000.0,0.0,0.322619,-0.029665,0.23944,0.300838,0.205294,0.166581,0.087847
triggered_plan,2026-06-10,516490.88,0.0,516490.88,400000.0,0.0,0.291227,-0.052696,0.236031,0.295914,0.20418,0.174552,0.089323
triggered_plan,2026-06-11,513395.79,0.0,513395.79,400000.0,0.0,0.283489,-0.058373,0.226694,0.294469,0.204501,0.184854,0.089483
triggered_plan,2026-06-12,507791.42,0.0,507791.42,400000.0,0.0,0.269479,-0.068652,0.22696,0.295066,0.205608,0.181943,0.090422
triggered_plan,2026-06-15,536858.19,0.0,536858.19,400000.0,0.0,0.342145,-0.01534,0.222988,0.298584,0.208398,0.180287,0.089742
triggered_plan,2026-06-16,544219.19,0.0,544219.19,400000.0,0.0,0.360548,-0.001839,0.223588,0.3014,0.207296,0.178875,0.088841
triggered_plan,2026-06-17,562616.45,0.0,562616.45,400000.0,0.0,0.406541,0.0,0.214393,0.299832,0.209444,0.185811,0.09052
triggered_plan,2026-06-18,580995.99,0.0,580995.99,400000.0,0.0,0.45249,0.0,0.214254,0.301583,0.210255,0.182818,0.091091
triggered_plan,2026-06-22,588025.28,0.0,588025.28,400000.0,0.0,0.470063,0.0,0.207317,0.302383,0.21092,0.186689,0.092692
triggered_plan,2026-06-23,572033.25,0.0,572033.25,400000.0,0.0,0.430083,-0.027196,0.208351,0.297794,0.209875,0.19142,0.092561
triggered_plan,2026-06-24,591856.82,0.0,591856.82,400000.0,0.0,0.479642,0.0,0.202523,0.296749,0.212119,0.195037,0.093572
triggered_plan,2026-06-25,609600.22,0.0,609600.22,400000.0,0.0,0.524001,0.0,0.194145,0.29916,0.215524,0.194974,0.096197
triggered_plan,2026-06-26,592507.69,0.0,592507.69,400000.0,0.0,0.481269,-0.028039,0.190295,0.289428,0.215237,0.20767,0.09737
triggered_plan,2026-06-29,606960.48,0.0,606960.48,400000.0,0.0,0.517401,-0.00433,0.185889,0.279463,0.21473,0.221019,0.0989
triggered_plan,2026-06-30,633801.08,0.0,633801.08,400000.0,0.0,0.584503,0.0,0.192105,0.279236,0.214112,0.217609,0.096939
triggered_plan,2026-07-01,625013.56,0.0,625013.56,400000.0,0.0,0.562534,-0.013865,0.19977,0.270893,0.21077,0.222679,0.095888
triggered_plan,2026-07-02,579895.13,0.0,579895.13,400000.0,0.0,0.449738,-0.085052,0.213225,0.26749,0.209043,0.21604,0.094201
triggered_plan,2026-07-03,589151.6,0.0,589151.6,400000.0,0.0,0.472879,-0.070447,0.228114,0.267157,0.205957,0.20506,0.093712
triggered_plan_with_margin,2026-01-05,400000.0,240000.0,160000.0,160000.0,0.0,0.0,0.0,0.3,0.25,0.2,0.15,0.1
triggered_plan_with_margin,2026-01-06,401968.58,240000.0,161968.58,160000.0,0.0,0.004921,0.0,0.298759,0.246703,0.200756,0.15343,0.100353
triggered_plan_with_margin,2026-01-07,403625.95,240000.0,163625.95,160000.0,0.0,0.009065,0.0,0.292253,0.245484,0.199009,0.163173,0.100081
triggered_plan_with_margin,2026-01-08,403893.53,240000.0,163893.53,160000.0,0.0,0.009734,0.0,0.296164,0.242528,0.198684,0.161653,0.100971
triggered_plan_with_margin,2026-01-09,405118.57,240000.0,165118.57,160000.0,0.0,0.012796,0.0,0.299229,0.241235,0.198347,0.159921,0.101268
triggered_plan_with_margin,2026-01-12,408940.61,160000.0,248940.61,240000.0,0.0,0.022352,0.0,0.301021,0.243882,0.197529,0.155692,0.101877
triggered_plan_with_margin,2026-01-13,401745.18,160000.0,241745.18,240000.0,0.0,0.004363,-0.017595,0.302322,0.243389,0.196791,0.155228,0.102269
triggered_plan_with_margin,2026-01-14,403753.5,160000.0,243753.5,240000.0,0.0,0.009384,-0.012684,0.296938,0.243947,0.197453,0.157436,0.104227
triggered_plan_with_margin,2026-01-15,406881.14,160000.0,246881.14,240000.0,0.0,0.017203,-0.005036,0.290498,0.244398,0.198613,0.163704,0.102787
triggered_plan_with_margin,2026-01-16,412891.77,160000.0,252891.77,240000.0,0.0,0.032229,0.0,0.292483,0.2418,0.199118,0.165022,0.101576
triggered_plan_with_margin,2026-01-19,411563.18,160000.0,251563.18,240000.0,0.0,0.028908,-0.003218,0.295254,0.240098,0.197958,0.165049,0.101641
triggered_plan_with_margin,2026-01-20,407580.35,160000.0,247580.35,240000.0,0.0,0.018951,-0.012864,0.295553,0.237905,0.197491,0.166674,0.102377
triggered_plan_with_margin,2026-01-21,411627.07,160000.0,251627.07,240000.0,0.0,0.029068,-0.003063,0.293428,0.23681,0.200396,0.164332,0.105035
triggered_plan_with_margin,2026-01-22,411801.13,160000.0,251801.13,240000.0,0.0,0.029503,-0.002641,0.291999,0.241855,0.200257,0.160336,0.105552
triggered_plan_with_margin,2026-01-23,413028.5,160000.0,253028.5,240000.0,0.0,0.032571,0.0,0.295287,0.237967,0.198461,0.163422,0.104864
triggered_plan_with_margin,2026-01-26,406495.15,160000.0,246495.15,240000.0,0.0,0.016238,-0.015818,0.290774,0.241233,0.200335,0.160857,0.106801
triggered_plan_with_margin,2026-01-27,409579.35,160000.0,249579.35,240000.0,0.0,0.023948,-0.008351,0.287711,0.243508,0.199532,0.162104,0.107146
triggered_plan_with_margin,2026-01-28,409389.26,160000.0,249389.26,240000.0,0.0,0.023473,-0.008811,0.282627,0.244695,0.200242,0.164613,0.107822
triggered_plan_with_margin,2026-01-29,402748.93,160000.0,242748.93,240000.0,0.0,0.006872,-0.024888,0.285274,0.246243,0.199416,0.161413,0.107654
triggered_plan_with_margin,2026-01-30,403768.69,160000.0,243768.69,240000.0,0.0,0.009422,-0.022419,0.282634,0.250081,0.199152,0.160564,0.107569
triggered_plan_with_margin,2026-02-02,395873.24,80000.0,315873.24,320000.0,0.0,-0.010317,-0.041535,0.28991,0.250775,0.19906,0.155578,0.104676
triggered_plan_with_margin,2026-02-03,403547.51,80000.0,323547.51,320000.0,0.0,0.008869,-0.022955,0.290788,0.251025,0.196645,0.156928,0.104614
triggered_plan_with_margin,2026-02-04,398330.92,80000.0,318330.92,320000.0,0.0,-0.004173,-0.035585,0.29424,0.247526,0.195765,0.15897,0.103499
triggered_plan_with_margin,2026-02-05,393748.24,80000.0,313748.24,320000.0,0.0,-0.015629,-0.04668,0.292255,0.24688,0.196543,0.160933,0.103389
triggered_plan_with_margin,2026-02-06,394260.14,80000.0,314260.14,320000.0,0.0,-0.01435,-0.045441,0.296911,0.244617,0.196223,0.159776,0.102473
triggered_plan_with_margin,2026-02-09,402813.47,80000.0,322813.47,320000.0,0.0,0.007034,-0.024732,0.293485,0.24823,0.196226,0.159027,0.103032
triggered_plan_with_margin,2026-02-10,404576.39,80000.0,324576.39,320000.0,0.0,0.011441,-0.020464,0.294284,0.247397,0.196884,0.157816,0.103619
triggered_plan_with_margin,2026-02-11,400363.04,80000.0,320363.04,320000.0,0.0,0.000908,-0.030665,0.294798,0.246217,0.196853,0.158312,0.10382
triggered_plan_with_margin,2026-02-12,404209.09,80000.0,324209.09,320000.0,0.0,0.010523,-0.021353,0.29388,0.247162,0.196532,0.157301,0.105125
triggered_plan_with_margin,2026-02-13,404068.74,80000.0,324068.74,320000.0,0.0,0.010172,-0.021693,0.295666,0.244433,0.196041,0.158931,0.104929
triggered_plan_with_margin,2026-02-24,406525.21,80000.0,326525.21,320000.0,0.0,0.016313,-0.015745,0.291247,0.249247,0.197138,0.158769,0.1036
triggered_plan_with_margin,2026-02-25,410106.81,80000.0,330106.81,320000.0,0.0,0.025267,-0.007074,0.288268,0.248568,0.19726,0.1642,0.101705
triggered_plan_with_margin,2026-02-26,413981.64,80000.0,333981.64,320000.0,0.0,0.034954,0.0,0.283134,0.252439,0.199161,0.163978,0.101287
triggered_plan_with_margin,2026-02-27,410015.45,80000.0,330015.45,320000.0,0.0,0.025039,-0.009581,0.284546,0.250915,0.19901,0.162371,0.103157
triggered_plan_with_margin,2026-03-02,405765.98,80000.0,325765.98,320000.0,0.0,0.014415,-0.019845,0.280556,0.25624,0.199602,0.161382,0.102219
triggered_plan_with_margin,2026-03-03,390460.67,80000.0,310460.67,320000.0,0.0,-0.023848,-0.056816,0.279572,0.259722,0.199526,0.160102,0.101079
triggered_plan_with_margin,2026-03-04,389309.97,80000.0,309309.97,320000.0,0.0,-0.026725,-0.059596,0.279646,0.259067,0.199363,0.160152,0.101771
triggered_plan_with_margin,2026-03-05,394511.92,80000.0,314511.92,320000.0,0.0,-0.01372,-0.04703,0.27806,0.260362,0.199625,0.160185,0.101768
triggered_plan_with_margin,2026-03-06,394838.68,80000.0,314838.68,320000.0,0.0,-0.012903,-0.046241,0.280807,0.259561,0.199418,0.158054,0.10216
triggered_plan_with_margin,2026-03-09,389854.16,80000.0,309854.16,320000.0,0.0,-0.025365,-0.058282,0.282625,0.257264,0.199615,0.15606,0.104435
triggered_plan_with_margin,2026-03-10,399320.53,0.0,399320.53,400000.0,0.0,-0.001699,-0.035415,0.28539,0.258708,0.199165,0.154244,0.102493
triggered_plan_with_margin,2026-03-11,398201.57,0.0,398201.57,400000.0,0.0,-0.004496,-0.038118,0.286002,0.260736,0.199139,0.152748,0.101375
triggered_plan_with_margin,2026-03-12,393266.51,0.0,393266.51,400000.0,0.0,-0.016834,-0.050039,0.285743,0.261109,0.199559,0.152179,0.10141
triggered_plan_with_margin,2026-03-13,388752.13,0.0,388752.13,400000.0,0.0,-0.02812,-0.060944,0.284584,0.26121,0.200674,0.152509,0.101023
triggered_plan_with_margin,2026-03-16,393114.97,0.0,393114.97,400000.0,0.0,-0.017213,-0.050405,0.282003,0.262528,0.200824,0.152949,0.101697
triggered_plan_with_margin,2026-03-17,382373.96,0.0,382373.96,400000.0,0.0,-0.044065,-0.07635,0.284977,0.259063,0.201273,0.152679,0.102008
triggered_plan_with_margin,2026-03-18,391061.72,0.0,391061.72,400000.0,0.0,-0.022346,-0.055365,0.280581,0.263377,0.200385,0.15268,0.102977
triggered_plan_with_margin,2026-03-19,383290.44,0.0,383290.44,400000.0,0.0,-0.041774,-0.074137,0.278767,0.266824,0.199878,0.152132,0.102399
triggered_plan_with_margin,2026-03-20,379854.11,0.0,379854.11,400000.0,0.0,-0.050365,-0.082437,0.275911,0.270602,0.200456,0.152589,0.100443
triggered_plan_with_margin,2026-03-23,362774.4,0.0,412774.4,400000.0,50000.0,-0.093064,-0.123694,0.282729,0.266501,0.199076,0.15216,0.099534
triggered_plan_with_margin,2026-03-24,368852.32,0.0,418852.32,400000.0,50000.0,-0.077869,-0.109013,0.28215,0.26682,0.198409,0.152414,0.100207
triggered_plan_with_margin,2026-03-25,380928.02,0.0,430928.02,400000.0,50000.0,-0.04768,-0.079843,0.27908,0.269923,0.198403,0.152559,0.100034
triggered_plan_with_margin,2026-03-26,372652.45,0.0,422652.45,400000.0,50000.0,-0.068369,-0.099833,0.28249,0.268847,0.197254,0.152169,0.09924
triggered_plan_with_margin,2026-03-27,373394.99,0.0,423394.99,400000.0,50000.0,-0.066513,-0.09804,0.28302,0.264786,0.197537,0.155461,0.099197
triggered_plan_with_margin,2026-03-30,374927.9,0.0,424927.9,400000.0,50000.0,-0.06268,-0.094337,0.281386,0.266031,0.195259,0.159006,0.098318
triggered_plan_with_margin,2026-03-31,365335.14,0.0,415335.14,400000.0,50000.0,-0.086662,-0.117509,0.28454,0.265702,0.195927,0.156377,0.097453
triggered_plan_with_margin,2026-04-01,376640.95,0.0,426640.95,400000.0,50000.0,-0.058398,-0.090199,0.284327,0.266881,0.196034,0.154836,0.097923
triggered_plan_with_margin,2026-04-02,365009.04,0.0,415009.04,400000.0,50000.0,-0.087477,-0.118297,0.285182,0.267319,0.196402,0.153634,0.097463
triggered_plan_with_margin,2026-04-03,365410.11,0.0,415410.11,400000.0,50000.0,-0.086475,-0.117328,0.280935,0.272127,0.196532,0.153104,0.097302
triggered_plan_with_margin,2026-04-07,366865.37,0.0,416865.37,400000.0,50000.0,-0.082837,-0.113812,0.279121,0.271457,0.198398,0.15333,0.097694
triggered_plan_with_margin,2026-04-08,394296.25,0.0,444296.25,400000.0,50000.0,-0.014259,-0.047551,0.27596,0.274431,0.197521,0.154752,0.097336
triggered_plan_with_margin,2026-04-09,394554.31,0.0,444554.31,400000.0,50000.0,-0.013614,-0.046928,0.271698,0.277427,0.198005,0.156089,0.096781
triggered_plan_with_margin,2026-04-10,405349.87,2536.23,427813.63,400000.0,25000.0,0.013375,-0.020851,0.269883,0.280152,0.199071,0.154256,0.096638
triggered_plan_with_margin,2026-04-13,406277.01,2536.23,428740.78,400000.0,25000.0,0.015693,-0.018611,0.268541,0.280832,0.20068,0.152183,0.097764
triggered_plan_with_margin,2026-04-14,415945.21,2536.23,438408.98,400000.0,25000.0,0.039863,0.0,0.267253,0.280926,0.200242,0.153419,0.09816
triggered_plan_with_margin,2026-04-15,410377.13,2536.23,432840.9,400000.0,25000.0,0.025943,-0.013387,0.26825,0.279445,0.201087,0.152636,0.098582
triggered_plan_with_margin,2026-04-16,418843.19,2536.23,441306.95,400000.0,25000.0,0.047108,0.0,0.268628,0.282329,0.19921,0.151905,0.097928
triggered_plan_with_margin,2026-04-17,426307.42,6399.09,419908.33,400000.0,0.0,0.065769,0.0,0.26509,0.290688,0.198579,0.149509,0.096135
triggered_plan_with_margin,2026-04-20,432245.15,6399.09,425846.06,400000.0,0.0,0.080613,0.0,0.263349,0.290771,0.200472,0.1489,0.096509
triggered_plan_with_margin,2026-04-21,430819.78,6399.09,424420.69,400000.0,0.0,0.077049,-0.003298,0.263342,0.293457,0.20032,0.147426,0.095457
triggered_plan_with_margin,2026-04-22,444131.1,6399.09,437732.02,400000.0,0.0,0.110328,0.0,0.257581,0.299209,0.200898,0.14709,0.095222
triggered_plan_with_margin,2026-04-23,439002.86,6399.09,432603.77,400000.0,0.0,0.097507,-0.011547,0.256261,0.300121,0.20139,0.147058,0.09517
triggered_plan_with_margin,2026-04-24,434636.13,6399.09,428237.05,400000.0,0.0,0.08659,-0.021379,0.256224,0.292535,0.203989,0.149863,0.09739
triggered_plan_with_margin,2026-04-27,448127.25,6399.09,441728.16,400000.0,0.0,0.120318,0.0,0.25388,0.288527,0.205954,0.154139,0.0975
triggered_plan_with_margin,2026-04-28,440875.56,6399.09,434476.47,400000.0,0.0,0.102189,-0.016182,0.251847,0.287619,0.206704,0.15655,0.09728
triggered_plan_with_margin,2026-04-29,442870.85,6399.09,436471.77,400000.0,0.0,0.107177,-0.01173,0.254337,0.287491,0.205224,0.155835,0.097114
triggered_plan_with_margin,2026-04-30,451248.24,6399.09,444849.15,400000.0,0.0,0.128121,0.0,0.25448,0.281844,0.207397,0.157767,0.098512
triggered_plan_with_margin,2026-05-06,465846.25,6399.09,459447.16,400000.0,0.0,0.164616,0.0,0.252159,0.279204,0.208942,0.155946,0.10375
triggered_plan_with_margin,2026-05-07,477973.69,6399.09,471574.61,400000.0,0.0,0.194934,0.0,0.252735,0.283669,0.207283,0.155489,0.100824
triggered_plan_with_margin,2026-05-08,478331.75,6399.09,471932.66,400000.0,0.0,0.195829,0.0,0.259759,0.284332,0.204651,0.152264,0.098994
triggered_plan_with_margin,2026-05-11,496133.41,6399.09,489734.32,400000.0,0.0,0.240334,0.0,0.25078,0.284576,0.207228,0.156853,0.100563
triggered_plan_with_margin,2026-05-12,496430.65,6399.09,490031.56,400000.0,0.0,0.241077,0.0,0.247849,0.286518,0.206387,0.160036,0.099211
triggered_plan_with_margin,2026-05-13,511502.75,6399.09,505103.67,400000.0,0.0,0.278757,0.0,0.2424,0.289866,0.207165,0.16162,0.098948
triggered_plan_with_margin,2026-05-14,498745.95,6399.09,492346.87,400000.0,0.0,0.246865,-0.02494,0.240996,0.291273,0.207551,0.161978,0.098201
triggered_plan_with_margin,2026-05-15,502939.8,6399.09,496540.71,400000.0,0.0,0.257349,-0.016741,0.25161,0.282344,0.20227,0.167923,0.095852
triggered_plan_with_margin,2026-05-18,511467.4,6399.09,505068.31,400000.0,0.0,0.278668,-6.9e-05,0.252306,0.282706,0.202092,0.167024,0.095872
triggered_plan_with_margin,2026-05-19,521429.29,6399.09,515030.2,400000.0,0.0,0.303573,0.0,0.250364,0.278445,0.203172,0.172064,0.095955
triggered_plan_with_margin,2026-05-20,528686.43,6399.09,522287.35,400000.0,0.0,0.321716,0.0,0.243408,0.275965,0.205045,0.178632,0.096951
triggered_plan_with_margin,2026-05-21,515882.31,6399.09,509483.22,400000.0,0.0,0.289706,-0.024219,0.253239,0.271918,0.205155,0.174075,0.095614
triggered_plan_with_margin,2026-05-22,531572.75,6399.09,525173.66,400000.0,0.0,0.328932,0.0,0.24841,0.278394,0.207698,0.17047,0.095028
triggered_plan_with_margin,2026-05-25,551620.96,6399.09,545221.88,400000.0,0.0,0.379052,0.0,0.240248,0.27994,0.210771,0.172911,0.09613
triggered_plan_with_margin,2026-05-26,548100.97,6399.09,541701.88,400000.0,0.0,0.370252,-0.006381,0.240132,0.282142,0.213003,0.169136,0.095587
triggered_plan_with_margin,2026-05-27,532721.6,6399.09,526322.52,400000.0,0.0,0.331804,-0.034261,0.23651,0.288024,0.212792,0.167577,0.095098
triggered_plan_with_margin,2026-05-28,537648.24,6399.09,531249.16,400000.0,0.0,0.344121,-0.02533,0.230898,0.29335,0.213457,0.168126,0.09417
triggered_plan_with_margin,2026-05-29,516735.14,6399.09,510336.06,400000.0,0.0,0.291838,-0.063242,0.228498,0.298671,0.213508,0.1653,0.094024
triggered_plan_with_margin,2026-06-01,498137.56,6399.09,491738.48,400000.0,0.0,0.245344,-0.096957,0.232985,0.298377,0.211608,0.162321,0.09471
triggered_plan_with_margin,2026-06-02,512750.06,6399.09,506350.98,400000.0,0.0,0.281875,-0.070467,0.228951,0.305523,0.211959,0.160533,0.093034
triggered_plan_with_margin,2026-06-03,525536.84,6399.09,519137.76,400000.0,0.0,0.313842,-0.047286,0.224332,0.310173,0.211913,0.161152,0.09243
triggered_plan_with_margin,2026-06-04,534108.09,6399.09,527709.01,400000.0,0.0,0.33527,-0.031748,0.222122,0.307884,0.213561,0.16449,0.091943
triggered_plan_with_margin,2026-06-05,524813.93,6399.09,518414.84,400000.0,0.0,0.312035,-0.048597,0.23822,0.301611,0.208153,0.16232,0.089696
triggered_plan_with_margin,2026-06-08,511900.58,6399.09,505501.49,400000.0,0.0,0.279751,-0.072007,0.249395,0.297632,0.203998,0.161079,0.087896
triggered_plan_with_margin,2026-06-09,535446.71,6399.09,529047.63,400000.0,0.0,0.338617,-0.029321,0.23944,0.300838,0.205294,0.166581,0.087847
triggered_plan_with_margin,2026-06-10,522889.97,6399.09,516490.88,400000.0,0.0,0.307225,-0.052085,0.236031,0.295914,0.20418,0.174552,0.089323
triggered_plan_with_margin,2026-06-11,519794.87,6399.09,513395.79,400000.0,0.0,0.299487,-0.057696,0.226694,0.294469,0.204501,0.184854,0.089483
triggered_plan_with_margin,2026-06-12,514190.5,6399.09,507791.42,400000.0,0.0,0.285476,-0.067855,0.22696,0.295066,0.205608,0.181943,0.090422
triggered_plan_with_margin,2026-06-15,543257.27,6399.09,536858.19,400000.0,0.0,0.358143,-0.015162,0.222988,0.298584,0.208398,0.180287,0.089742
triggered_plan_with_margin,2026-06-16,550618.28,6399.09,544219.19,400000.0,0.0,0.376546,-0.001818,0.223588,0.3014,0.207296,0.178875,0.088841
triggered_plan_with_margin,2026-06-17,569015.53,6399.09,562616.45,400000.0,0.0,0.422539,0.0,0.214393,0.299832,0.209444,0.185811,0.09052
triggered_plan_with_margin,2026-06-18,587395.08,6399.09,580995.99,400000.0,0.0,0.468488,0.0,0.214254,0.301583,0.210255,0.182818,0.091091
triggered_plan_with_margin,2026-06-22,594424.36,6399.09,588025.28,400000.0,0.0,0.486061,0.0,0.207317,0.302383,0.21092,0.186689,0.092692
triggered_plan_with_margin,2026-06-23,578432.34,6399.09,572033.25,400000.0,0.0,0.446081,-0.026903,0.208351,0.297794,0.209875,0.19142,0.092561
triggered_plan_with_margin,2026-06-24,598255.91,6399.09,591856.82,400000.0,0.0,0.49564,0.0,0.202523,0.296749,0.212119,0.195037,0.093572
triggered_plan_with_margin,2026-06-25,615999.31,6399.09,609600.22,400000.0,0.0,0.539998,0.0,0.194145,0.29916,0.215524,0.194974,0.096197
triggered_plan_with_margin,2026-06-26,598906.77,6399.09,592507.69,400000.0,0.0,0.497267,-0.027748,0.190295,0.289428,0.215237,0.20767,0.09737
triggered_plan_with_margin,2026-06-29,613359.57,6399.09,606960.48,400000.0,0.0,0.533399,-0.004285,0.185889,0.279463,0.21473,0.221019,0.0989
triggered_plan_with_margin,2026-06-30,640200.17,6399.09,633801.08,400000.0,0.0,0.6005,0.0,0.192105,0.279236,0.214112,0.217609,0.096939
triggered_plan_with_margin,2026-07-01,631412.65,6399.09,625013.56,400000.0,0.0,0.578532,-0.013726,0.19977,0.270893,0.21077,0.222679,0.095888
triggered_plan_with_margin,2026-07-02,586294.21,6399.09,579895.13,400000.0,0.0,0.465736,-0.084202,0.213225,0.26749,0.209043,0.21604,0.094201
triggered_plan_with_margin,2026-07-03,595550.69,6399.09,589151.6,400000.0,0.0,0.488877,-0.069743,0.228114,0.267157,0.205957,0.20506,0.093712
monthly_dca,2026-01-05,400000.0,240000.0,160000.0,160000.0,0.0,0.0,0.0,0.3,0.25,0.2,0.15,0.1
monthly_dca,2026-01-06,401968.58,240000.0,161968.58,160000.0,0.0,0.004921,0.0,0.298759,0.246703,0.200756,0.15343,0.100353
monthly_dca,2026-01-07,403625.95,240000.0,163625.95,160000.0,0.0,0.009065,0.0,0.292253,0.245484,0.199009,0.163173,0.100081
monthly_dca,2026-01-08,403893.53,240000.0,163893.53,160000.0,0.0,0.009734,0.0,0.296164,0.242528,0.198684,0.161653,0.100971
monthly_dca,2026-01-09,405118.57,240000.0,165118.57,160000.0,0.0,0.012796,0.0,0.299229,0.241235,0.198347,0.159921,0.101268
monthly_dca,2026-01-12,408940.61,240000.0,168940.61,160000.0,0.0,0.022352,0.0,0.301504,0.240984,0.196359,0.158387,0.102766
monthly_dca,2026-01-13,404058.78,240000.0,164058.78,160000.0,0.0,0.010147,-0.011938,0.302806,0.240496,0.195624,0.157913,0.103161
monthly_dca,2026-01-14,405427.69,240000.0,165427.69,160000.0,0.0,0.013569,-0.00859,0.297402,0.241038,0.196274,0.160154,0.105132
monthly_dca,2026-01-15,407562.6,240000.0,167562.6,160000.0,0.0,0.018907,-0.00337,0.29093,0.241466,0.197414,0.166518,0.103671
monthly_dca,2026-01-16,411649.56,240000.0,171649.56,160000.0,0.0,0.029124,0.0,0.292906,0.238889,0.197907,0.167852,0.102446
monthly_dca,2026-01-19,410753.35,240000.0,170753.35,160000.0,0.0,0.026883,-0.002177,0.295671,0.2372,0.196748,0.167874,0.102507
monthly_dca,2026-01-20,408060.66,240000.0,168060.66,160000.0,0.0,0.020152,-0.008718,0.295952,0.235019,0.19627,0.169516,0.103243
monthly_dca,2026-01-21,410803.35,240000.0,170803.35,160000.0,0.0,0.027008,-0.002056,0.293831,0.233942,0.199162,0.167138,0.105927
monthly_dca,2026-01-22,410899.97,240000.0,170899.97,160000.0,0.0,0.02725,-0.001821,0.292437,0.238957,0.19905,0.163095,0.106462
monthly_dca,2026-01-23,411751.8,240000.0,171751.8,160000.0,0.0,0.029379,0.0,0.295697,0.235089,0.197243,0.166215,0.105756
monthly_dca,2026-01-26,407302.9,240000.0,167302.9,160000.0,0.0,0.018257,-0.010805,0.291203,0.238336,0.199123,0.16362,0.107718
monthly_dca,2026-01-27,409395.8,240000.0,169395.8,160000.0,0.0,0.023489,-0.005722,0.288136,0.240584,0.198324,0.164889,0.108067
monthly_dca,2026-01-28,409270.65,240000.0,169270.65,160000.0,0.0,0.023177,-0.006026,0.283039,0.241752,0.199025,0.167438,0.108747
monthly_dca,2026-01-29,404752.69,240000.0,164752.69,160000.0,0.0,0.011882,-0.016998,0.285708,0.243297,0.198218,0.164194,0.108584
monthly_dca,2026-01-30,405434.26,240000.0,165434.26,160000.0,0.0,0.013586,-0.015343,0.283082,0.247105,0.197968,0.16334,0.108505
monthly_dca,2026-02-02,400065.15,160000.0,240065.15,240000.0,0.0,0.000163,-0.028383,0.291307,0.248711,0.198382,0.156803,0.104797
monthly_dca,2026-02-03,405902.79,160000.0,245902.79,240000.0,0.0,0.014757,-0.014205,0.292183,0.248954,0.195971,0.15816,0.104732
monthly_dca,2026-02-04,401953.36,160000.0,241953.36,240000.0,0.0,0.004883,-0.023797,0.295632,0.245468,0.195082,0.160208,0.10361
monthly_dca,2026-02-05,398472.22,160000.0,238472.22,240000.0,0.0,-0.003819,-0.032251,0.293635,0.244826,0.195855,0.162185,0.103498
monthly_dca,2026-02-06,398868.94,160000.0,238868.94,240000.0,0.0,-0.002828,-0.031288,0.298304,0.242574,0.19553,0.161014,0.102578
monthly_dca,2026-02-09,405357.69,160000.0,245357.69,240000.0,0.0,0.013394,-0.015529,0.294877,0.24617,0.195543,0.160267,0.103143
monthly_dca,2026-02-10,406697.51,160000.0,246697.51,240000.0,0.0,0.016744,-0.012275,0.295679,0.245343,0.196199,0.159047,0.103731
monthly_dca,2026-02-11,403499.12,160000.0,243499.12,240000.0,0.0,0.008748,-0.020043,0.296191,0.244169,0.196165,0.159545,0.103931
monthly_dca,2026-02-12,406418.07,160000.0,246418.07,240000.0,0.0,0.016045,-0.012954,0.295274,0.24511,0.195848,0.158529,0.105238
monthly_dca,2026-02-13,406322.56,160000.0,246322.56,240000.0,0.0,0.015806,-0.013186,0.297055,0.242393,0.195351,0.160164,0.105037
monthly_dca,2026-02-24,408172.97,160000.0,248172.97,240000.0,0.0,0.020432,-0.008692,0.292635,0.247184,0.196456,0.160011,0.103714
monthly_dca,2026-02-25,410903.02,160000.0,250903.02,240000.0,0.0,0.027258,-0.002061,0.289633,0.246502,0.196572,0.16548,0.101814
monthly_dca,2026-02-26,413831.58,160000.0,253831.58,240000.0,0.0,0.034579,0.0,0.284494,0.250358,0.198479,0.165267,0.101402
monthly_dca,2026-02-27,410819.55,160000.0,250819.55,240000.0,0.0,0.027049,-0.007278,0.285909,0.248844,0.198328,0.163646,0.103273
monthly_dca,2026-03-02,407571.55,80000.0,327571.55,320000.0,0.0,0.018929,-0.015127,0.286337,0.253132,0.199193,0.159569,0.10177
monthly_dca,2026-03-03,392167.99,80000.0,312167.99,320000.0,0.0,-0.01958,-0.052349,0.285344,0.256582,0.199125,0.15831,0.100639
monthly_dca,2026-03-04,391012.9,80000.0,311012.9,320000.0,0.0,-0.022468,-0.05514,0.285418,0.255934,0.198962,0.158358,0.101328
monthly_dca,2026-03-05,396227.91,80000.0,316227.91,320000.0,0.0,-0.00943,-0.042538,0.283813,0.257225,0.199233,0.158399,0.10133
monthly_dca,2026-03-06,396584.61,80000.0,316584.61,320000.0,0.0,-0.008538,-0.041676,0.286592,0.256411,0.199009,0.156278,0.101711
monthly_dca,2026-03-09,391596.54,80000.0,311596.54,320000.0,0.0,-0.021009,-0.05373,0.288425,0.254123,0.19919,0.154294,0.103968
monthly_dca,2026-03-10,401101.11,80000.0,321101.11,320000.0,0.0,0.002753,-0.030762,0.287524,0.257716,0.198542,0.153557,0.102661
monthly_dca,2026-03-11,400201.88,80000.0,320201.88,320000.0,0.0,0.000505,-0.032935,0.28814,0.259736,0.198515,0.152068,0.101541
monthly_dca,2026-03-12,396232.84,80000.0,316232.84,320000.0,0.0,-0.009418,-0.042526,0.28788,0.260109,0.198934,0.151502,0.101576
monthly_dca,2026-03-13,392598.16,80000.0,312598.16,320000.0,0.0,-0.018505,-0.051309,0.286716,0.260212,0.200049,0.151832,0.10119
monthly_dca,2026-03-16,396098.23,80000.0,316098.23,320000.0,0.0,-0.009754,-0.042852,0.284124,0.261532,0.200203,0.152274,0.101867
monthly_dca,2026-03-17,387472.55,80000.0,307472.55,320000.0,0.0,-0.031319,-0.063695,0.28711,0.258071,0.200644,0.152,0.102176
monthly_dca,2026-03-18,394444.34,80000.0,314444.34,320000.0,0.0,-0.013889,-0.046848,0.282694,0.26238,0.199768,0.152008,0.103151
monthly_dca,2026-03-19,388188.32,80000.0,308188.32,320000.0,0.0,-0.029529,-0.061965,0.280873,0.265821,0.199266,0.151465,0.102574
monthly_dca,2026-03-20,385412.2,80000.0,305412.2,320000.0,0.0,-0.036469,-0.068674,0.278007,0.269596,0.199852,0.151927,0.100619
monthly_dca,2026-03-23,371692.49,80000.0,291692.49,320000.0,0.0,-0.070769,-0.101827,0.282466,0.267764,0.19834,0.15179,0.099641
monthly_dca,2026-03-24,375988.9,80000.0,295988.9,320000.0,0.0,-0.060028,-0.091445,0.281887,0.268084,0.197675,0.152042,0.100313
monthly_dca,2026-03-25,384527.59,80000.0,304527.59,320000.0,0.0,-0.038681,-0.070811,0.278814,0.271197,0.197665,0.152185,0.100139
monthly_dca,2026-03-26,378678.25,80000.0,298678.25,320000.0,0.0,-0.053304,-0.084946,0.282222,0.270116,0.196522,0.151796,0.099344
monthly_dca,2026-03-27,379194.35,80000.0,299194.35,320000.0,0.0,-0.052014,-0.083699,0.28276,0.266044,0.196808,0.155084,0.099304
monthly_dca,2026-03-30,380279.48,80000.0,300279.48,320000.0,0.0,-0.049301,-0.081077,0.281125,0.267294,0.194538,0.15862,0.098423
monthly_dca,2026-03-31,373500.23,80000.0,293500.23,320000.0,0.0,-0.066249,-0.097458,0.284277,0.266963,0.195204,0.155998,0.097558
monthly_dca,2026-04-01,381492.48,0.0,381492.48,400000.0,0.0,-0.046269,-0.078146,0.287403,0.26434,0.196292,0.153524,0.098441
monthly_dca,2026-04-02,371096.44,0.0,371096.44,400000.0,0.0,-0.072259,-0.103267,0.288264,0.264771,0.196658,0.15233,0.097977
monthly_dca,2026-04-03,371422.42,0.0,371422.42,400000.0,0.0,-0.071444,-0.102479,0.283996,0.269556,0.196806,0.151818,0.097824
monthly_dca,2026-04-07,372719.61,0.0,372719.61,400000.0,0.0,-0.068201,-0.099345,0.282166,0.268895,0.198676,0.152044,0.098219
monthly_dca,2026-04-08,397214.75,0.0,397214.75,400000.0,0.0,-0.006963,-0.040154,0.278991,0.271863,0.197814,0.153465,0.097867
monthly_dca,2026-04-09,397410.37,0.0,397410.37,400000.0,0.0,-0.006474,-0.039681,0.274707,0.274855,0.198316,0.154805,0.097318
monthly_dca,2026-04-10,407058.7,0.0,407058.7,400000.0,0.0,0.017647,-0.016366,0.27398,0.276479,0.199464,0.152863,0.097213
monthly_dca,2026-04-13,407940.59,0.0,407940.59,400000.0,0.0,0.019851,-0.014235,0.272618,0.277151,0.201076,0.150809,0.098346
monthly_dca,2026-04-14,417127.03,0.0,417127.03,400000.0,0.0,0.042818,0.0,0.271318,0.277252,0.200644,0.152039,0.098747
monthly_dca,2026-04-15,411848.11,0.0,411848.11,400000.0,0.0,0.02962,-0.012655,0.272318,0.275778,0.201481,0.151256,0.099167
monthly_dca,2026-04-16,419889.67,0.0,419889.67,400000.0,0.0,0.049724,0.0,0.27271,0.278634,0.199607,0.150536,0.098513
monthly_dca,2026-04-17,426941.92,0.0,426941.92,400000.0,0.0,0.067355,0.0,0.270412,0.285671,0.199098,0.148049,0.096769
monthly_dca,2026-04-20,432969.13,0.0,432969.13,400000.0,0.0,0.082423,0.0,0.268641,0.28576,0.201001,0.14745,0.097148
monthly_dca,2026-04-21,431502.9,0.0,431502.9,400000.0,0.0,0.078757,-0.003386,0.268645,0.288411,0.200856,0.145996,0.096092
monthly_dca,2026-04-22,444942.14,0.0,444942.14,400000.0,0.0,0.112355,0.0,0.262824,0.294126,0.201479,0.145695,0.095877
monthly_dca,2026-04-23,439711.4,0.0,439711.4,400000.0,0.0,0.099279,-0.011756,0.261488,0.295035,0.20198,0.145669,0.095828
monthly_dca,2026-04-24,435327.03,0.0,435327.03,400000.0,0.0,0.088318,-0.02161,0.261417,0.287542,0.204562,0.148428,0.098051
monthly_dca,2026-04-27,449035.33,0.0,449035.33,400000.0,0.0,0.122588,0.0,0.259029,0.283606,0.206536,0.152665,0.098164
monthly_dca,2026-04-28,441642.4,0.0,441642.4,400000.0,0.0,0.104106,-0.016464,0.256968,0.282727,0.207297,0.155062,0.097946
monthly_dca,2026-04-29,443694.66,0.0,443694.66,400000.0,0.0,0.109237,-0.011894,0.259494,0.282586,0.205802,0.154344,0.097774
monthly_dca,2026-04-30,452254.27,0.0,452254.27,400000.0,0.0,0.130636,0.0,0.259615,0.277008,0.207961,0.156243,0.099172
monthly_dca,2026-05-06,467121.14,0.0,467121.14,400000.0,0.0,0.167803,0.0,0.257233,0.274398,0.209498,0.154431,0.104439
monthly_dca,2026-05-07,479410.54,0.0,479410.54,400000.0,0.0,0.198526,0.0,0.257842,0.27881,0.207853,0.153992,0.101502
monthly_dca,2026-05-08,479842.72,0.0,479842.72,400000.0,0.0,0.199607,0.0,0.264971,0.279422,0.205185,0.150776,0.099646
monthly_dca,2026-05-11,497837.11,0.0,497837.11,400000.0,0.0,0.244593,0.0,0.255866,0.279721,0.207812,0.155354,0.101247
monthly_dca,2026-05-12,498072.24,0.0,498072.24,400000.0,0.0,0.245181,0.0,0.252909,0.281668,0.206997,0.158527,0.099899
monthly_dca,2026-05-13,513298.02,0.0,513298.02,400000.0,0.0,0.283245,0.0,0.247395,0.285012,0.207815,0.160126,0.099653
monthly_dca,2026-05-14,500304.28,0.0,500304.28,400000.0,0.0,0.250761,-0.025314,0.245976,0.286413,0.208215,0.16049,0.098906
monthly_dca,2026-05-15,504707.17,0.0,504707.17,400000.0,0.0,0.261768,-0.016737,0.256737,0.277555,0.20286,0.166334,0.096514
monthly_dca,2026-05-18,513383.33,0.0,513383.33,400000.0,0.0,0.283458,0.0,0.257443,0.277906,0.202679,0.16544,0.096532
monthly_dca,2026-05-19,523503.32,0.0,523503.32,400000.0,0.0,0.308758,0.0,0.255465,0.27372,0.203764,0.170435,0.096616
monthly_dca,2026-05-20,530800.48,0.0,530800.48,400000.0,0.0,0.327001,0.0,0.248405,0.271323,0.205673,0.176967,0.097634
monthly_dca,2026-05-21,517944.68,0.0,517944.68,400000.0,0.0,0.294862,-0.02422,0.258358,0.267263,0.205721,0.1724,0.096259
monthly_dca,2026-05-22,533804.55,0.0,533804.55,400000.0,0.0,0.334511,0.0,0.253476,0.273675,0.208307,0.168858,0.095685
monthly_dca,2026-05-25,554071.9,0.0,554071.9,400000.0,0.0,0.38518,0.0,0.245195,0.27525,0.21143,0.17131,0.096814
monthly_dca,2026-05-26,550494.11,0.0,550494.11,400000.0,0.0,0.376235,-0.006457,0.245078,0.277415,0.213669,0.16757,0.096267
monthly_dca,2026-05-27,534778.01,0.0,534778.01,400000.0,0.0,0.336945,-0.034822,0.24142,0.283244,0.213493,0.166053,0.09579
monthly_dca,2026-05-28,539668.04,0.0,539668.04,400000.0,0.0,0.34917,-0.025996,0.235742,0.288544,0.214206,0.166633,0.094876
monthly_dca,2026-05-29,518364.76,0.0,518364.76,400000.0,0.0,0.295912,-0.064445,0.233318,0.293811,0.214281,0.16385,0.094739
monthly_dca,2026-06-01,499536.49,0.0,499536.49,400000.0,0.0,0.248841,-0.098427,0.23787,0.293485,0.212348,0.160877,0.095419
monthly_dca,2026-06-02,514279.3,0.0,514279.3,400000.0,0.0,0.285698,-0.071818,0.233798,0.300574,0.212743,0.159137,0.093749
monthly_dca,2026-06-03,527169.64,0.0,527169.64,400000.0,0.0,0.317924,-0.048554,0.229124,0.305205,0.212735,0.15978,0.093157
monthly_dca,2026-06-04,535854.0,0.0,535854.0,400000.0,0.0,0.339635,-0.03288,0.226875,0.302963,0.214397,0.163095,0.09267
monthly_dca,2026-06-05,526639.66,0.0,526639.66,400000.0,0.0,0.316599,-0.04951,0.243214,0.296665,0.20888,0.160875,0.090366
monthly_dca,2026-06-08,513666.56,0.0,513666.56,400000.0,0.0,0.284166,-0.072924,0.254551,0.292668,0.204653,0.1596,0.088528
monthly_dca,2026-06-09,537428.53,0.0,537428.53,400000.0,0.0,0.343571,-0.030038,0.244465,0.295911,0.206016,0.165103,0.088506
monthly_dca,2026-06-10,524644.27,0.0,524644.27,400000.0,0.0,0.311611,-0.053112,0.240997,0.291083,0.204909,0.173012,0.089998
monthly_dca,2026-06-11,521363.99,0.0,521363.99,400000.0,0.0,0.30341,-0.059032,0.231524,0.289737,0.205285,0.183271,0.090182
monthly_dca,2026-06-12,515689.45,0.0,515689.45,400000.0,0.0,0.289224,-0.069273,0.231789,0.290316,0.206389,0.18038,0.091126
monthly_dca,2026-06-15,545142.01,0.0,545142.01,400000.0,0.0,0.362855,-0.016117,0.22776,0.293813,0.209216,0.17876,0.090451
monthly_dca,2026-06-16,552599.11,0.0,552599.11,400000.0,0.0,0.381498,-0.002658,0.22838,0.296593,0.208116,0.177365,0.089546
monthly_dca,2026-06-17,571160.37,0.0,571160.37,400000.0,0.0,0.427901,0.0,0.219034,0.295112,0.210316,0.184281,0.091258
monthly_dca,2026-06-18,589820.26,0.0,589820.26,400000.0,0.0,0.474551,0.0,0.218891,0.296834,0.21113,0.181312,0.091833
monthly_dca,2026-06-22,596849.56,0.0,596849.56,400000.0,0.0,0.492124,0.0,0.211842,0.297675,0.211835,0.185184,0.093464
monthly_dca,2026-06-23,580646.72,0.0,580646.72,400000.0,0.0,0.451617,-0.027147,0.212887,0.293143,0.210775,0.189867,0.093327
monthly_dca,2026-06-24,600695.54,0.0,600695.54,400000.0,0.0,0.501739,0.0,0.206958,0.29215,0.213055,0.193479,0.094358
monthly_dca,2026-06-25,618590.54,0.0,618590.54,400000.0,0.0,0.546476,0.0,0.198433,0.294578,0.216515,0.193452,0.097023
monthly_dca,2026-06-26,601230.09,0.0,601230.09,400000.0,0.0,0.503075,-0.028065,0.194503,0.285002,0.216232,0.206054,0.098209
monthly_dca,2026-06-29,615872.18,0.0,615872.18,400000.0,0.0,0.53968,-0.004394,0.190007,0.2752,0.215731,0.219307,0.099756
monthly_dca,2026-06-30,643201.88,0.0,643201.88,400000.0,0.0,0.608005,0.0,0.196332,0.274936,0.215079,0.215892,0.097763
monthly_dca,2026-07-01,634431.86,0.0,634431.86,400000.0,0.0,0.58608,-0.013635,0.204118,0.26666,0.211671,0.220871,0.09668
monthly_dca,2026-07-02,588856.4,0.0,588856.4,400000.0,0.0,0.472141,-0.084492,0.217783,0.26321,0.209858,0.214205,0.094944
monthly_dca,2026-07-03,598495.83,0.0,598495.83,400000.0,0.0,0.49624,-0.069505,0.232897,0.262777,0.206677,0.203236,0.094413
one_shot_full,2026-01-05,400000.0,0.0,400000.0,400000.0,0.0,0.0,0.0,0.3,0.25,0.2,0.15,0.1
one_shot_full,2026-01-06,404921.45,0.0,404921.45,400000.0,0.0,0.012304,0.0,0.298759,0.246703,0.200756,0.15343,0.100353
one_shot_full,2026-01-07,409064.88,0.0,409064.88,400000.0,0.0,0.022662,0.0,0.292253,0.245484,0.199009,0.163173,0.100081
one_shot_full,2026-01-08,409733.81,0.0,409733.81,400000.0,0.0,0.024335,0.0,0.296164,0.242528,0.198684,0.161653,0.100971
one_shot_full,2026-01-09,412796.43,0.0,412796.43,400000.0,0.0,0.031991,0.0,0.299229,0.241235,0.198347,0.159921,0.101268
one_shot_full,2026-01-12,422351.52,0.0,422351.52,400000.0,0.0,0.055879,0.0,0.301504,0.240984,0.196359,0.158387,0.102766
one_shot_full,2026-01-13,410146.94,0.0,410146.94,400000.0,0.0,0.025367,-0.028897,0.302806,0.240496,0.195624,0.157913,0.103161
one_shot_full,2026-01-14,413569.22,0.0,413569.22,400000.0,0.0,0.033923,-0.020794,0.297402,0.241038,0.196274,0.160154,0.105132
one_shot_full,2026-01-15,418906.51,0.0,418906.51,400000.0,0.0,0.047266,-0.008157,0.29093,0.241466,0.197414,0.166518,0.103671
one_shot_full,2026-01-16,429123.9,0.0,429123.9,400000.0,0.0,0.07281,0.0,0.292906,0.238889,0.197907,0.167852,0.102446
one_shot_full,2026-01-19,426883.36,0.0,426883.36,400000.0,0.0,0.067208,-0.005221,0.295671,0.2372,0.196748,0.167874,0.102507
one_shot_full,2026-01-20,420151.64,0.0,420151.64,400000.0,0.0,0.050379,-0.020908,0.295952,0.235019,0.19627,0.169516,0.103243
one_shot_full,2026-01-21,427008.38,0.0,427008.38,400000.0,0.0,0.067521,-0.00493,0.293831,0.233942,0.199162,0.167138,0.105927
one_shot_full,2026-01-22,427249.92,0.0,427249.92,400000.0,0.0,0.068125,-0.004367,0.292437,0.238957,0.19905,0.163095,0.106462
one_shot_full,2026-01-23,429379.5,0.0,429379.5,400000.0,0.0,0.073449,0.0,0.295697,0.235089,0.197243,0.166215,0.105756
one_shot_full,2026-01-26,418257.25,0.0,418257.25,400000.0,0.0,0.045643,-0.025903,0.291203,0.238336,0.199123,0.16362,0.107718
one_shot_full,2026-01-27,423489.49,0.0,423489.49,400000.0,0.0,0.058724,-0.013717,0.288136,0.240584,0.198324,0.164889,0.108067
one_shot_full,2026-01-28,423176.61,0.0,423176.61,400000.0,0.0,0.057942,-0.014446,0.283039,0.241752,0.199025,0.167438,0.108747
one_shot_full,2026-01-29,411881.73,0.0,411881.73,400000.0,0.0,0.029704,-0.040751,0.285708,0.243297,0.198218,0.164194,0.108584
one_shot_full,2026-01-30,413585.64,0.0,413585.64,400000.0,0.0,0.033964,-0.036783,0.283082,0.247105,0.197968,0.16334,0.108505
one_shot_full,2026-02-02,400162.88,0.0,400162.88,400000.0,0.0,0.000407,-0.068044,0.286962,0.248067,0.197574,0.160204,0.107194
one_shot_full,2026-02-03,409903.46,0.0,409903.46,400000.0,0.0,0.024759,-0.045359,0.287818,0.248303,0.195168,0.161586,0.107125
one_shot_full,2026-02-04,403311.94,0.0,403311.94,400000.0,0.0,0.00828,-0.06071,0.291222,0.244831,0.194286,0.163681,0.10598
one_shot_full,2026-02-05,397536.5,0.0,397536.5,400000.0,0.0,-0.006159,-0.07416,0.289235,0.244174,0.195043,0.16569,0.105858
one_shot_full,2026-02-06,398154.48,0.0,398154.48,400000.0,0.0,-0.004614,-0.072721,0.293865,0.241954,0.19474,0.164512,0.104929
one_shot_full,2026-02-09,408985.86,0.0,408985.86,400000.0,0.0,0.022465,-0.047496,0.290478,0.245531,0.194745,0.163742,0.105503
one_shot_full,2026-02-10,411208.72,0.0,411208.72,400000.0,0.0,0.028022,-0.042319,0.291276,0.244713,0.195404,0.1625,0.106106
one_shot_full,2026-02-11,405881.9,0.0,405881.9,400000.0,0.0,0.014705,-0.054725,0.291777,0.243539,0.195368,0.163006,0.10631
one_shot_full,2026-02-12,410755.8,0.0,410755.8,400000.0,0.0,0.026889,-0.043374,0.290868,0.244473,0.195049,0.161965,0.107645
one_shot_full,2026-02-13,410602.08,0.0,410602.08,400000.0,0.0,0.026505,-0.043732,0.292619,0.24176,0.19455,0.163634,0.107438
one_shot_full,2026-02-24,413692.96,0.0,413692.96,400000.0,0.0,0.034232,-0.036533,0.28826,0.246534,0.195649,0.163475,0.106083
one_shot_full,2026-02-25,418294.5,0.0,418294.5,400000.0,0.0,0.045736,-0.025816,0.285268,0.245825,0.19574,0.169041,0.104127
one_shot_full,2026-02-26,423195.85,0.0,423195.85,400000.0,0.0,0.05799,-0.014401,0.280194,0.249659,0.19763,0.168817,0.103701
one_shot_full,2026-02-27,418170.37,0.0,418170.37,400000.0,0.0,0.045426,-0.026105,0.281591,0.248152,0.197481,0.167162,0.105615
one_shot_full,2026-03-02,412755.51,0.0,412755.51,400000.0,0.0,0.031889,-0.038716,0.277663,0.253437,0.198082,0.166156,0.104662
one_shot_full,2026-03-03,393326.82,0.0,393326.82,400000.0,0.0,-0.016683,-0.083965,0.276714,0.256904,0.198025,0.164853,0.103505
one_shot_full,2026-03-04,391879.05,0.0,391879.05,400000.0,0.0,-0.020302,-0.087336,0.27678,0.25625,0.197859,0.1649,0.104211
one_shot_full,2026-03-05,398470.08,0.0,398470.08,400000.0,0.0,-0.003825,-0.071986,0.27521,0.257529,0.198118,0.164934,0.104208
one_shot_full,2026-03-06,398855.49,0.0,398855.49,400000.0,0.0,-0.002861,-0.071089,0.277949,0.256756,0.197927,0.162752,0.104617
one_shot_full,2026-03-09,392540.92,0.0,392540.92,400000.0,0.0,-0.018648,-0.085795,0.279749,0.254484,0.198123,0.160698,0.106947
one_shot_full,2026-03-10,404501.43,0.0,404501.43,400000.0,0.0,0.011254,-0.05794,0.278884,0.25809,0.197484,0.159936,0.105605
one_shot_full,2026-03-11,403324.51,0.0,403324.51,400000.0,0.0,0.008311,-0.060681,0.279512,0.260142,0.197479,0.158402,0.104465
one_shot_full,2026-03-12,398318.6,0.0,398318.6,400000.0,0.0,-0.004203,-0.072339,0.279264,0.260519,0.197899,0.157815,0.104503
one_shot_full,2026-03-13,393753.0,0.0,393753.0,400000.0,0.0,-0.015618,-0.082972,0.278126,0.260615,0.199002,0.158155,0.104102
one_shot_full,2026-03-16,398208.23,0.0,398208.23,400000.0,0.0,-0.004479,-0.072596,0.275579,0.261906,0.199132,0.158596,0.104787
one_shot_full,2026-03-17,387303.34,0.0,387303.34,400000.0,0.0,-0.031742,-0.097993,0.278503,0.258466,0.19959,0.158326,0.105114
one_shot_full,2026-03-18,396153.36,0.0,396153.36,400000.0,0.0,-0.009617,-0.077382,0.274172,0.262736,0.198685,0.158307,0.1061
one_shot_full,2026-03-19,388280.75,0.0,388280.75,400000.0,0.0,-0.029298,-0.095717,0.2724,0.266175,0.198182,0.157739,0.105504
one_shot_full,2026-03-20,384803.02,0.0,384803.02,400000.0,0.0,-0.037992,-0.103816,0.269606,0.269942,0.198753,0.158211,0.103487
one_shot_full,2026-03-23,367457.26,0.0,367457.26,400000.0,0.0,-0.081357,-0.144213,0.273975,0.268151,0.197282,0.158094,0.102498
one_shot_full,2026-03-24,372888.71,0.0,372888.71,400000.0,0.0,-0.067778,-0.131564,0.273399,0.268457,0.19661,0.158349,0.103184
one_shot_full,2026-03-25,383683.33,0.0,383683.33,400000.0,0.0,-0.040792,-0.106424,0.270393,0.271548,0.196582,0.158482,0.102995
one_shot_full,2026-03-26,376262.09,0.0,376262.09,400000.0,0.0,-0.059345,-0.123707,0.273735,0.270503,0.195471,0.158099,0.102192
one_shot_full,2026-03-27,376954.41,0.0,376954.41,400000.0,0.0,-0.057614,-0.122095,0.274226,0.266395,0.195735,0.161505,0.102139
one_shot_full,2026-03-30,378391.39,0.0,378391.39,400000.0,0.0,-0.054022,-0.118748,0.272591,0.267597,0.193441,0.165157,0.101214
one_shot_full,2026-03-31,369762.7,0.0,369762.7,400000.0,0.0,-0.075593,-0.138844,0.275711,0.267329,0.194148,0.162465,0.100347
one_shot_full,2026-04-01,379815.37,0.0,379815.37,400000.0,0.0,-0.050462,-0.115432,0.275513,0.268524,0.19426,0.160868,0.100834
one_shot_full,2026-04-02,369427.73,0.0,369427.73,400000.0,0.0,-0.076431,-0.139624,0.276366,0.268988,0.194642,0.159634,0.10037
one_shot_full,2026-04-03,369834.54,0.0,369834.54,400000.0,0.0,-0.075414,-0.138677,0.272214,0.273789,0.194745,0.159061,0.100191
one_shot_full,2026-04-07,371150.8,0.0,371150.8,400000.0,0.0,-0.072123,-0.135611,0.270441,0.2731,0.196583,0.159288,0.100588
one_shot_full,2026-04-08,395640.38,0.0,395640.38,400000.0,0.0,-0.010899,-0.078576,0.267333,0.276045,0.195681,0.160737,0.100203
one_shot_full,2026-04-09,395942.12,0.0,395942.12,400000.0,0.0,-0.010145,-0.077874,0.263157,0.279008,0.196125,0.162097,0.099614
one_shot_full,2026-04-10,405533.92,0.0,405533.92,400000.0,0.0,0.013835,-0.055535,0.262474,0.280672,0.197271,0.160072,0.099512
one_shot_full,2026-04-13,406404.2,0.0,406404.2,400000.0,0.0,0.016011,-0.053508,0.261174,0.281359,0.198869,0.157924,0.100674
one_shot_full,2026-04-14,415609.39,0.0,415609.39,400000.0,0.0,0.039023,-0.03207,0.259895,0.281426,0.198415,0.159191,0.101072
one_shot_full,2026-04-15,410308.41,0.0,410308.41,400000.0,0.0,0.025771,-0.044415,0.26088,0.279958,0.199264,0.158388,0.101511
one_shot_full,2026-04-16,418319.09,0.0,418319.09,400000.0,0.0,0.045798,-0.025759,0.261256,0.282857,0.197411,0.157634,0.100842
one_shot_full,2026-04-17,425366.37,0.0,425366.37,400000.0,0.0,0.063416,-0.009346,0.259041,0.289987,0.196898,0.155022,0.099052
one_shot_full,2026-04-20,431386.63,0.0,431386.63,400000.0,0.0,0.078467,0.0,0.257336,0.290067,0.198773,0.154389,0.099436
one_shot_full,2026-04-21,429903.46,0.0,429903.46,400000.0,0.0,0.074759,-0.003438,0.257352,0.292772,0.19864,0.152874,0.098361
one_shot_full,2026-04-22,443428.08,0.0,443428.08,400000.0,0.0,0.10857,0.0,0.251699,0.298484,0.199195,0.152513,0.09811
one_shot_full,2026-04-23,438242.29,0.0,438242.29,400000.0,0.0,0.095606,-0.011695,0.250404,0.299387,0.199678,0.152476,0.098054
one_shot_full,2026-04-24,433891.5,0.0,433891.5,400000.0,0.0,0.084729,-0.021506,0.250326,0.291771,0.202221,0.155358,0.100325
one_shot_full,2026-04-27,447653.62,0.0,447653.62,400000.0,0.0,0.119134,0.0,0.247985,0.287713,0.204127,0.159757,0.100418
one_shot_full,2026-04-28,440359.44,0.0,440359.44,400000.0,0.0,0.100899,-0.016294,0.245969,0.286772,0.204845,0.162237,0.100178
one_shot_full,2026-04-29,442348.41,0.0,442348.41,400000.0,0.0,0.105871,-0.011851,0.248419,0.286666,0.203393,0.161507,0.100015
one_shot_full,2026-04-30,450886.18,0.0,450886.18,400000.0,0.0,0.127215,0.0,0.248533,0.281006,0.205526,0.163492,0.101444
one_shot_full,2026-05-06,465746.55,0.0,465746.55,400000.0,0.0,0.164366,0.0,0.246232,0.278335,0.207027,0.161583,0.106823
one_shot_full,2026-05-07,477985.1,0.0,477985.1,400000.0,0.0,0.194963,0.0,0.246823,0.282819,0.205408,0.161129,0.103822
one_shot_full,2026-05-08,478197.88,0.0,478197.88,400000.0,0.0,0.195495,0.0,0.253762,0.283569,0.202863,0.157836,0.10197
one_shot_full,2026-05-11,496433.99,0.0,496433.99,400000.0,0.0,0.241085,0.0,0.244893,0.283699,0.205335,0.162528,0.103545
one_shot_full,2026-05-12,496807.61,0.0,496807.61,400000.0,0.0,0.242019,0.0,0.241995,0.285593,0.204473,0.165802,0.102138
one_shot_full,2026-05-13,512170.06,0.0,512170.06,400000.0,0.0,0.280425,0.0,0.236637,0.288885,0.20521,0.167417,0.101851
one_shot_full,2026-05-14,499242.72,0.0,499242.72,400000.0,0.0,0.248107,-0.02524,0.235263,0.290283,0.20559,0.167785,0.10108
one_shot_full,2026-05-15,503481.22,0.0,503481.22,400000.0,0.0,0.258703,-0.016965,0.245631,0.281392,0.200365,0.173948,0.098665
one_shot_full,2026-05-18,512103.55,0.0,512103.55,400000.0,0.0,0.280259,-0.00013,0.246322,0.281766,0.200198,0.173024,0.09869
one_shot_full,2026-05-19,522326.19,0.0,522326.19,400000.0,0.0,0.305815,0.0,0.244369,0.277454,0.20122,0.178204,0.098752
one_shot_full,2026-05-20,529909.03,0.0,529909.03,400000.0,0.0,0.324773,0.0,0.23748,0.274867,0.20299,0.184928,0.099736
one_shot_full,2026-05-21,516699.17,0.0,516699.17,400000.0,0.0,0.291748,-0.024929,0.247175,0.270951,0.203185,0.180287,0.098402
one_shot_full,2026-05-22,532570.5,0.0,532570.5,400000.0,0.0,0.331426,0.0,0.242482,0.277426,0.205719,0.176567,0.097807
one_shot_full,2026-05-25,553055.75,0.0,553055.75,400000.0,0.0,0.382639,0.0,0.234448,0.278888,0.208704,0.179045,0.098914
one_shot_full,2026-05-26,549387.9,0.0,549387.9,400000.0,0.0,0.37347,-0.006632,0.234377,0.281132,0.210952,0.175167,0.098372
one_shot_full,2026-05-27,533789.22,0.0,533789.22,400000.0,0.0,0.334473,-0.034837,0.230842,0.286993,0.210744,0.173553,0.097869
one_shot_full,2026-05-28,538840.48,0.0,538840.48,400000.0,0.0,0.347101,-0.025703,0.225342,0.29227,0.21138,0.174104,0.096904
one_shot_full,2026-05-29,517593.84,0.0,517593.84,400000.0,0.0,0.293985,-0.06412,0.223014,0.297591,0.211445,0.171189,0.09676
one_shot_full,2026-06-01,498644.77,0.0,498644.77,400000.0,0.0,0.246612,-0.098382,0.227433,0.29735,0.2096,0.168133,0.097483
one_shot_full,2026-06-02,513439.45,0.0,513439.45,400000.0,0.0,0.283599,-0.071632,0.223506,0.304486,0.209958,0.166288,0.095763
one_shot_full,2026-06-03,526457.35,0.0,526457.35,400000.0,0.0,0.316143,-0.048094,0.218975,0.30909,0.209891,0.166914,0.095131
one_shot_full,2026-06-04,535229.79,0.0,535229.79,400000.0,0.0,0.338074,-0.032232,0.216785,0.306763,0.211491,0.170345,0.094616
one_shot_full,2026-06-05,525564.4,0.0,525564.4,400000.0,0.0,0.313911,-0.049708,0.232602,0.300649,0.20623,0.168174,0.092345
one_shot_full,2026-06-08,512313.88,0.0,512313.88,400000.0,0.0,0.280785,-0.073667,0.243589,0.296775,0.202176,0.16694,0.09052
one_shot_full,2026-06-09,536397.04,0.0,536397.04,400000.0,0.0,0.340993,-0.030121,0.233769,0.299848,0.203377,0.172572,0.090433
one_shot_full,2026-06-10,523894.93,0.0,523894.93,400000.0,0.0,0.309737,-0.052727,0.23034,0.294812,0.202185,0.180751,0.091912
one_shot_full,2026-06-11,521066.77,0.0,521066.77,400000.0,0.0,0.302667,-0.05784,0.221096,0.293196,0.202382,0.191304,0.092021
one_shot_full,2026-06-12,515329.42,0.0,515329.42,400000.0,0.0,0.288324,-0.068214,0.221378,0.293819,0.203497,0.18831,0.092996
one_shot_full,2026-06-15,544815.07,0.0,544815.07,400000.0,0.0,0.362038,-0.0149,0.217508,0.297329,0.206263,0.1866,0.092299
one_shot_full,2026-06-16,552235.26,0.0,552235.26,400000.0,0.0,0.380588,-0.001484,0.218113,0.30016,0.205191,0.185155,0.09138
one_shot_full,2026-06-17,571189.68,0.0,571189.68,400000.0,0.0,0.427974,0.0,0.209039,0.298449,0.207213,0.192238,0.093061
one_shot_full,2026-06-18,589789.87,0.0,589789.87,400000.0,0.0,0.474475,0.0,0.208924,0.300222,0.208037,0.18916,0.093657
one_shot_full,2026-06-22,597129.31,0.0,597129.31,400000.0,0.0,0.492823,0.0,0.20209,0.300916,0.208623,0.1931,0.095271
one_shot_full,2026-06-23,580986.35,0.0,580986.35,400000.0,0.0,0.452466,-0.027034,0.203064,0.296301,0.207555,0.19796,0.09512
one_shot_full,2026-06-24,601288.42,0.0,601288.42,400000.0,0.0,0.503221,0.0,0.197329,0.295178,0.209716,0.201645,0.096132
one_shot_full,2026-06-25,619458.99,0.0,619458.99,400000.0,0.0,0.548647,0.0,0.189122,0.297507,0.213032,0.201532,0.098806
one_shot_full,2026-06-26,602460.68,0.0,602460.68,400000.0,0.0,0.506152,-0.027441,0.185258,0.287651,0.212618,0.214524,0.09995
one_shot_full,2026-06-29,617566.71,0.0,617566.71,400000.0,0.0,0.543917,-0.003055,0.180847,0.277563,0.211976,0.228161,0.101453
one_shot_full,2026-06-30,644670.01,0.0,644670.01,400000.0,0.0,0.611675,0.0,0.186955,0.277426,0.211434,0.224713,0.099473
one_shot_full,2026-07-01,635749.9,0.0,635749.9,400000.0,0.0,0.589375,-0.013837,0.194409,0.26913,0.208127,0.229942,0.098391
one_shot_full,2026-07-02,589515.58,0.0,589515.58,400000.0,0.0,0.473789,-0.085555,0.207623,0.265903,0.206542,0.223216,0.096716
one_shot_full,2026-07-03,598488.39,0.0,598488.39,400000.0,0.0,0.496221,-0.071636,0.222283,0.265766,0.203641,0.212026,0.096285
