code,name,date,open,close,high,low,volume,amount,adj_close,raw_open,raw_close,raw_high,raw_low,raw_adj_close,amplitude_pct,pct_change,change,turnover_pct
159530,机器人ETF易方达,2026-01-05,1.575,1.602,1.603,1.57,8208687.0,,1.602,1.575,1.602,1.603,1.57,1.602,,,,
159530,机器人ETF易方达,2026-01-06,1.607,1.615,1.62,1.594,7280225.0,,1.615,1.607,1.615,1.62,1.594,1.615,,,,
159530,机器人ETF易方达,2026-01-07,1.604,1.596,1.62,1.584,6460508.0,,1.596,1.604,1.596,1.62,1.584,1.596,,,,
159530,机器人ETF易方达,2026-01-08,1.594,1.62,1.621,1.593,5832617.0,,1.62,1.594,1.62,1.621,1.593,1.62,,,,
159530,机器人ETF易方达,2026-01-09,1.62,1.649,1.664,1.617,6142333.0,,1.649,1.62,1.649,1.664,1.617,1.649,,,,
159530,机器人ETF易方达,2026-01-12,1.65,1.7,1.702,1.641,7082408.0,,1.7,1.65,1.7,1.702,1.641,1.7,,,,
159530,机器人ETF易方达,2026-01-13,1.697,1.658,1.706,1.651,6569720.0,,1.658,1.697,1.658,1.706,1.651,1.658,,,,
159530,机器人ETF易方达,2026-01-14,1.66,1.642,1.694,1.621,7242283.0,,1.642,1.66,1.642,1.694,1.621,1.642,,,,
159530,机器人ETF易方达,2026-01-15,1.623,1.627,1.644,1.611,4581997.0,,1.627,1.623,1.627,1.644,1.611,1.627,,,,
159530,机器人ETF易方达,2026-01-16,1.636,1.678,1.691,1.636,7282621.0,,1.678,1.636,1.678,1.691,1.636,1.678,,,,
159530,机器人ETF易方达,2026-01-19,1.694,1.685,1.707,1.67,6384482.0,,1.685,1.694,1.685,1.707,1.67,1.685,,,,
159530,机器人ETF易方达,2026-01-20,1.685,1.66,1.706,1.647,6269779.0,,1.66,1.685,1.66,1.706,1.647,1.66,,,,
159530,机器人ETF易方达,2026-01-21,1.649,1.675,1.686,1.646,4172368.0,,1.675,1.649,1.675,1.686,1.646,1.675,,,,
159530,机器人ETF易方达,2026-01-22,1.68,1.668,1.695,1.661,4454478.0,,1.668,1.68,1.668,1.695,1.661,1.668,,,,
159530,机器人ETF易方达,2026-01-23,1.674,1.695,1.696,1.668,4991930.0,,1.695,1.674,1.695,1.696,1.668,1.695,,,,
159530,机器人ETF易方达,2026-01-26,1.711,1.626,1.726,1.624,8960435.0,,1.626,1.711,1.626,1.726,1.624,1.626,,,,
159530,机器人ETF易方达,2026-01-27,1.617,1.629,1.637,1.574,6985097.0,,1.629,1.617,1.629,1.637,1.574,1.629,,,,
159530,机器人ETF易方达,2026-01-28,1.624,1.599,1.624,1.59,5425799.0,,1.599,1.624,1.599,1.624,1.59,1.599,,,,
159530,机器人ETF易方达,2026-01-29,1.592,1.571,1.612,1.569,5230943.0,,1.571,1.592,1.571,1.612,1.569,1.571,,,,
159530,机器人ETF易方达,2026-01-30,1.565,1.563,1.586,1.522,5444084.0,,1.563,1.565,1.563,1.586,1.522,1.563,,,,
159530,机器人ETF易方达,2026-02-02,1.552,1.533,1.577,1.53,4502402.0,,1.533,1.552,1.533,1.577,1.53,1.533,,,,
159530,机器人ETF易方达,2026-02-03,1.547,1.575,1.575,1.535,4305552.0,,1.575,1.547,1.575,1.575,1.535,1.575,,,,
159530,机器人ETF易方达,2026-02-04,1.567,1.568,1.571,1.55,3366116.0,,1.568,1.567,1.568,1.571,1.55,1.568,,,,
159530,机器人ETF易方达,2026-02-05,1.555,1.535,1.561,1.532,3153457.0,,1.535,1.555,1.535,1.561,1.532,1.535,,,,
159530,机器人ETF易方达,2026-02-06,1.524,1.562,1.581,1.513,5274334.0,,1.562,1.524,1.562,1.581,1.513,1.562,,,,
159530,机器人ETF易方达,2026-02-09,1.579,1.586,1.587,1.566,3981068.0,,1.586,1.579,1.586,1.587,1.566,1.586,,,,
159530,机器人ETF易方达,2026-02-10,1.587,1.599,1.606,1.582,4118045.0,,1.599,1.587,1.599,1.606,1.582,1.599,,,,
159530,机器人ETF易方达,2026-02-11,1.595,1.581,1.601,1.58,2820743.0,,1.581,1.595,1.581,1.601,1.58,1.581,,,,
159530,机器人ETF易方达,2026-02-12,1.581,1.595,1.598,1.58,2886409.0,,1.595,1.581,1.595,1.598,1.58,1.595,,,,
159530,机器人ETF易方达,2026-02-13,1.587,1.604,1.61,1.583,4310920.0,,1.604,1.587,1.604,1.61,1.583,1.604,,,,
159530,机器人ETF易方达,2026-02-24,1.638,1.592,1.644,1.586,5298344.0,,1.592,1.638,1.592,1.644,1.586,1.592,,,,
159530,机器人ETF易方达,2026-02-25,1.59,1.593,1.6,1.578,4216940.0,,1.593,1.59,1.593,1.6,1.578,1.593,,,,
159530,机器人ETF易方达,2026-02-26,1.593,1.583,1.593,1.574,3986827.0,,1.583,1.593,1.583,1.593,1.574,1.583,,,,
159530,机器人ETF易方达,2026-02-27,1.578,1.572,1.578,1.565,5060249.0,,1.572,1.578,1.572,1.578,1.565,1.572,,,,
159530,机器人ETF易方达,2026-03-02,1.552,1.53,1.554,1.523,4756639.0,,1.53,1.552,1.53,1.554,1.523,1.53,,,,
159530,机器人ETF易方达,2026-03-03,1.53,1.453,1.538,1.45,6603627.0,,1.453,1.53,1.453,1.538,1.45,1.453,,,,
159530,机器人ETF易方达,2026-03-04,1.43,1.448,1.467,1.43,4494217.0,,1.448,1.43,1.448,1.467,1.43,1.448,,,,
159530,机器人ETF易方达,2026-03-05,1.47,1.464,1.479,1.456,2779509.0,,1.464,1.47,1.464,1.479,1.456,1.464,,,,
159530,机器人ETF易方达,2026-03-06,1.46,1.48,1.486,1.458,2568023.0,,1.48,1.46,1.48,1.486,1.458,1.48,,,,
159530,机器人ETF易方达,2026-03-09,1.447,1.466,1.475,1.424,3958439.0,,1.466,1.447,1.466,1.475,1.424,1.466,,,,
159530,机器人ETF易方达,2026-03-10,1.48,1.506,1.507,1.479,3675250.0,,1.506,1.48,1.506,1.507,1.479,1.506,,,,
159530,机器人ETF易方达,2026-03-11,1.508,1.505,1.521,1.502,2830503.0,,1.505,1.508,1.505,1.521,1.502,1.505,,,,
159530,机器人ETF易方达,2026-03-12,1.5,1.485,1.507,1.476,2712746.0,,1.485,1.5,1.485,1.507,1.476,1.485,,,,
159530,机器人ETF易方达,2026-03-13,1.476,1.462,1.486,1.457,2216190.0,,1.462,1.476,1.462,1.486,1.457,1.462,,,,
159530,机器人ETF易方达,2026-03-16,1.457,1.465,1.465,1.44,2810504.0,,1.465,1.457,1.465,1.465,1.44,1.465,,,,
159530,机器人ETF易方达,2026-03-17,1.471,1.44,1.475,1.44,3147809.0,,1.44,1.471,1.44,1.475,1.44,1.44,,,,
159530,机器人ETF易方达,2026-03-18,1.439,1.45,1.45,1.431,2403636.0,,1.45,1.439,1.45,1.45,1.431,1.45,,,,
159530,机器人ETF易方达,2026-03-19,1.427,1.412,1.435,1.407,3576316.0,,1.412,1.427,1.412,1.435,1.407,1.412,,,,
159530,机器人ETF易方达,2026-03-20,1.414,1.385,1.423,1.385,2588727.0,,1.385,1.414,1.385,1.423,1.385,1.385,,,,
159530,机器人ETF易方达,2026-03-23,1.376,1.344,1.403,1.336,4994815.0,,1.344,1.376,1.344,1.403,1.336,1.344,,,,
159530,机器人ETF易方达,2026-03-24,1.364,1.361,1.369,1.322,3139860.0,,1.361,1.364,1.361,1.369,1.322,1.361,,,,
159530,机器人ETF易方达,2026-03-25,1.367,1.385,1.39,1.363,4077165.0,,1.385,1.367,1.385,1.39,1.363,1.385,,,,
159530,机器人ETF易方达,2026-03-26,1.386,1.375,1.404,1.37,2439445.0,,1.375,1.386,1.375,1.404,1.37,1.375,,,,
159530,机器人ETF易方达,2026-03-27,1.351,1.38,1.388,1.351,2237719.0,,1.38,1.351,1.38,1.388,1.351,1.38,,,,
159530,机器人ETF易方达,2026-03-30,1.36,1.377,1.38,1.354,1668871.0,,1.377,1.36,1.377,1.38,1.354,1.377,,,,
159530,机器人ETF易方达,2026-03-31,1.377,1.361,1.395,1.36,2632796.0,,1.361,1.377,1.361,1.395,1.36,1.361,,,,
159530,机器人ETF易方达,2026-04-01,1.386,1.397,1.398,1.38,2759590.0,,1.397,1.386,1.397,1.398,1.38,1.397,,,,
159530,机器人ETF易方达,2026-04-02,1.389,1.363,1.395,1.358,2661302.0,,1.363,1.389,1.363,1.395,1.358,1.363,,,,
159530,机器人ETF易方达,2026-04-03,1.363,1.344,1.37,1.341,1848080.0,,1.344,1.363,1.344,1.37,1.341,1.344,,,,
159530,机器人ETF易方达,2026-04-07,1.347,1.34,1.352,1.33,1946644.0,,1.34,1.347,1.34,1.352,1.33,1.34,,,,
159530,机器人ETF易方达,2026-04-08,1.374,1.412,1.412,1.373,3390353.0,,1.412,1.374,1.412,1.412,1.373,1.412,,,,
159530,机器人ETF易方达,2026-04-09,1.397,1.391,1.4,1.382,2258267.0,,1.391,1.397,1.391,1.4,1.382,1.391,,,,
159530,机器人ETF易方达,2026-04-10,1.398,1.421,1.438,1.398,3140629.0,,1.421,1.398,1.421,1.438,1.398,1.421,,,,
159530,机器人ETF易方达,2026-04-13,1.408,1.417,1.428,1.408,2025778.0,,1.417,1.408,1.417,1.428,1.408,1.417,,,,
159530,机器人ETF易方达,2026-04-14,1.432,1.442,1.442,1.423,2636227.0,,1.442,1.432,1.442,1.442,1.423,1.442,,,,
159530,机器人ETF易方达,2026-04-15,1.449,1.429,1.459,1.426,3253887.0,,1.429,1.449,1.429,1.459,1.426,1.429,,,,
159530,机器人ETF易方达,2026-04-16,1.446,1.459,1.459,1.442,3027359.0,,1.459,1.446,1.459,1.459,1.442,1.459,,,,
159530,机器人ETF易方达,2026-04-17,1.455,1.471,1.474,1.45,2425444.0,,1.471,1.455,1.471,1.474,1.45,1.471,,,,
159530,机器人ETF易方达,2026-04-20,1.475,1.482,1.486,1.467,2587088.0,,1.482,1.475,1.482,1.486,1.467,1.482,,,,
159530,机器人ETF易方达,2026-04-21,1.483,1.477,1.486,1.462,2579120.0,,1.477,1.483,1.477,1.486,1.462,1.477,,,,
159530,机器人ETF易方达,2026-04-22,1.47,1.49,1.493,1.465,2915951.0,,1.49,1.47,1.49,1.493,1.465,1.49,,,,
159530,机器人ETF易方达,2026-04-23,1.492,1.465,1.495,1.455,2875172.0,,1.465,1.492,1.465,1.495,1.455,1.465,,,,
159530,机器人ETF易方达,2026-04-24,1.459,1.45,1.461,1.439,2607055.0,,1.45,1.459,1.45,1.461,1.439,1.45,,,,
159530,机器人ETF易方达,2026-04-27,1.447,1.482,1.485,1.445,3245553.0,,1.482,1.447,1.482,1.485,1.445,1.482,,,,
159530,机器人ETF易方达,2026-04-28,1.475,1.446,1.475,1.44,2628647.0,,1.446,1.475,1.446,1.475,1.44,1.446,,,,
159530,机器人ETF易方达,2026-04-29,1.438,1.467,1.472,1.432,2305989.0,,1.467,1.438,1.467,1.472,1.432,1.467,,,,
159530,机器人ETF易方达,2026-04-30,1.465,1.496,1.497,1.465,3028225.0,,1.496,1.465,1.496,1.497,1.465,1.496,,,,
159530,机器人ETF易方达,2026-05-06,1.505,1.531,1.538,1.505,3915759.0,,1.531,1.505,1.531,1.538,1.505,1.531,,,,
159530,机器人ETF易方达,2026-05-07,1.535,1.575,1.578,1.527,4393288.0,,1.575,1.535,1.575,1.578,1.527,1.575,,,,
159530,机器人ETF易方达,2026-05-08,1.571,1.62,1.637,1.565,6551677.0,,1.62,1.571,1.62,1.637,1.565,1.62,,,,
159530,机器人ETF易方达,2026-05-11,1.621,1.623,1.635,1.605,5783147.0,,1.623,1.621,1.623,1.635,1.605,1.623,,,,
159530,机器人ETF易方达,2026-05-12,1.624,1.605,1.634,1.595,4386177.0,,1.605,1.624,1.605,1.634,1.595,1.605,,,,
159530,机器人ETF易方达,2026-05-13,1.594,1.618,1.621,1.58,4780513.0,,1.618,1.594,1.618,1.621,1.58,1.618,,,,
159530,机器人ETF易方达,2026-05-14,1.624,1.568,1.627,1.568,4575437.0,,1.568,1.624,1.568,1.627,1.568,1.568,,,,
159530,机器人ETF易方达,2026-05-15,1.567,1.651,1.693,1.566,11059004.0,,1.651,1.567,1.651,1.693,1.566,1.651,,,,
159530,机器人ETF易方达,2026-05-18,1.645,1.684,1.693,1.632,10540273.0,,1.684,1.645,1.684,1.693,1.632,1.684,,,,
159530,机器人ETF易方达,2026-05-19,1.687,1.704,1.71,1.679,8218631.0,,1.704,1.687,1.704,1.71,1.679,1.704,,,,
159530,机器人ETF易方达,2026-05-20,1.687,1.68,1.691,1.668,7086032.0,,1.68,1.687,1.68,1.691,1.668,1.68,,,,
159530,机器人ETF易方达,2026-05-21,1.686,1.705,1.757,1.681,10980362.0,,1.705,1.686,1.705,1.757,1.681,1.705,,,,
159530,机器人ETF易方达,2026-05-22,1.708,1.724,1.727,1.668,8550683.0,,1.724,1.708,1.724,1.727,1.668,1.724,,,,
159530,机器人ETF易方达,2026-05-25,1.738,1.731,1.744,1.701,6610413.0,,1.731,1.738,1.731,1.744,1.701,1.731,,,,
159530,机器人ETF易方达,2026-05-26,1.735,1.719,1.776,1.693,11014550.0,,1.719,1.735,1.719,1.776,1.693,1.719,,,,
159530,机器人ETF易方达,2026-05-27,1.684,1.645,1.708,1.638,9914675.0,,1.645,1.684,1.645,1.708,1.638,1.645,,,,
159530,机器人ETF易方达,2026-05-28,1.635,1.621,1.641,1.585,8589178.0,,1.621,1.635,1.621,1.641,1.585,1.621,,,,
159530,机器人ETF易方达,2026-05-29,1.62,1.541,1.64,1.529,8277780.0,,1.541,1.62,1.541,1.64,1.529,1.541,,,,
159530,机器人ETF易方达,2026-06-01,1.525,1.514,1.557,1.513,5753319.0,,1.514,1.525,1.514,1.557,1.513,1.514,,,,
159530,机器人ETF易方达,2026-06-02,1.534,1.532,1.556,1.519,6128494.0,,1.532,1.534,1.532,1.556,1.519,1.532,,,,
159530,机器人ETF易方达,2026-06-03,1.528,1.539,1.575,1.519,5960068.0,,1.539,1.528,1.539,1.575,1.519,1.539,,,,
159530,机器人ETF易方达,2026-06-04,1.521,1.549,1.583,1.518,5616993.0,,1.549,1.521,1.549,1.583,1.518,1.549,,,,
159530,机器人ETF易方达,2026-06-05,1.55,1.632,1.663,1.492,12007904.0,,1.632,1.55,1.632,1.663,1.492,1.632,,,,
159530,机器人ETF易方达,2026-06-08,1.584,1.666,1.693,1.578,16679915.0,,1.666,1.584,1.666,1.693,1.578,1.666,,,,
159530,机器人ETF易方达,2026-06-09,1.653,1.674,1.678,1.625,9021001.0,,1.674,1.653,1.674,1.678,1.625,1.674,,,,
159530,机器人ETF易方达,2026-06-10,1.656,1.611,1.676,1.591,9278957.0,,1.611,1.656,1.611,1.676,1.591,1.611,,,,
159530,机器人ETF易方达,2026-06-11,1.581,1.538,1.584,1.528,8505956.0,,1.538,1.581,1.538,1.584,1.528,1.538,,,,
159530,机器人ETF易方达,2026-06-12,1.555,1.523,1.599,1.516,7225458.0,,1.523,1.555,1.523,1.599,1.516,1.523,,,,
159530,机器人ETF易方达,2026-06-15,1.53,1.582,1.583,1.53,6413631.0,,1.582,1.53,1.582,1.583,1.53,1.582,,,,
159530,机器人ETF易方达,2026-06-16,1.582,1.608,1.61,1.569,6595450.0,,1.608,1.582,1.608,1.61,1.569,1.608,,,,
159530,机器人ETF易方达,2026-06-17,1.592,1.594,1.606,1.58,4420640.0,,1.594,1.592,1.594,1.606,1.58,1.594,,,,
159530,机器人ETF易方达,2026-06-18,1.594,1.645,1.648,1.586,7089214.0,,1.645,1.594,1.645,1.648,1.586,1.645,,,,
159530,机器人ETF易方达,2026-06-22,1.645,1.611,1.648,1.565,8413510.0,,1.611,1.645,1.611,1.648,1.565,1.611,,,,
159530,机器人ETF易方达,2026-06-23,1.597,1.575,1.617,1.56,6099040.0,,1.575,1.597,1.575,1.617,1.56,1.575,,,,
159530,机器人ETF易方达,2026-06-24,1.575,1.584,1.591,1.535,4904743.0,,1.584,1.575,1.584,1.591,1.535,1.584,,,,
159530,机器人ETF易方达,2026-06-25,1.575,1.564,1.613,1.551,5398977.0,,1.564,1.575,1.564,1.613,1.551,1.564,,,,
159530,机器人ETF易方达,2026-06-26,1.553,1.49,1.555,1.489,6639849.0,,1.49,1.553,1.49,1.555,1.489,1.49,,,,
159530,机器人ETF易方达,2026-06-29,1.478,1.491,1.498,1.436,5656513.0,,1.491,1.478,1.491,1.498,1.436,1.491,,,,
159530,机器人ETF易方达,2026-06-30,1.498,1.609,1.614,1.498,9706413.0,,1.609,1.498,1.609,1.614,1.498,1.609,,,,
159530,机器人ETF易方达,2026-07-01,1.602,1.65,1.668,1.601,10380523.0,,1.65,1.602,1.65,1.668,1.601,1.65,,,,
159530,机器人ETF易方达,2026-07-02,1.657,1.634,1.7,1.623,10263410.0,,1.634,1.657,1.634,1.7,1.623,1.634,,,,
159530,机器人ETF易方达,2026-07-03,1.647,1.776,1.797,1.647,16428239.0,,1.776,1.647,1.776,1.797,1.647,1.776,,,,
159994,通信ETF银华,2026-01-05,0.94,0.955,0.957,0.938,1044699.0,,0.955,0.94,0.955,0.957,0.938,0.955,,,,
159994,通信ETF银华,2026-01-06,0.953,0.954,0.955,0.932,1060145.0,,0.954,0.953,0.954,0.955,0.932,0.954,,,,
159994,通信ETF银华,2026-01-07,0.958,0.959,0.973,0.952,1049096.0,,0.959,0.958,0.959,0.973,0.952,0.959,,,,
159994,通信ETF银华,2026-01-08,0.957,0.949,0.963,0.942,1423675.0,,0.949,0.957,0.949,0.963,0.942,0.949,,,,
159994,通信ETF银华,2026-01-09,0.942,0.951,0.956,0.929,1303220.0,,0.951,0.942,0.951,0.956,0.929,0.951,,,,
159994,通信ETF银华,2026-01-12,0.951,0.972,0.978,0.939,591390.0,,0.972,0.951,0.972,0.978,0.939,0.972,,,,
159994,通信ETF银华,2026-01-13,0.966,0.942,0.975,0.939,1618209.0,,0.942,0.966,0.942,0.975,0.939,0.942,,,,
159994,通信ETF银华,2026-01-14,0.943,0.952,0.962,0.939,1049035.0,,0.952,0.943,0.952,0.962,0.939,0.952,,,,
159994,通信ETF银华,2026-01-15,0.941,0.966,0.968,0.934,1094199.0,,0.966,0.941,0.966,0.968,0.934,0.966,,,,
159994,通信ETF银华,2026-01-16,0.975,0.979,0.987,0.966,825908.0,,0.979,0.975,0.979,0.987,0.966,0.979,,,,
159994,通信ETF银华,2026-01-19,0.97,0.967,0.98,0.964,514068.0,,0.967,0.97,0.967,0.98,0.964,0.967,,,,
159994,通信ETF银华,2026-01-20,0.963,0.943,0.968,0.932,701512.0,,0.943,0.963,0.943,0.968,0.932,0.943,,,,
159994,通信ETF银华,2026-01-21,0.93,0.954,0.962,0.93,492787.0,,0.954,0.93,0.954,0.962,0.93,0.954,,,,
159994,通信ETF银华,2026-01-22,0.963,0.975,0.975,0.955,565823.0,,0.975,0.963,0.975,0.975,0.955,0.975,,,,
159994,通信ETF银华,2026-01-23,0.973,0.964,0.974,0.957,495520.0,,0.964,0.973,0.964,0.974,0.957,0.964,,,,
159994,通信ETF银华,2026-01-26,0.964,0.952,0.964,0.946,358997.0,,0.952,0.964,0.952,0.964,0.946,0.952,,,,
159994,通信ETF银华,2026-01-27,0.951,0.973,0.98,0.943,710000.0,,0.973,0.951,0.973,0.98,0.943,0.973,,,,
159994,通信ETF银华,2026-01-28,0.983,0.977,0.995,0.969,1025561.0,,0.977,0.983,0.977,0.995,0.969,0.977,,,,
159994,通信ETF银华,2026-01-29,0.975,0.957,0.982,0.955,812044.0,,0.957,0.975,0.957,0.982,0.955,0.957,,,,
159994,通信ETF银华,2026-01-30,0.954,0.976,0.983,0.938,809537.0,,0.976,0.954,0.976,0.983,0.938,0.976,,,,
159994,通信ETF银华,2026-02-02,0.982,0.948,0.995,0.947,782010.0,,0.948,0.982,0.948,0.995,0.947,0.948,,,,
159994,通信ETF银华,2026-02-03,0.974,0.972,0.98,0.942,560746.0,,0.972,0.974,0.972,0.98,0.942,0.972,,,,
159994,通信ETF银华,2026-02-04,0.96,0.943,0.961,0.926,426251.0,,0.943,0.96,0.943,0.961,0.926,0.943,,,,
159994,通信ETF银华,2026-02-05,0.929,0.927,0.939,0.92,252880.0,,0.927,0.929,0.927,0.939,0.92,0.927,,,,
159994,通信ETF银华,2026-02-06,0.914,0.92,0.939,0.905,327487.0,,0.92,0.914,0.92,0.939,0.905,0.92,,,,
159994,通信ETF银华,2026-02-09,0.94,0.959,0.965,0.937,1413764.0,,0.959,0.94,0.959,0.965,0.937,0.959,,,,
159994,通信ETF银华,2026-02-10,0.961,0.961,0.972,0.957,994618.0,,0.961,0.961,0.961,0.972,0.957,0.961,,,,
159994,通信ETF银华,2026-02-11,0.955,0.944,0.966,0.94,896285.0,,0.944,0.955,0.944,0.966,0.94,0.944,,,,
159994,通信ETF银华,2026-02-12,0.944,0.959,0.96,0.94,473175.0,,0.959,0.944,0.959,0.96,0.94,0.959,,,,
159994,通信ETF银华,2026-02-13,0.951,0.948,0.962,0.948,881268.0,,0.948,0.951,0.948,0.962,0.948,0.948,,,,
159994,通信ETF银华,2026-02-24,0.958,0.974,0.99,0.958,1177522.0,,0.974,0.958,0.974,0.99,0.958,0.974,,,,
159994,通信ETF银华,2026-02-25,0.977,0.982,0.984,0.964,1025993.0,,0.982,0.977,0.982,0.984,0.964,0.982,,,,
159994,通信ETF银华,2026-02-26,0.985,1.009,1.013,0.98,1191289.0,,1.009,0.985,1.009,1.013,0.98,1.009,,,,
159994,通信ETF银华,2026-02-27,0.986,0.991,0.991,0.977,1121040.0,,0.991,0.986,0.991,0.991,0.977,0.991,,,,
159994,通信ETF银华,2026-03-02,0.976,0.999,1.008,0.971,992148.0,,0.999,0.976,0.999,1.008,0.971,0.999,,,,
159994,通信ETF银华,2026-03-03,1.002,0.965,1.016,0.964,1086126.0,,0.965,1.002,0.965,1.016,0.964,0.965,,,,
159994,通信ETF银华,2026-03-04,0.945,0.959,0.976,0.944,688545.0,,0.959,0.945,0.959,0.976,0.944,0.959,,,,
159994,通信ETF银华,2026-03-05,0.98,0.98,1.007,0.966,1299183.0,,0.98,0.98,0.98,1.007,0.966,0.98,,,,
159994,通信ETF银华,2026-03-06,0.976,0.978,0.987,0.957,699811.0,,0.978,0.976,0.978,0.987,0.957,0.978,,,,
159994,通信ETF银华,2026-03-09,0.955,0.954,0.96,0.913,1459169.0,,0.954,0.955,0.954,0.96,0.913,0.954,,,,
159994,通信ETF银华,2026-03-10,0.965,0.997,0.999,0.964,1427749.0,,0.997,0.965,0.997,0.999,0.964,0.997,,,,
159994,通信ETF银华,2026-03-11,1.001,1.002,1.02,0.997,1105245.0,,1.002,1.001,1.002,1.02,0.997,1.002,,,,
159994,通信ETF银华,2026-03-12,0.994,0.991,1.019,0.976,1209801.0,,0.991,0.994,0.991,1.019,0.976,0.991,,,,
159994,通信ETF银华,2026-03-13,0.975,0.98,0.996,0.975,1486139.0,,0.98,0.975,0.98,0.996,0.975,0.98,,,,
159994,通信ETF银华,2026-03-16,0.98,0.996,0.998,0.964,1273220.0,,0.996,0.98,0.996,0.998,0.964,0.996,,,,
159994,通信ETF银华,2026-03-17,1.0,0.956,1.004,0.954,1043542.0,,0.956,1.0,0.956,1.004,0.954,0.956,,,,
159994,通信ETF银华,2026-03-18,0.961,0.994,0.995,0.961,1152782.0,,0.994,0.961,0.994,0.995,0.961,0.994,,,,
159994,通信ETF银华,2026-03-19,0.973,0.987,1.001,0.972,1259452.0,,0.987,0.973,0.987,1.001,0.972,0.987,,,,
159994,通信ETF银华,2026-03-20,1.001,0.992,1.026,0.991,1351381.0,,0.992,1.001,0.992,1.026,0.991,0.992,,,,
159994,通信ETF银华,2026-03-23,0.965,0.941,0.977,0.937,1527099.0,,0.941,0.965,0.941,0.977,0.937,0.941,,,,
159994,通信ETF银华,2026-03-24,0.96,0.956,0.96,0.921,888560.0,,0.956,0.96,0.956,0.96,0.921,0.956,,,,
159994,通信ETF银华,2026-03-25,0.975,0.995,1.004,0.975,1165091.0,,0.995,0.975,0.995,1.004,0.975,0.995,,,,
159994,通信ETF银华,2026-03-26,0.983,0.972,0.993,0.963,1371068.0,,0.972,0.983,0.972,0.993,0.963,0.972,,,,
159994,通信ETF银华,2026-03-27,0.939,0.959,0.973,0.935,1027925.0,,0.959,0.939,0.959,0.973,0.935,0.959,,,,
159994,通信ETF银华,2026-03-30,0.94,0.967,0.975,0.939,1532826.0,,0.967,0.94,0.967,0.975,0.939,0.967,,,,
159994,通信ETF银华,2026-03-31,0.949,0.944,0.968,0.936,1265180.0,,0.944,0.949,0.944,0.968,0.936,0.944,,,,
159994,通信ETF银华,2026-04-01,0.968,0.974,0.975,0.954,1311707.0,,0.974,0.968,0.974,0.975,0.954,0.974,,,,
159994,通信ETF银华,2026-04-02,0.962,0.949,0.975,0.944,939462.0,,0.949,0.962,0.949,0.975,0.944,0.949,,,,
159994,通信ETF银华,2026-04-03,0.959,0.967,0.985,0.959,919685.0,,0.967,0.959,0.967,0.985,0.959,0.967,,,,
159994,通信ETF银华,2026-04-07,0.967,0.968,0.981,0.956,920299.0,,0.968,0.967,0.968,0.981,0.956,0.968,,,,
159994,通信ETF银华,2026-04-08,0.996,1.043,1.043,0.996,1219213.0,,1.043,0.996,1.043,1.043,0.996,1.043,,,,
159994,通信ETF银华,2026-04-09,1.031,1.055,1.059,1.025,1761665.0,,1.055,1.031,1.055,1.059,1.025,1.055,,,,
159994,通信ETF银华,2026-04-10,1.059,1.087,1.097,1.055,2024305.0,,1.087,1.059,1.087,1.097,1.055,1.087,,,,
159994,通信ETF银华,2026-04-13,1.07,1.092,1.096,1.07,1237112.0,,1.092,1.07,1.092,1.096,1.07,1.092,,,,
159994,通信ETF银华,2026-04-14,1.1,1.117,1.13,1.096,942855.0,,1.117,1.1,1.117,1.13,1.096,1.117,,,,
159994,通信ETF银华,2026-04-15,1.127,1.097,1.133,1.085,1154094.0,,1.097,1.127,1.097,1.133,1.085,1.097,,,,
159994,通信ETF银华,2026-04-16,1.092,1.13,1.13,1.09,1076921.0,,1.13,1.092,1.13,1.13,1.09,1.13,,,,
159994,通信ETF银华,2026-04-17,1.14,1.178,1.179,1.139,1185790.0,,1.178,1.14,1.178,1.179,1.139,1.178,,,,
159994,通信ETF银华,2026-04-20,1.181,1.195,1.205,1.18,1274530.0,,1.195,1.181,1.195,1.205,1.18,1.195,,,,
159994,通信ETF银华,2026-04-21,1.18,1.202,1.203,1.169,943070.0,,1.202,1.18,1.202,1.203,1.169,1.202,,,,
159994,通信ETF银华,2026-04-22,1.195,1.264,1.265,1.189,1189165.0,,1.264,1.195,1.264,1.265,1.189,1.264,,,,
159994,通信ETF银华,2026-04-23,1.268,1.253,1.282,1.234,2064718.0,,1.253,1.268,1.253,1.282,1.234,1.253,,,,
159994,通信ETF银华,2026-04-24,1.234,1.209,1.246,1.186,1952746.0,,1.209,1.234,1.209,1.246,1.186,1.209,,,,
159994,通信ETF银华,2026-04-27,1.211,1.23,1.243,1.211,1054205.0,,1.23,1.211,1.23,1.243,1.211,1.23,,,,
159994,通信ETF银华,2026-04-28,1.222,1.206,1.227,1.198,811938.0,,1.206,1.222,1.206,1.227,1.198,1.206,,,,
159994,通信ETF银华,2026-04-29,1.196,1.211,1.224,1.184,712231.0,,1.211,1.196,1.211,1.224,1.184,1.211,,,,
159994,通信ETF银华,2026-04-30,1.22,1.21,1.227,1.192,791242.0,,1.21,1.22,1.21,1.227,1.192,1.21,,,,
159994,通信ETF银华,2026-05-06,1.241,1.238,1.26,1.227,859341.0,,1.238,1.241,1.238,1.26,1.227,1.238,,,,
159994,通信ETF银华,2026-05-07,1.252,1.291,1.291,1.227,1246345.0,,1.291,1.252,1.291,1.291,1.227,1.291,,,,
159994,通信ETF银华,2026-05-08,1.273,1.295,1.298,1.263,947606.0,,1.295,1.273,1.295,1.298,1.263,1.295,,,,
159994,通信ETF银华,2026-05-11,1.312,1.345,1.347,1.295,1191896.0,,1.345,1.312,1.345,1.347,1.295,1.345,,,,
159994,通信ETF银华,2026-05-12,1.359,1.355,1.37,1.334,1026938.0,,1.355,1.359,1.355,1.37,1.334,1.355,,,,
159994,通信ETF银华,2026-05-13,1.33,1.413,1.413,1.33,1240401.0,,1.413,1.33,1.413,1.413,1.33,1.413,,,,
159994,通信ETF银华,2026-05-14,1.428,1.384,1.431,1.374,1548451.0,,1.384,1.428,1.384,1.431,1.374,1.384,,,,
159994,通信ETF银华,2026-05-15,1.384,1.353,1.399,1.327,1847169.0,,1.353,1.384,1.353,1.399,1.327,1.353,,,,
159994,通信ETF银华,2026-05-18,1.34,1.378,1.395,1.339,1320152.0,,1.378,1.34,1.378,1.395,1.339,1.378,,,,
159994,通信ETF银华,2026-05-19,1.364,1.384,1.385,1.316,1520882.0,,1.384,1.364,1.384,1.385,1.316,1.384,,,,
159994,通信ETF银华,2026-05-20,1.366,1.391,1.405,1.366,1430617.0,,1.391,1.366,1.391,1.405,1.366,1.391,,,,
159994,通信ETF银华,2026-05-21,1.405,1.337,1.412,1.328,1597123.0,,1.337,1.405,1.337,1.412,1.328,1.337,,,,
159994,通信ETF银华,2026-05-22,1.345,1.411,1.411,1.345,1359183.0,,1.411,1.345,1.411,1.411,1.345,1.411,,,,
159994,通信ETF银华,2026-05-25,1.427,1.473,1.475,1.406,1752056.0,,1.473,1.427,1.473,1.475,1.406,1.473,,,,
159994,通信ETF银华,2026-05-26,1.459,1.475,1.477,1.44,1439295.0,,1.475,1.459,1.475,1.477,1.44,1.475,,,,
159994,通信ETF银华,2026-05-27,1.469,1.463,1.513,1.448,1721006.0,,1.463,1.469,1.463,1.513,1.448,1.463,,,,
159994,通信ETF银华,2026-05-28,1.444,1.504,1.508,1.427,1668964.0,,1.504,1.444,1.504,1.508,1.427,1.504,,,,
159994,通信ETF银华,2026-05-29,1.508,1.471,1.534,1.457,1644467.0,,1.471,1.508,1.471,1.534,1.457,1.471,,,,
159994,通信ETF银华,2026-06-01,1.46,1.416,1.487,1.41,2261017.0,,1.416,1.46,1.416,1.487,1.41,1.416,,,,
159994,通信ETF银华,2026-06-02,1.407,1.493,1.501,1.407,1647284.0,,1.493,1.407,1.493,1.501,1.407,1.493,,,,
159994,通信ETF银华,2026-06-03,1.512,1.554,1.599,1.512,1820634.0,,1.554,1.512,1.554,1.599,1.512,1.554,,,,
159994,通信ETF银华,2026-06-04,1.515,1.568,1.58,1.515,2012754.0,,1.568,1.515,1.568,1.58,1.515,1.568,,,,
159994,通信ETF银华,2026-06-05,1.547,1.509,1.592,1.489,1834255.0,,1.509,1.547,1.509,1.592,1.489,1.509,,,,
159994,通信ETF银华,2026-06-08,1.412,1.452,1.496,1.412,2977014.0,,1.452,1.412,1.452,1.496,1.412,1.452,,,,
159994,通信ETF银华,2026-06-09,1.483,1.536,1.536,1.464,1674251.0,,1.536,1.483,1.536,1.536,1.464,1.536,,,,
159994,通信ETF银华,2026-06-10,1.5,1.475,1.518,1.458,1807384.0,,1.475,1.5,1.475,1.518,1.458,1.475,,,,
159994,通信ETF银华,2026-06-11,1.457,1.459,1.5,1.42,1739321.0,,1.459,1.457,1.459,1.5,1.42,1.459,,,,
159994,通信ETF银华,2026-06-12,1.496,1.446,1.504,1.441,1650196.0,,1.446,1.496,1.446,1.504,1.441,1.446,,,,
159994,通信ETF银华,2026-06-15,1.461,1.547,1.548,1.433,1965322.0,,1.547,1.461,1.547,1.548,1.433,1.547,,,,
159994,通信ETF银华,2026-06-16,1.551,1.583,1.594,1.551,2047620.0,,1.583,1.551,1.583,1.594,1.551,1.583,,,,
159994,通信ETF银华,2026-06-17,1.558,1.628,1.628,1.558,2191381.0,,1.628,1.558,1.628,1.628,1.558,1.628,,,,
159994,通信ETF银华,2026-06-18,1.616,1.691,1.705,1.615,2241478.0,,1.691,1.616,1.691,1.705,1.615,1.691,,,,
159994,通信ETF银华,2026-06-22,1.71,1.716,1.737,1.657,1777415.0,,1.716,1.71,1.716,1.737,1.657,1.716,,,,
159994,通信ETF银华,2026-06-23,1.703,1.644,1.711,1.626,2044172.0,,1.644,1.703,1.644,1.711,1.626,1.644,,,,
159994,通信ETF银华,2026-06-24,1.632,1.695,1.695,1.625,2233363.0,,1.695,1.632,1.695,1.695,1.625,1.695,,,,
159994,通信ETF银华,2026-06-25,1.72,1.76,1.76,1.69,2540438.0,,1.76,1.72,1.76,1.76,1.69,1.76,,,,
159994,通信ETF银华,2026-06-26,1.728,1.655,1.728,1.632,2998755.0,,1.655,1.728,1.655,1.728,1.632,1.655,,,,
159994,通信ETF银华,2026-06-29,1.65,1.637,1.687,1.566,3208284.0,,1.637,1.65,1.637,1.687,1.566,1.637,,,,
159994,通信ETF银华,2026-06-30,1.635,1.708,1.725,1.625,2541406.0,,1.708,1.635,1.708,1.725,1.625,1.708,,,,
159994,通信ETF银华,2026-07-01,1.708,1.634,1.733,1.613,2561517.0,,1.634,1.708,1.634,1.733,1.613,1.634,,,,
159994,通信ETF银华,2026-07-02,1.571,1.497,1.579,1.489,2850740.0,,1.497,1.571,1.497,1.579,1.489,1.497,,,,
159994,通信ETF银华,2026-07-03,1.493,1.519,1.571,1.471,2276825.0,,1.519,1.493,1.519,1.571,1.471,1.519,,,,
515260,电子ETF华宝,2026-01-05,0.662,0.682,0.682,0.662,458589.0,,0.682,0.662,0.682,0.682,0.662,0.682,,,,
515260,电子ETF华宝,2026-01-06,0.682,0.693,0.698,0.68,423282.0,,0.693,0.682,0.693,0.698,0.68,0.693,,,,
515260,电子ETF华宝,2026-01-07,0.698,0.694,0.701,0.686,270893.0,,0.694,0.698,0.694,0.701,0.686,0.694,,,,
515260,电子ETF华宝,2026-01-08,0.692,0.694,0.706,0.689,369518.0,,0.694,0.692,0.694,0.706,0.689,0.694,,,,
515260,电子ETF华宝,2026-01-09,0.689,0.698,0.7,0.681,242020.0,,0.698,0.689,0.698,0.7,0.681,0.698,,,,
515260,电子ETF华宝,2026-01-12,0.699,0.707,0.712,0.693,366882.0,,0.707,0.699,0.707,0.712,0.693,0.707,,,,
515260,电子ETF华宝,2026-01-13,0.706,0.684,0.71,0.682,312797.0,,0.684,0.706,0.684,0.71,0.682,0.684,,,,
515260,电子ETF华宝,2026-01-14,0.685,0.692,0.705,0.685,361675.0,,0.692,0.685,0.692,0.705,0.685,0.692,,,,
515260,电子ETF华宝,2026-01-15,0.693,0.705,0.706,0.685,274397.0,,0.705,0.693,0.705,0.706,0.685,0.705,,,,
515260,电子ETF华宝,2026-01-16,0.712,0.724,0.725,0.705,346637.0,,0.724,0.712,0.724,0.725,0.705,0.724,,,,
515260,电子ETF华宝,2026-01-19,0.717,0.716,0.722,0.71,319079.0,,0.716,0.717,0.716,0.722,0.71,0.716,,,,
515260,电子ETF华宝,2026-01-20,0.712,0.703,0.718,0.696,324629.0,,0.703,0.712,0.703,0.718,0.696,0.703,,,,
515260,电子ETF华宝,2026-01-21,0.696,0.725,0.729,0.696,461723.0,,0.725,0.696,0.725,0.729,0.696,0.725,,,,
515260,电子ETF华宝,2026-01-22,0.734,0.725,0.746,0.718,309377.0,,0.725,0.734,0.725,0.746,0.718,0.725,,,,
515260,电子ETF华宝,2026-01-23,0.717,0.722,0.723,0.71,354700.0,,0.722,0.717,0.722,0.723,0.71,0.722,,,,
515260,电子ETF华宝,2026-01-26,0.72,0.71,0.724,0.705,273102.0,,0.71,0.72,0.71,0.724,0.705,0.71,,,,
515260,电子ETF华宝,2026-01-27,0.705,0.716,0.719,0.694,244873.0,,0.716,0.705,0.716,0.719,0.694,0.716,,,,
515260,电子ETF华宝,2026-01-28,0.719,0.718,0.728,0.711,234399.0,,0.718,0.719,0.718,0.728,0.711,0.718,,,,
515260,电子ETF华宝,2026-01-29,0.717,0.696,0.717,0.693,353491.0,,0.696,0.717,0.696,0.717,0.693,0.696,,,,
515260,电子ETF华宝,2026-01-30,0.69,0.698,0.703,0.677,300840.0,,0.698,0.69,0.698,0.703,0.677,0.698,,,,
515260,电子ETF华宝,2026-02-02,0.688,0.674,0.698,0.674,171719.0,,0.674,0.688,0.674,0.698,0.674,0.674,,,,
515260,电子ETF华宝,2026-02-03,0.681,0.682,0.687,0.665,304771.0,,0.682,0.681,0.682,0.687,0.665,0.682,,,,
515260,电子ETF华宝,2026-02-04,0.674,0.668,0.678,0.661,363832.0,,0.668,0.674,0.668,0.678,0.661,0.668,,,,
515260,电子ETF华宝,2026-02-05,0.658,0.661,0.665,0.653,170489.0,,0.661,0.658,0.661,0.665,0.653,0.661,,,,
515260,电子ETF华宝,2026-02-06,0.656,0.661,0.669,0.65,250745.0,,0.661,0.656,0.661,0.669,0.65,0.661,,,,
515260,电子ETF华宝,2026-02-09,0.671,0.679,0.68,0.668,328335.0,,0.679,0.671,0.679,0.68,0.668,0.679,,,,
515260,电子ETF华宝,2026-02-10,0.679,0.685,0.691,0.679,169126.0,,0.685,0.679,0.685,0.691,0.679,0.685,,,,
515260,电子ETF华宝,2026-02-11,0.681,0.676,0.686,0.674,131203.0,,0.676,0.681,0.676,0.686,0.674,0.676,,,,
515260,电子ETF华宝,2026-02-12,0.676,0.683,0.683,0.672,173291.0,,0.683,0.676,0.683,0.683,0.672,0.683,,,,
515260,电子ETF华宝,2026-02-13,0.68,0.681,0.688,0.677,128379.0,,0.681,0.68,0.681,0.688,0.677,0.681,,,,
515260,电子ETF华宝,2026-02-24,0.688,0.69,0.695,0.681,188020.0,,0.69,0.688,0.69,0.695,0.681,0.69,,,,
515260,电子ETF华宝,2026-02-25,0.69,0.698,0.699,0.684,1311635.0,,0.698,0.69,0.698,0.699,0.684,0.698,,,,
515260,电子ETF华宝,2026-02-26,0.697,0.713,0.715,0.693,1063247.0,,0.713,0.697,0.713,0.715,0.693,0.713,,,,
515260,电子ETF华宝,2026-02-27,0.7,0.704,0.705,0.692,568065.0,,0.704,0.7,0.704,0.705,0.692,0.704,,,,
515260,电子ETF华宝,2026-03-02,0.687,0.697,0.703,0.687,1327242.0,,0.697,0.687,0.697,0.703,0.687,0.697,,,,
515260,电子ETF华宝,2026-03-03,0.7,0.664,0.701,0.663,715134.0,,0.664,0.7,0.664,0.701,0.663,0.664,,,,
515260,电子ETF华宝,2026-03-04,0.653,0.661,0.673,0.651,380913.0,,0.661,0.653,0.661,0.673,0.651,0.661,,,,
515260,电子ETF华宝,2026-03-05,0.676,0.673,0.686,0.669,303805.0,,0.673,0.676,0.673,0.686,0.669,0.673,,,,
515260,电子ETF华宝,2026-03-06,0.668,0.673,0.678,0.665,260359.0,,0.673,0.668,0.673,0.678,0.665,0.673,,,,
515260,电子ETF华宝,2026-03-09,0.659,0.663,0.663,0.638,1454758.0,,0.663,0.659,0.663,0.663,0.638,0.663,,,,
515260,电子ETF华宝,2026-03-10,0.673,0.681,0.682,0.67,283017.0,,0.681,0.673,0.681,0.682,0.67,0.681,,,,
515260,电子ETF华宝,2026-03-11,0.682,0.679,0.687,0.676,1280348.0,,0.679,0.682,0.679,0.687,0.676,0.679,,,,
515260,电子ETF华宝,2026-03-12,0.677,0.672,0.687,0.664,686181.0,,0.672,0.677,0.672,0.687,0.664,0.672,,,,
515260,电子ETF华宝,2026-03-13,0.665,0.668,0.676,0.664,432954.0,,0.668,0.665,0.668,0.676,0.664,0.668,,,,
515260,电子ETF华宝,2026-03-16,0.665,0.676,0.676,0.654,354490.0,,0.676,0.665,0.676,0.676,0.654,0.676,,,,
515260,电子ETF华宝,2026-03-17,0.677,0.659,0.68,0.658,532963.0,,0.659,0.677,0.659,0.68,0.658,0.659,,,,
515260,电子ETF华宝,2026-03-18,0.663,0.671,0.673,0.658,427590.0,,0.671,0.663,0.671,0.673,0.658,0.671,,,,
515260,电子ETF华宝,2026-03-19,0.655,0.656,0.664,0.652,247125.0,,0.656,0.655,0.656,0.664,0.652,0.656,,,,
515260,电子ETF华宝,2026-03-20,0.658,0.652,0.666,0.649,1531463.0,,0.652,0.658,0.652,0.666,0.649,0.652,,,,
515260,电子ETF华宝,2026-03-23,0.629,0.618,0.644,0.612,584393.0,,0.618,0.629,0.618,0.644,0.612,0.618,,,,
515260,电子ETF华宝,2026-03-24,0.622,0.625,0.627,0.606,512847.0,,0.625,0.622,0.625,0.627,0.606,0.625,,,,
515260,电子ETF华宝,2026-03-25,0.631,0.643,0.651,0.63,1669035.0,,0.643,0.631,0.643,0.651,0.63,0.643,,,,
515260,电子ETF华宝,2026-03-26,0.638,0.627,0.641,0.625,948811.0,,0.627,0.638,0.627,0.641,0.625,0.627,,,,
515260,电子ETF华宝,2026-03-27,0.613,0.629,0.634,0.613,179389.0,,0.629,0.613,0.629,0.634,0.613,0.629,,,,
515260,电子ETF华宝,2026-03-30,0.617,0.624,0.626,0.612,223211.0,,0.624,0.617,0.624,0.626,0.612,0.624,,,,
515260,电子ETF华宝,2026-03-31,0.619,0.612,0.629,0.61,258051.0,,0.612,0.619,0.612,0.629,0.61,0.612,,,,
515260,电子ETF华宝,2026-04-01,0.625,0.629,0.631,0.623,206944.0,,0.629,0.625,0.629,0.631,0.623,0.629,,,,
515260,电子ETF华宝,2026-04-02,0.628,0.613,0.63,0.609,175836.0,,0.613,0.628,0.613,0.63,0.609,0.613,,,,
515260,电子ETF华宝,2026-04-03,0.615,0.614,0.621,0.612,160437.0,,0.614,0.615,0.614,0.621,0.612,0.614,,,,
515260,电子ETF华宝,2026-04-07,0.615,0.622,0.626,0.615,162297.0,,0.622,0.615,0.622,0.626,0.615,0.622,,,,
515260,电子ETF华宝,2026-04-08,0.637,0.66,0.66,0.636,299611.0,,0.66,0.637,0.66,0.66,0.636,0.66,,,,
515260,电子ETF华宝,2026-04-09,0.648,0.662,0.668,0.648,276974.0,,0.662,0.648,0.662,0.668,0.648,0.662,,,,
515260,电子ETF华宝,2026-04-10,0.67,0.682,0.686,0.669,364434.0,,0.682,0.67,0.682,0.686,0.669,0.682,,,,
515260,电子ETF华宝,2026-04-13,0.675,0.689,0.696,0.671,358906.0,,0.689,0.675,0.689,0.696,0.671,0.689,,,,
515260,电子ETF华宝,2026-04-14,0.698,0.703,0.706,0.692,511152.0,,0.703,0.698,0.703,0.706,0.692,0.703,,,,
515260,电子ETF华宝,2026-04-15,0.707,0.697,0.71,0.692,396517.0,,0.697,0.707,0.697,0.71,0.692,0.697,,,,
515260,电子ETF华宝,2026-04-16,0.695,0.704,0.705,0.691,327935.0,,0.704,0.695,0.704,0.705,0.691,0.704,,,,
515260,电子ETF华宝,2026-04-17,0.702,0.714,0.718,0.7,349591.0,,0.714,0.702,0.714,0.718,0.7,0.714,,,,
515260,电子ETF华宝,2026-04-20,0.714,0.731,0.733,0.714,381753.0,,0.731,0.714,0.731,0.733,0.714,0.731,,,,
515260,电子ETF华宝,2026-04-21,0.726,0.728,0.732,0.713,402495.0,,0.728,0.726,0.728,0.732,0.713,0.728,,,,
515260,电子ETF华宝,2026-04-22,0.729,0.753,0.753,0.727,451595.0,,0.753,0.729,0.753,0.753,0.727,0.753,,,,
515260,电子ETF华宝,2026-04-23,0.754,0.746,0.764,0.737,475812.0,,0.746,0.754,0.746,0.764,0.737,0.746,,,,
515260,电子ETF华宝,2026-04-24,0.745,0.748,0.759,0.736,336113.0,,0.748,0.745,0.748,0.759,0.736,0.748,,,,
515260,电子ETF华宝,2026-04-27,0.757,0.779,0.78,0.757,436267.0,,0.779,0.757,0.779,0.78,0.757,0.779,,,,
515260,电子ETF华宝,2026-04-28,0.779,0.769,0.782,0.76,387370.0,,0.769,0.779,0.769,0.782,0.76,0.769,,,,
515260,电子ETF华宝,2026-04-29,0.757,0.767,0.768,0.745,320021.0,,0.767,0.757,0.767,0.768,0.745,0.767,,,,
515260,电子ETF华宝,2026-04-30,0.77,0.79,0.793,0.768,512445.0,,0.79,0.77,0.79,0.793,0.768,0.79,,,,
515260,电子ETF华宝,2026-05-06,0.798,0.822,0.84,0.798,426647.0,,0.822,0.798,0.822,0.84,0.798,0.822,,,,
515260,电子ETF华宝,2026-05-07,0.826,0.837,0.84,0.813,382885.0,,0.837,0.826,0.837,0.84,0.813,0.837,,,,
515260,电子ETF华宝,2026-05-08,0.826,0.827,0.829,0.818,402128.0,,0.827,0.826,0.827,0.829,0.818,0.827,,,,
515260,电子ETF华宝,2026-05-11,0.839,0.869,0.872,0.839,516319.0,,0.869,0.839,0.869,0.872,0.839,0.869,,,,
515260,电子ETF华宝,2026-05-12,0.871,0.866,0.875,0.853,609997.0,,0.866,0.871,0.866,0.875,0.853,0.866,,,,
515260,电子ETF华宝,2026-05-13,0.844,0.896,0.898,0.844,533619.0,,0.896,0.844,0.896,0.898,0.844,0.896,,,,
515260,电子ETF华宝,2026-05-14,0.9,0.875,0.906,0.864,533087.0,,0.875,0.9,0.875,0.906,0.864,0.875,,,,
515260,电子ETF华宝,2026-05-15,0.866,0.86,0.892,0.838,701970.0,,0.86,0.866,0.86,0.892,0.838,0.86,,,,
515260,电子ETF华宝,2026-05-18,0.856,0.874,0.884,0.845,598416.0,,0.874,0.856,0.874,0.884,0.845,0.874,,,,
515260,电子ETF华宝,2026-05-19,0.866,0.896,0.897,0.846,492425.0,,0.896,0.866,0.896,0.897,0.846,0.896,,,,
515260,电子ETF华宝,2026-05-20,0.89,0.917,0.918,0.88,686896.0,,0.917,0.89,0.917,0.918,0.88,0.917,,,,
515260,电子ETF华宝,2026-05-21,0.927,0.895,0.95,0.89,558648.0,,0.895,0.927,0.895,0.95,0.89,0.895,,,,
515260,电子ETF华宝,2026-05-22,0.897,0.934,0.935,0.897,824466.0,,0.934,0.897,0.934,0.935,0.897,0.934,,,,
515260,电子ETF华宝,2026-05-25,0.963,0.984,0.984,0.935,1448644.0,,0.984,0.963,0.984,0.984,0.935,0.984,,,,
515260,电子ETF华宝,2026-05-26,0.98,0.988,0.989,0.954,1228968.0,,0.988,0.98,0.988,0.989,0.954,0.988,,,,
515260,电子ETF华宝,2026-05-27,0.985,0.959,1.002,0.954,2012631.0,,0.959,0.985,0.959,1.002,0.954,0.959,,,,
515260,电子ETF华宝,2026-05-28,0.938,0.971,0.976,0.938,923034.0,,0.971,0.938,0.971,0.976,0.938,0.971,,,,
515260,电子ETF华宝,2026-05-29,0.974,0.933,0.985,0.921,957263.0,,0.933,0.974,0.933,0.985,0.921,0.933,,,,
515260,电子ETF华宝,2026-06-01,0.93,0.891,0.939,0.89,713922.0,,0.891,0.93,0.891,0.939,0.89,0.891,,,,
515260,电子ETF华宝,2026-06-02,0.888,0.919,0.929,0.88,1032053.0,,0.919,0.888,0.919,0.929,0.88,0.919,,,,
515260,电子ETF华宝,2026-06-03,0.925,0.942,0.97,0.923,861647.0,,0.942,0.925,0.942,0.97,0.923,0.942,,,,
515260,电子ETF华宝,2026-06-04,0.925,0.965,0.971,0.925,738556.0,,0.965,0.925,0.965,0.971,0.925,0.965,,,,
515260,电子ETF华宝,2026-06-05,0.945,0.924,0.956,0.912,912299.0,,0.924,0.945,0.924,0.956,0.912,0.924,,,,
515260,电子ETF华宝,2026-06-08,0.864,0.883,0.906,0.864,893267.0,,0.883,0.864,0.883,0.906,0.864,0.883,,,,
515260,电子ETF华宝,2026-06-09,0.899,0.93,0.93,0.888,613324.0,,0.93,0.899,0.93,0.93,0.888,0.93,,,,
515260,电子ETF华宝,2026-06-10,0.916,0.903,0.936,0.889,642179.0,,0.903,0.916,0.903,0.936,0.889,0.903,,,,
515260,电子ETF华宝,2026-06-11,0.892,0.899,0.913,0.883,431755.0,,0.899,0.892,0.899,0.913,0.883,0.899,,,,
515260,电子ETF华宝,2026-06-12,0.925,0.894,0.934,0.893,1366251.0,,0.894,0.925,0.894,0.934,0.893,0.894,,,,
515260,电子ETF华宝,2026-06-15,0.915,0.958,0.959,0.893,1297248.0,,0.958,0.915,0.958,0.959,0.893,0.958,,,,
515260,电子ETF华宝,2026-06-16,0.958,0.966,0.971,0.949,955786.0,,0.966,0.958,0.966,0.971,0.949,0.966,,,,
515260,电子ETF华宝,2026-06-17,0.952,1.009,1.01,0.951,834216.0,,1.009,0.952,1.009,1.01,0.951,1.009,,,,
515260,电子ETF华宝,2026-06-18,1.011,1.046,1.06,1.006,1108209.0,,1.046,1.011,1.046,1.06,1.006,1.046,,,,
515260,电子ETF华宝,2026-06-22,1.054,1.062,1.09,1.025,1320515.0,,1.062,1.054,1.062,1.09,1.025,1.062,,,,
515260,电子ETF华宝,2026-06-23,1.06,1.028,1.062,1.013,919944.0,,1.028,1.06,1.028,1.062,1.013,1.028,,,,
515260,电子ETF华宝,2026-06-24,1.011,1.075,1.077,1.011,1187247.0,,1.075,1.011,1.075,1.077,1.011,1.075,,,,
515260,电子ETF华宝,2026-06-25,1.088,1.125,1.128,1.085,1167091.0,,1.125,1.088,1.125,1.128,1.085,1.125,,,,
515260,电子ETF华宝,2026-06-26,1.104,1.092,1.121,1.068,1453782.0,,1.092,1.104,1.092,1.121,1.068,1.092,,,,
515260,电子ETF华宝,2026-06-29,1.094,1.116,1.131,1.059,1216461.0,,1.116,1.094,1.116,1.131,1.059,1.116,,,,
515260,电子ETF华宝,2026-06-30,1.116,1.162,1.165,1.107,1224383.0,,1.162,1.116,1.162,1.165,1.107,1.162,,,,
515260,电子ETF华宝,2026-07-01,1.174,1.128,1.182,1.108,1685551.0,,1.128,1.174,1.128,1.182,1.108,1.128,,,,
515260,电子ETF华宝,2026-07-02,1.062,1.038,1.083,1.027,1122164.0,,1.038,1.062,1.038,1.083,1.027,1.038,,,,
515260,电子ETF华宝,2026-07-03,1.012,1.039,1.073,1.008,947121.0,,1.039,1.012,1.039,1.073,1.008,1.039,,,,
159516,半导体设备材料ETF国泰,2026-01-05,0.78,0.818,0.818,0.778,9005341.0,,0.818,0.78,0.818,0.818,0.778,0.818,,,,
159516,半导体设备材料ETF国泰,2026-01-06,0.816,0.847,0.865,0.811,8407619.0,,0.847,0.816,0.847,0.865,0.811,0.847,,,,
159516,半导体设备材料ETF国泰,2026-01-07,0.871,0.91,0.914,0.871,13325191.0,,0.91,0.871,0.91,0.914,0.871,0.91,,,,
159516,半导体设备材料ETF国泰,2026-01-08,0.904,0.903,0.924,0.898,9968373.0,,0.903,0.904,0.903,0.924,0.898,0.903,,,,
159516,半导体设备材料ETF国泰,2026-01-09,0.887,0.9,0.904,0.883,12236541.0,,0.9,0.887,0.9,0.904,0.883,0.9,,,,
159516,半导体设备材料ETF国泰,2026-01-12,0.903,0.912,0.925,0.901,11966032.0,,0.912,0.903,0.912,0.925,0.901,0.912,,,,
159516,半导体设备材料ETF国泰,2026-01-13,0.905,0.883,0.922,0.878,8424431.0,,0.883,0.905,0.883,0.922,0.878,0.883,,,,
159516,半导体设备材料ETF国泰,2026-01-14,0.883,0.903,0.925,0.882,10018188.0,,0.903,0.883,0.903,0.925,0.882,0.903,,,,
159516,半导体设备材料ETF国泰,2026-01-15,0.892,0.951,0.951,0.889,15281412.0,,0.951,0.892,0.951,0.951,0.889,0.951,,,,
159516,半导体设备材料ETF国泰,2026-01-16,0.964,0.982,0.99,0.956,18885836.0,,0.982,0.964,0.982,0.99,0.956,0.982,,,,
159516,半导体设备材料ETF国泰,2026-01-19,0.992,0.977,0.996,0.967,14601091.0,,0.977,0.992,0.977,0.996,0.967,0.977,,,,
159516,半导体设备材料ETF国泰,2026-01-20,0.967,0.971,0.983,0.957,10590525.0,,0.971,0.967,0.971,0.983,0.957,0.971,,,,
159516,半导体设备材料ETF国泰,2026-01-21,0.963,0.973,0.99,0.96,12006966.0,,0.973,0.963,0.973,0.99,0.96,0.973,,,,
159516,半导体设备材料ETF国泰,2026-01-22,0.984,0.95,0.987,0.942,12953834.0,,0.95,0.984,0.95,0.987,0.942,0.95,,,,
159516,半导体设备材料ETF国泰,2026-01-23,0.945,0.973,0.973,0.935,11866371.0,,0.973,0.945,0.973,0.973,0.935,0.973,,,,
159516,半导体设备材料ETF国泰,2026-01-26,0.963,0.933,0.965,0.926,13669061.0,,0.933,0.963,0.933,0.965,0.926,0.933,,,,
159516,半导体设备材料ETF国泰,2026-01-27,0.926,0.952,0.96,0.923,10449892.0,,0.952,0.926,0.952,0.96,0.923,0.952,,,,
159516,半导体设备材料ETF国泰,2026-01-28,0.959,0.966,0.971,0.945,9930006.0,,0.966,0.959,0.966,0.971,0.945,0.966,,,,
159516,半导体设备材料ETF国泰,2026-01-29,0.959,0.922,0.959,0.921,15133692.0,,0.922,0.959,0.922,0.959,0.921,0.922,,,,
159516,半导体设备材料ETF国泰,2026-01-30,0.914,0.921,0.93,0.895,9843552.0,,0.921,0.914,0.921,0.93,0.895,0.921,,,,
159516,半导体设备材料ETF国泰,2026-02-02,0.909,0.874,0.912,0.873,12413429.0,,0.874,0.909,0.874,0.912,0.873,0.874,,,,
159516,半导体设备材料ETF国泰,2026-02-03,0.891,0.903,0.906,0.883,9887192.0,,0.903,0.891,0.903,0.906,0.883,0.903,,,,
159516,半导体设备材料ETF国泰,2026-02-04,0.892,0.9,0.908,0.886,6056748.0,,0.9,0.892,0.9,0.908,0.886,0.9,,,,
159516,半导体设备材料ETF国泰,2026-02-05,0.881,0.898,0.908,0.867,8481409.0,,0.898,0.881,0.898,0.908,0.867,0.898,,,,
159516,半导体设备材料ETF国泰,2026-02-06,0.885,0.893,0.908,0.885,6380435.0,,0.893,0.885,0.893,0.908,0.885,0.893,,,,
159516,半导体设备材料ETF国泰,2026-02-09,0.911,0.913,0.919,0.902,6183196.0,,0.913,0.911,0.913,0.919,0.902,0.913,,,,
159516,半导体设备材料ETF国泰,2026-02-10,0.914,0.911,0.922,0.905,5497491.0,,0.911,0.914,0.911,0.922,0.905,0.911,,,,
159516,半导体设备材料ETF国泰,2026-02-11,0.906,0.902,0.913,0.899,3656594.0,,0.902,0.906,0.902,0.913,0.899,0.902,,,,
159516,半导体设备材料ETF国泰,2026-02-12,0.907,0.907,0.913,0.896,5846398.0,,0.907,0.907,0.907,0.913,0.896,0.907,,,,
159516,半导体设备材料ETF国泰,2026-02-13,0.901,0.916,0.931,0.901,7136052.0,,0.916,0.901,0.916,0.931,0.901,0.916,,,,
159516,半导体设备材料ETF国泰,2026-02-24,0.927,0.922,0.928,0.898,5275790.0,,0.922,0.927,0.922,0.928,0.898,0.922,,,,
159516,半导体设备材料ETF国泰,2026-02-25,0.922,0.964,0.972,0.912,11865957.0,,0.964,0.922,0.964,0.972,0.912,0.964,,,,
159516,半导体设备材料ETF国泰,2026-02-26,0.959,0.974,0.983,0.943,7811900.0,,0.974,0.959,0.974,0.983,0.943,0.974,,,,
159516,半导体设备材料ETF国泰,2026-02-27,0.955,0.953,0.959,0.943,8201792.0,,0.953,0.955,0.953,0.959,0.943,0.953,,,,
159516,半导体设备材料ETF国泰,2026-03-02,0.928,0.935,0.958,0.928,6926593.0,,0.935,0.928,0.935,0.958,0.928,0.935,,,,
159516,半导体设备材料ETF国泰,2026-03-03,0.935,0.884,0.947,0.881,10779916.0,,0.884,0.935,0.884,0.947,0.881,0.884,,,,
159516,半导体设备材料ETF国泰,2026-03-04,0.87,0.881,0.898,0.87,7601621.0,,0.881,0.87,0.881,0.898,0.87,0.881,,,,
159516,半导体设备材料ETF国泰,2026-03-05,0.899,0.896,0.916,0.886,7932053.0,,0.896,0.899,0.896,0.916,0.886,0.896,,,,
159516,半导体设备材料ETF国泰,2026-03-06,0.886,0.885,0.9,0.883,5331832.0,,0.885,0.886,0.885,0.9,0.883,0.885,,,,
159516,半导体设备材料ETF国泰,2026-03-09,0.854,0.86,0.864,0.833,11012473.0,,0.86,0.854,0.86,0.864,0.833,0.86,,,,
159516,半导体设备材料ETF国泰,2026-03-10,0.88,0.882,0.887,0.868,6841917.0,,0.882,0.88,0.882,0.887,0.868,0.882,,,,
159516,半导体设备材料ETF国泰,2026-03-11,0.882,0.871,0.885,0.865,8760984.0,,0.871,0.882,0.871,0.885,0.865,0.871,,,,
159516,半导体设备材料ETF国泰,2026-03-12,0.866,0.857,0.877,0.848,5217179.0,,0.857,0.866,0.857,0.877,0.848,0.857,,,,
159516,半导体设备材料ETF国泰,2026-03-13,0.847,0.849,0.865,0.843,4763935.0,,0.849,0.847,0.849,0.865,0.843,0.849,,,,
159516,半导体设备材料ETF国泰,2026-03-16,0.846,0.861,0.861,0.826,9565795.0,,0.861,0.846,0.861,0.861,0.826,0.861,,,,
159516,半导体设备材料ETF国泰,2026-03-17,0.861,0.836,0.864,0.835,6311577.0,,0.836,0.861,0.836,0.864,0.835,0.836,,,,
159516,半导体设备材料ETF国泰,2026-03-18,0.84,0.855,0.856,0.838,7420618.0,,0.855,0.84,0.855,0.856,0.838,0.855,,,,
159516,半导体设备材料ETF国泰,2026-03-19,0.839,0.835,0.847,0.831,5147699.0,,0.835,0.839,0.835,0.847,0.831,0.835,,,,
159516,半导体设备材料ETF国泰,2026-03-20,0.84,0.83,0.852,0.83,7258425.0,,0.83,0.84,0.83,0.852,0.83,0.83,,,,
159516,半导体设备材料ETF国泰,2026-03-23,0.816,0.792,0.823,0.786,8589806.0,,0.792,0.816,0.792,0.823,0.786,0.792,,,,
159516,半导体设备材料ETF国泰,2026-03-24,0.804,0.805,0.807,0.785,6133396.0,,0.805,0.804,0.805,0.807,0.785,0.805,,,,
159516,半导体设备材料ETF国泰,2026-03-25,0.814,0.829,0.84,0.814,9445716.0,,0.829,0.814,0.829,0.84,0.814,0.829,,,,
159516,半导体设备材料ETF国泰,2026-03-26,0.821,0.811,0.825,0.808,4234505.0,,0.811,0.821,0.811,0.825,0.808,0.811,,,,
159516,半导体设备材料ETF国泰,2026-03-27,0.795,0.83,0.835,0.795,5373586.0,,0.83,0.795,0.83,0.835,0.795,0.83,,,,
159516,半导体设备材料ETF国泰,2026-03-30,0.812,0.852,0.855,0.812,11943466.0,,0.852,0.812,0.852,0.855,0.812,0.852,,,,
159516,半导体设备材料ETF国泰,2026-03-31,0.845,0.819,0.848,0.816,18005799.0,,0.819,0.845,0.819,0.848,0.816,0.819,,,,
159516,半导体设备材料ETF国泰,2026-04-01,0.838,0.833,0.846,0.828,11471166.0,,0.833,0.838,0.833,0.846,0.828,0.833,,,,
159516,半导体设备材料ETF国泰,2026-04-02,0.832,0.804,0.832,0.796,12534234.0,,0.804,0.832,0.804,0.832,0.796,0.804,,,,
159516,半导体设备材料ETF国泰,2026-04-03,0.806,0.802,0.813,0.8,7690270.0,,0.802,0.806,0.802,0.813,0.8,0.802,,,,
159516,半导体设备材料ETF国泰,2026-04-07,0.806,0.806,0.816,0.803,7678497.0,,0.806,0.806,0.806,0.816,0.803,0.806,,,,
159516,半导体设备材料ETF国泰,2026-04-08,0.835,0.867,0.867,0.831,22697906.0,,0.867,0.835,0.867,0.867,0.831,0.867,,,,
159516,半导体设备材料ETF国泰,2026-04-09,0.857,0.875,0.888,0.852,21206463.0,,0.875,0.857,0.875,0.888,0.852,0.875,,,,
159516,半导体设备材料ETF国泰,2026-04-10,0.888,0.885,0.899,0.883,17747932.0,,0.885,0.888,0.885,0.899,0.883,0.885,,,,
159516,半导体设备材料ETF国泰,2026-04-13,0.875,0.875,0.886,0.871,11537802.0,,0.875,0.875,0.875,0.886,0.871,0.875,,,,
159516,半导体设备材料ETF国泰,2026-04-14,0.889,0.902,0.911,0.884,19701668.0,,0.902,0.889,0.902,0.911,0.884,0.902,,,,
159516,半导体设备材料ETF国泰,2026-04-15,0.911,0.886,0.912,0.881,17265831.0,,0.886,0.911,0.886,0.912,0.881,0.886,,,,
159516,半导体设备材料ETF国泰,2026-04-16,0.888,0.899,0.9,0.88,10438521.0,,0.899,0.888,0.899,0.9,0.88,0.899,,,,
159516,半导体设备材料ETF国泰,2026-04-17,0.892,0.899,0.906,0.882,11292285.0,,0.899,0.892,0.899,0.906,0.882,0.899,,,,
159516,半导体设备材料ETF国泰,2026-04-20,0.889,0.908,0.912,0.882,12192106.0,,0.908,0.889,0.908,0.912,0.882,0.908,,,,
159516,半导体设备材料ETF国泰,2026-04-21,0.908,0.896,0.908,0.886,16540869.0,,0.896,0.908,0.896,0.908,0.886,0.896,,,,
159516,半导体设备材料ETF国泰,2026-04-22,0.891,0.922,0.924,0.891,21696222.0,,0.922,0.891,0.922,0.924,0.891,0.922,,,,
159516,半导体设备材料ETF国泰,2026-04-23,0.927,0.911,0.93,0.901,14984635.0,,0.911,0.927,0.911,0.93,0.901,0.911,,,,
159516,半导体设备材料ETF国泰,2026-04-24,0.911,0.919,0.928,0.906,15695331.0,,0.919,0.911,0.919,0.928,0.906,0.919,,,,
159516,半导体设备材料ETF国泰,2026-04-27,0.93,0.975,0.988,0.925,24401512.0,,0.975,0.93,0.975,0.988,0.925,0.975,,,,
159516,半导体设备材料ETF国泰,2026-04-28,0.968,0.974,1.002,0.955,22873117.0,,0.974,0.968,0.974,1.002,0.955,0.974,,,,
159516,半导体设备材料ETF国泰,2026-04-29,0.96,0.974,0.974,0.942,16953587.0,,0.974,0.96,0.974,0.974,0.942,0.974,,,,
159516,半导体设备材料ETF国泰,2026-04-30,0.974,1.005,1.015,0.964,18680304.0,,1.005,0.974,1.005,1.015,0.964,1.005,,,,
159516,半导体设备材料ETF国泰,2026-05-06,1.037,1.026,1.073,1.026,22000198.0,,1.026,1.037,1.026,1.073,1.026,1.026,,,,
159516,半导体设备材料ETF国泰,2026-05-07,1.028,1.05,1.053,1.017,13192965.0,,1.05,1.028,1.05,1.053,1.017,1.05,,,,
159516,半导体设备材料ETF国泰,2026-05-08,1.033,1.029,1.05,1.018,15269879.0,,1.029,1.033,1.029,1.05,1.018,1.029,,,,
159516,半导体设备材料ETF国泰,2026-05-11,1.047,1.1,1.113,1.045,24280831.0,,1.1,1.047,1.1,1.113,1.045,1.1,,,,
159516,半导体设备材料ETF国泰,2026-05-12,1.1,1.123,1.133,1.078,17735410.0,,1.123,1.1,1.123,1.133,1.078,1.123,,,,
159516,半导体设备材料ETF国泰,2026-05-13,1.097,1.169,1.173,1.096,20465765.0,,1.169,1.097,1.169,1.173,1.096,1.169,,,,
159516,半导体设备材料ETF国泰,2026-05-14,1.175,1.142,1.177,1.135,19987642.0,,1.142,1.175,1.142,1.177,1.135,1.142,,,,
159516,半导体设备材料ETF国泰,2026-05-15,1.144,1.194,1.25,1.11,34291795.0,,1.194,1.144,1.194,1.25,1.11,1.194,,,,
159516,半导体设备材料ETF国泰,2026-05-18,1.208,1.208,1.242,1.187,22626552.0,,1.208,1.208,1.208,1.242,1.187,1.208,,,,
159516,半导体设备材料ETF国泰,2026-05-19,1.184,1.269,1.269,1.171,30628924.0,,1.269,1.184,1.269,1.269,1.171,1.269,,,,
159516,半导体设备材料ETF国泰,2026-05-20,1.263,1.336,1.345,1.261,33208795.0,,1.336,1.263,1.336,1.345,1.261,1.336,,,,
159516,半导体设备材料ETF国泰,2026-05-21,1.355,1.27,1.4,1.263,50380488.0,,1.27,1.355,1.27,1.4,1.263,1.27,,,,
159516,半导体设备材料ETF国泰,2026-05-22,1.268,1.282,1.288,1.23,36322303.0,,1.282,1.268,1.282,1.288,1.23,1.282,,,,
159516,半导体设备材料ETF国泰,2026-05-25,1.267,1.35,1.373,1.231,31651351.0,,1.35,1.267,1.35,1.373,1.231,1.35,,,,
159516,半导体设备材料ETF国泰,2026-05-26,1.345,1.312,1.345,1.273,30904446.0,,1.312,1.345,1.312,1.345,1.273,1.312,,,,
159516,半导体设备材料ETF国泰,2026-05-27,1.313,1.263,1.337,1.258,30309260.0,,1.263,1.313,1.263,1.337,1.258,1.263,,,,
159516,半导体设备材料ETF国泰,2026-05-28,1.242,1.279,1.288,1.238,25810803.0,,1.279,1.242,1.279,1.288,1.238,1.279,,,,
159516,半导体设备材料ETF国泰,2026-05-29,1.287,1.208,1.289,1.19,25271914.0,,1.208,1.287,1.208,1.289,1.19,1.208,,,,
159516,半导体设备材料ETF国泰,2026-06-01,1.195,1.143,1.208,1.142,25432821.0,,1.143,1.195,1.143,1.208,1.142,1.143,,,,
159516,半导体设备材料ETF国泰,2026-06-02,1.148,1.164,1.186,1.133,28173004.0,,1.164,1.148,1.164,1.186,1.133,1.164,,,,
159516,半导体设备材料ETF国泰,2026-06-03,1.168,1.198,1.232,1.167,21133127.0,,1.198,1.168,1.198,1.232,1.167,1.198,,,,
159516,半导体设备材料ETF国泰,2026-06-04,1.175,1.243,1.251,1.175,18594090.0,,1.243,1.175,1.243,1.251,1.175,1.243,,,,
159516,半导体设备材料ETF国泰,2026-06-05,1.219,1.205,1.248,1.195,16877635.0,,1.205,1.219,1.205,1.248,1.195,1.205,,,,
159516,半导体设备材料ETF国泰,2026-06-08,1.145,1.166,1.198,1.144,18655487.0,,1.166,1.145,1.166,1.198,1.144,1.166,,,,
159516,半导体设备材料ETF国泰,2026-06-09,1.195,1.262,1.265,1.189,24295758.0,,1.262,1.195,1.262,1.265,1.189,1.262,,,,
159516,半导体设备材料ETF国泰,2026-06-10,1.243,1.291,1.312,1.243,24104934.0,,1.291,1.243,1.291,1.312,1.243,1.291,,,,
159516,半导体设备材料ETF国泰,2026-06-11,1.29,1.359,1.359,1.29,22615617.0,,1.359,1.29,1.359,1.359,1.29,1.359,,,,
159516,半导体设备材料ETF国泰,2026-06-12,1.428,1.323,1.437,1.317,27929630.0,,1.323,1.428,1.323,1.437,1.317,1.323,,,,
159516,半导体设备材料ETF国泰,2026-06-15,1.341,1.386,1.386,1.293,21161642.0,,1.386,1.341,1.386,1.386,1.293,1.386,,,,
159516,半导体设备材料ETF国泰,2026-06-16,1.389,1.394,1.409,1.372,16655499.0,,1.394,1.389,1.394,1.409,1.372,1.394,,,,
159516,半导体设备材料ETF国泰,2026-06-17,1.365,1.497,1.499,1.36,22678661.0,,1.497,1.365,1.497,1.499,1.36,1.497,,,,
159516,半导体设备材料ETF国泰,2026-06-18,1.49,1.521,1.534,1.483,24863164.0,,1.521,1.49,1.521,1.534,1.483,1.521,,,,
159516,半导体设备材料ETF国泰,2026-06-22,1.548,1.572,1.583,1.51,23620063.0,,1.572,1.548,1.572,1.583,1.51,1.572,,,,
159516,半导体设备材料ETF国泰,2026-06-23,1.562,1.568,1.61,1.52,25869686.0,,1.568,1.562,1.568,1.61,1.52,1.568,,,,
159516,半导体设备材料ETF国泰,2026-06-24,1.54,1.653,1.668,1.532,26335178.0,,1.653,1.54,1.653,1.668,1.532,1.653,,,,
159516,半导体设备材料ETF国泰,2026-06-25,1.677,1.702,1.722,1.653,28310379.0,,1.702,1.677,1.702,1.722,1.653,1.702,,,,
159516,半导体设备材料ETF国泰,2026-06-26,1.688,1.762,1.788,1.682,34169010.0,,1.762,1.688,1.762,1.788,1.682,1.762,,,,
159516,半导体设备材料ETF国泰,2026-06-29,1.79,1.921,1.927,1.76,36972831.0,,1.921,1.79,1.921,1.927,1.76,1.921,,,,
159516,半导体设备材料ETF国泰,2026-06-30,1.914,1.975,1.981,1.873,39161833.0,,1.975,1.914,1.975,1.981,1.873,1.975,,,,
159516,半导体设备材料ETF国泰,2026-07-01,1.975,1.993,2.106,1.947,48403443.0,,1.993,1.975,1.993,2.106,1.947,1.993,,,,
159516,半导体设备材料ETF国泰,2026-07-02,1.865,1.794,1.929,1.794,50715581.0,,1.794,1.865,1.794,1.929,1.794,1.794,,,,
159516,半导体设备材料ETF国泰,2026-07-03,1.734,1.73,1.792,1.683,48372517.0,,1.73,1.734,1.73,1.792,1.683,1.73,,,,
159538,信创ETF富国,2026-01-05,1.54,1.575,1.575,1.51,20346.0,,1.575,1.54,1.575,1.575,1.51,1.575,,,,
159538,信创ETF富国,2026-01-06,1.576,1.6,1.603,1.561,21212.0,,1.6,1.576,1.6,1.603,1.561,1.6,,,,
159538,信创ETF富国,2026-01-07,1.614,1.612,1.633,1.6,17241.0,,1.612,1.614,1.612,1.633,1.6,1.612,,,,
159538,信创ETF富国,2026-01-08,1.612,1.629,1.658,1.612,23036.0,,1.629,1.612,1.629,1.658,1.612,1.629,,,,
159538,信创ETF富国,2026-01-09,1.629,1.646,1.646,1.608,31401.0,,1.646,1.629,1.646,1.646,1.608,1.646,,,,
159538,信创ETF富国,2026-01-12,1.655,1.709,1.712,1.655,25166.0,,1.709,1.655,1.709,1.712,1.655,1.709,,,,
159538,信创ETF富国,2026-01-13,1.714,1.666,1.733,1.656,64371.0,,1.666,1.714,1.666,1.733,1.656,1.666,,,,
159538,信创ETF富国,2026-01-14,1.682,1.712,1.741,1.68,36967.0,,1.712,1.682,1.712,1.741,1.68,1.712,,,,
159538,信创ETF富国,2026-01-15,1.712,1.71,1.729,1.686,15860.0,,1.71,1.712,1.71,1.729,1.686,1.71,,,,
159538,信创ETF富国,2026-01-16,1.716,1.731,1.749,1.707,38305.0,,1.731,1.716,1.731,1.749,1.707,1.731,,,,
159538,信创ETF富国,2026-01-19,1.751,1.723,1.764,1.718,20005.0,,1.723,1.751,1.723,1.764,1.718,1.723,,,,
159538,信创ETF富国,2026-01-20,1.738,1.708,1.751,1.696,12980.0,,1.708,1.738,1.708,1.751,1.696,1.708,,,,
159538,信创ETF富国,2026-01-21,1.711,1.781,1.794,1.711,38012.0,,1.781,1.711,1.781,1.794,1.711,1.781,,,,
159538,信创ETF富国,2026-01-22,1.815,1.791,1.856,1.781,51514.0,,1.791,1.815,1.791,1.856,1.781,1.791,,,,
159538,信创ETF富国,2026-01-23,1.79,1.788,1.793,1.761,36894.0,,1.788,1.79,1.788,1.793,1.761,1.788,,,,
159538,信创ETF富国,2026-01-26,1.784,1.774,1.823,1.765,19994.0,,1.774,1.784,1.774,1.823,1.765,1.774,,,,
159538,信创ETF富国,2026-01-27,1.772,1.802,1.807,1.748,24692.0,,1.802,1.772,1.802,1.807,1.748,1.802,,,,
159538,信创ETF富国,2026-01-28,1.832,1.812,1.833,1.794,26906.0,,1.812,1.832,1.812,1.833,1.794,1.812,,,,
159538,信创ETF富国,2026-01-29,1.803,1.761,1.822,1.759,21724.0,,1.761,1.803,1.761,1.822,1.759,1.761,,,,
159538,信创ETF富国,2026-01-30,1.763,1.767,1.781,1.72,13007.0,,1.767,1.763,1.767,1.781,1.72,1.767,,,,
159538,信创ETF富国,2026-02-02,1.75,1.689,1.767,1.687,14094.0,,1.689,1.75,1.689,1.767,1.687,1.689,,,,
159538,信创ETF富国,2026-02-03,1.708,1.729,1.729,1.683,20649.0,,1.729,1.708,1.729,1.729,1.683,1.729,,,,
159538,信创ETF富国,2026-02-04,1.729,1.683,1.729,1.66,10507.0,,1.683,1.729,1.683,1.729,1.66,1.683,,,,
159538,信创ETF富国,2026-02-05,1.667,1.657,1.667,1.644,8511.0,,1.657,1.667,1.657,1.667,1.644,1.657,,,,
159538,信创ETF富国,2026-02-06,1.641,1.645,1.663,1.627,8011.0,,1.645,1.641,1.645,1.663,1.627,1.645,,,,
159538,信创ETF富国,2026-02-09,1.661,1.699,1.7,1.661,16289.0,,1.699,1.661,1.699,1.7,1.661,1.699,,,,
159538,信创ETF富国,2026-02-10,1.706,1.718,1.734,1.706,8635.0,,1.718,1.706,1.718,1.734,1.706,1.718,,,,
159538,信创ETF富国,2026-02-11,1.71,1.699,1.71,1.697,2468.0,,1.699,1.71,1.699,1.71,1.697,1.699,,,,
159538,信创ETF富国,2026-02-12,1.696,1.741,1.742,1.696,8879.0,,1.741,1.696,1.741,1.742,1.696,1.741,,,,
159538,信创ETF富国,2026-02-13,1.74,1.737,1.767,1.737,15773.0,,1.737,1.74,1.737,1.767,1.737,1.737,,,,
159538,信创ETF富国,2026-02-24,1.741,1.728,1.745,1.71,13892.0,,1.728,1.741,1.728,1.745,1.71,1.728,,,,
159538,信创ETF富国,2026-02-25,1.718,1.715,1.722,1.697,5800.0,,1.715,1.718,1.715,1.722,1.697,1.715,,,,
159538,信创ETF富国,2026-02-26,1.715,1.728,1.738,1.704,26661.0,,1.728,1.715,1.728,1.738,1.704,1.728,,,,
159538,信创ETF富国,2026-02-27,1.711,1.739,1.743,1.706,11104.0,,1.739,1.711,1.739,1.743,1.706,1.739,,,,
159538,信创ETF富国,2026-03-02,1.722,1.701,1.722,1.699,7326.0,,1.701,1.722,1.701,1.722,1.699,1.701,,,,
159538,信创ETF富国,2026-03-03,1.7,1.603,1.706,1.603,33283.0,,1.603,1.7,1.603,1.706,1.603,1.603,,,,
159538,信创ETF富国,2026-03-04,1.603,1.608,1.644,1.603,14699.0,,1.608,1.603,1.608,1.644,1.603,1.608,,,,
159538,信创ETF富国,2026-03-05,1.638,1.635,1.661,1.63,15581.0,,1.635,1.638,1.635,1.661,1.63,1.635,,,,
159538,信创ETF富国,2026-03-06,1.636,1.643,1.654,1.636,7301.0,,1.643,1.636,1.643,1.654,1.636,1.643,,,,
159538,信创ETF富国,2026-03-09,1.627,1.653,1.662,1.587,19452.0,,1.653,1.627,1.653,1.662,1.587,1.653,,,,
159538,信创ETF富国,2026-03-10,1.674,1.682,1.695,1.666,6584.0,,1.682,1.674,1.682,1.695,1.666,1.682,,,,
159538,信创ETF富国,2026-03-11,1.686,1.659,1.693,1.658,11538.0,,1.659,1.686,1.659,1.693,1.658,1.659,,,,
159538,信创ETF富国,2026-03-12,1.662,1.639,1.676,1.63,13790.0,,1.639,1.662,1.639,1.676,1.63,1.639,,,,
159538,信创ETF富国,2026-03-13,1.623,1.614,1.642,1.61,25904.0,,1.614,1.623,1.614,1.642,1.61,1.614,,,,
159538,信创ETF富国,2026-03-16,1.615,1.643,1.643,1.592,18788.0,,1.643,1.615,1.643,1.643,1.592,1.643,,,,
159538,信创ETF富国,2026-03-17,1.659,1.603,1.66,1.6,84878.0,,1.603,1.659,1.603,1.66,1.6,1.603,,,,
159538,信创ETF富国,2026-03-18,1.619,1.655,1.655,1.613,12658.0,,1.655,1.619,1.655,1.655,1.613,1.655,,,,
159538,信创ETF富国,2026-03-19,1.639,1.613,1.639,1.605,24761.0,,1.613,1.639,1.613,1.639,1.605,1.613,,,,
159538,信创ETF富国,2026-03-20,1.616,1.568,1.616,1.567,18188.0,,1.568,1.616,1.568,1.616,1.567,1.568,,,,
159538,信创ETF富国,2026-03-23,1.569,1.483,1.569,1.482,31916.0,,1.483,1.569,1.483,1.569,1.482,1.483,,,,
159538,信创ETF富国,2026-03-24,1.497,1.515,1.515,1.464,10006.0,,1.515,1.497,1.515,1.515,1.464,1.515,,,,
159538,信创ETF富国,2026-03-25,1.53,1.556,1.57,1.53,15279.0,,1.556,1.53,1.556,1.57,1.53,1.556,,,,
159538,信创ETF富国,2026-03-26,1.558,1.514,1.571,1.51,14474.0,,1.514,1.558,1.514,1.571,1.51,1.514,,,,
159538,信创ETF富国,2026-03-27,1.499,1.516,1.527,1.479,16634.0,,1.516,1.499,1.516,1.527,1.479,1.516,,,,
159538,信创ETF富国,2026-03-30,1.501,1.508,1.508,1.479,7891.0,,1.508,1.501,1.508,1.508,1.479,1.508,,,,
159538,信创ETF富国,2026-03-31,1.493,1.461,1.501,1.46,15036.0,,1.461,1.493,1.461,1.501,1.46,1.461,,,,
159538,信创ETF富国,2026-04-01,1.475,1.508,1.512,1.475,7797.0,,1.508,1.475,1.508,1.512,1.475,1.508,,,,
159538,信创ETF富国,2026-04-02,1.493,1.46,1.502,1.454,9913.0,,1.46,1.493,1.46,1.502,1.454,1.46,,,,
159538,信创ETF富国,2026-04-03,1.46,1.459,1.471,1.455,9129.0,,1.459,1.46,1.459,1.471,1.455,1.459,,,,
159538,信创ETF富国,2026-04-07,1.46,1.47,1.488,1.46,12446.0,,1.47,1.46,1.47,1.488,1.46,1.47,,,,
159538,信创ETF富国,2026-04-08,1.504,1.561,1.561,1.504,11995.0,,1.561,1.504,1.561,1.561,1.504,1.561,,,,
159538,信创ETF富国,2026-04-09,1.545,1.553,1.567,1.533,17811.0,,1.553,1.545,1.553,1.567,1.533,1.553,,,,
159538,信创ETF富国,2026-04-10,1.568,1.589,1.61,1.568,13613.0,,1.589,1.568,1.589,1.61,1.568,1.589,,,,
159538,信创ETF富国,2026-04-13,1.582,1.611,1.637,1.558,12699.0,,1.611,1.582,1.611,1.637,1.558,1.611,,,,
159538,信创ETF富国,2026-04-14,1.641,1.654,1.662,1.634,7059.0,,1.654,1.641,1.654,1.662,1.634,1.654,,,,
159538,信创ETF富国,2026-04-15,1.67,1.64,1.695,1.631,35634.0,,1.64,1.67,1.64,1.695,1.631,1.64,,,,
159538,信创ETF富国,2026-04-16,1.64,1.661,1.662,1.634,5535.0,,1.661,1.64,1.661,1.662,1.634,1.661,,,,
159538,信创ETF富国,2026-04-17,1.662,1.659,1.675,1.655,3014.0,,1.659,1.662,1.659,1.675,1.655,1.659,,,,
159538,信创ETF富国,2026-04-20,1.675,1.689,1.698,1.674,11284.0,,1.689,1.675,1.689,1.698,1.674,1.689,,,,
159538,信创ETF富国,2026-04-21,1.673,1.665,1.704,1.638,15288.0,,1.665,1.673,1.665,1.704,1.638,1.665,,,,
159538,信创ETF富国,2026-04-22,1.657,1.713,1.714,1.65,6308.0,,1.713,1.657,1.713,1.714,1.65,1.713,,,,
159538,信创ETF富国,2026-04-23,1.721,1.692,1.73,1.675,40192.0,,1.692,1.721,1.692,1.73,1.675,1.692,,,,
159538,信创ETF富国,2026-04-24,1.708,1.714,1.725,1.668,24818.0,,1.714,1.708,1.714,1.725,1.668,1.714,,,,
159538,信创ETF富国,2026-04-27,1.749,1.77,1.776,1.725,18982.0,,1.77,1.749,1.77,1.776,1.725,1.77,,,,
159538,信创ETF富国,2026-04-28,1.756,1.737,1.782,1.729,16815.0,,1.737,1.756,1.737,1.782,1.729,1.737,,,,
159538,信创ETF富国,2026-04-29,1.722,1.742,1.742,1.699,14281.0,,1.742,1.722,1.742,1.742,1.699,1.742,,,,
159538,信创ETF富国,2026-04-30,1.76,1.801,1.806,1.759,31230.0,,1.801,1.76,1.801,1.806,1.759,1.801,,,,
159538,信创ETF富国,2026-05-06,1.866,1.959,1.981,1.802,94466.0,,1.959,1.866,1.959,1.981,1.802,1.959,,,,
159538,信创ETF富国,2026-05-07,1.945,1.954,1.961,1.922,84783.0,,1.954,1.945,1.954,1.961,1.922,1.954,,,,
159538,信创ETF富国,2026-05-08,1.92,1.92,1.941,1.907,34344.0,,1.92,1.92,1.92,1.941,1.907,1.92,,,,
159538,信创ETF富国,2026-05-11,1.98,2.024,2.04,1.966,61640.0,,2.024,1.98,2.024,2.04,1.966,2.024,,,,
159538,信创ETF富国,2026-05-12,2.014,1.998,2.043,1.97,82319.0,,1.998,2.014,1.998,2.043,1.97,1.998,,,,
159538,信创ETF富国,2026-05-13,1.938,2.054,2.057,1.938,86528.0,,2.054,1.938,2.054,2.057,1.938,2.054,,,,
159538,信创ETF富国,2026-05-14,2.061,1.987,2.096,1.987,57669.0,,1.987,2.061,1.987,2.096,1.987,1.987,,,,
159538,信创ETF富国,2026-05-15,1.987,1.956,2.035,1.924,67025.0,,1.956,1.987,1.956,2.035,1.924,1.956,,,,
159538,信创ETF富国,2026-05-18,1.946,1.99,2.035,1.946,72534.0,,1.99,1.946,1.99,2.035,1.946,1.99,,,,
159538,信创ETF富国,2026-05-19,1.971,2.031,2.032,1.933,67681.0,,2.031,1.971,2.031,2.032,1.933,2.031,,,,
159538,信创ETF富国,2026-05-20,2.032,2.081,2.082,2.011,51856.0,,2.081,2.032,2.081,2.082,2.011,2.081,,,,
159538,信创ETF富国,2026-05-21,2.112,2.002,2.144,1.991,58659.0,,2.002,2.112,2.002,2.144,1.991,2.002,,,,
159538,信创ETF富国,2026-05-22,2.0,2.051,2.053,1.99,22689.0,,2.051,2.0,2.051,2.053,1.99,2.051,,,,
159538,信创ETF富国,2026-05-25,2.055,2.154,2.154,2.025,35978.0,,2.154,2.055,2.154,2.154,2.025,2.154,,,,
159538,信创ETF富国,2026-05-26,2.16,2.128,2.16,2.066,46593.0,,2.128,2.16,2.128,2.16,2.066,2.128,,,,
159538,信创ETF富国,2026-05-27,2.136,2.057,2.162,2.053,55210.0,,2.057,2.136,2.057,2.162,2.053,2.057,,,,
159538,信创ETF富国,2026-05-28,2.037,2.056,2.071,2.012,40627.0,,2.056,2.037,2.056,2.071,2.012,2.056,,,,
159538,信创ETF富国,2026-05-29,2.056,1.972,2.081,1.948,49386.0,,1.972,2.056,1.972,2.081,1.948,1.972,,,,
159538,信创ETF富国,2026-06-01,1.961,1.914,2.001,1.91,32859.0,,1.914,1.961,1.914,2.001,1.91,1.914,,,,
159538,信创ETF富国,2026-06-02,1.914,1.936,1.957,1.88,57855.0,,1.936,1.914,1.936,1.957,1.88,1.936,,,,
159538,信创ETF富国,2026-06-03,1.941,1.972,2.026,1.917,47617.0,,1.972,1.941,1.972,2.026,1.917,1.972,,,,
159538,信创ETF富国,2026-06-04,1.953,1.994,2.004,1.943,48287.0,,1.994,1.953,1.994,2.004,1.943,1.994,,,,
159538,信创ETF富国,2026-06-05,1.975,1.911,1.992,1.901,49212.0,,1.911,1.975,1.911,1.992,1.901,1.911,,,,
159538,信创ETF富国,2026-06-08,1.892,1.826,1.892,1.809,44656.0,,1.826,1.892,1.826,1.892,1.809,1.826,,,,
159538,信创ETF富国,2026-06-09,1.876,1.91,1.91,1.834,35784.0,,1.91,1.876,1.91,1.91,1.834,1.91,,,,
159538,信创ETF富国,2026-06-10,1.898,1.896,1.966,1.875,35081.0,,1.896,1.898,1.896,1.966,1.875,1.896,,,,
159538,信创ETF富国,2026-06-11,1.878,1.888,1.906,1.858,31358.0,,1.888,1.878,1.888,1.906,1.858,1.888,,,,
159538,信创ETF富国,2026-06-12,1.906,1.887,1.96,1.884,43604.0,,1.887,1.906,1.887,1.96,1.884,1.887,,,,
159538,信创ETF富国,2026-06-15,1.905,1.98,1.98,1.905,33541.0,,1.98,1.905,1.98,1.98,1.905,1.98,,,,
159538,信创ETF富国,2026-06-16,1.982,1.987,1.995,1.961,49996.0,,1.987,1.982,1.987,1.995,1.961,1.987,,,,
159538,信创ETF富国,2026-06-17,1.975,2.093,2.115,1.952,85955.0,,2.093,1.975,2.093,2.115,1.952,2.093,,,,
159538,信创ETF富国,2026-06-18,2.093,2.175,2.206,2.06,97780.0,,2.175,2.093,2.175,2.206,2.06,2.175,,,,
159538,信创ETF富国,2026-06-22,2.216,2.24,2.393,2.144,136338.0,,2.24,2.216,2.24,2.393,2.144,2.24,,,,
159538,信创ETF富国,2026-06-23,2.244,2.176,2.248,2.151,87165.0,,2.176,2.244,2.176,2.248,2.151,2.176,,,,
159538,信创ETF富国,2026-06-24,2.168,2.276,2.276,2.134,132399.0,,2.276,2.168,2.276,2.276,2.134,2.276,,,,
159538,信创ETF富国,2026-06-25,2.422,2.41,2.422,2.308,325991.0,,2.41,2.422,2.41,2.422,2.308,2.41,,,,
159538,信创ETF富国,2026-06-26,2.396,2.371,2.398,2.295,314424.0,,2.371,2.396,2.371,2.398,2.295,2.371,,,,
159538,信创ETF富国,2026-06-29,2.371,2.467,2.469,2.332,200166.0,,2.467,2.371,2.467,2.469,2.332,2.467,,,,
159538,信创ETF富国,2026-06-30,2.455,2.525,2.533,2.408,166102.0,,2.525,2.455,2.525,2.533,2.408,2.525,,,,
159538,信创ETF富国,2026-07-01,2.516,2.463,2.592,2.425,213431.0,,2.463,2.516,2.463,2.592,2.425,2.463,,,,
159538,信创ETF富国,2026-07-02,2.325,2.245,2.378,2.239,154050.0,,2.245,2.325,2.245,2.378,2.239,2.245,,,,
159538,信创ETF富国,2026-07-03,2.19,2.269,2.336,2.186,370141.0,,2.269,2.19,2.269,2.336,2.186,2.269,,,,
