strategy,date,total_value,cash,market_value,principal_invested,return_on_principal_cap,drawdown_from_strategy_high,weight_159259,weight_159222,weight_515180
triggered_plan,2026-01-05,400000.0,240000.0,160000.0,160000.0,0.0,0.0,0.3,0.4,0.3
triggered_plan,2026-01-06,401666.66,240000.0,161666.66,160000.0,0.004167,0.0,0.297453,0.401967,0.300581
triggered_plan,2026-01-07,402076.51,240000.0,162076.51,160000.0,0.005191,0.0,0.301052,0.399128,0.299821
triggered_plan,2026-01-08,401309.39,240000.0,161309.39,160000.0,0.003273,-0.001908,0.299204,0.400415,0.30038
triggered_plan,2026-01-09,402471.52,240000.0,162471.52,160000.0,0.006179,0.0,0.299506,0.401187,0.299307
triggered_plan,2026-01-12,403297.02,160000.0,243297.02,240000.0,0.008243,0.0,0.301007,0.400043,0.29895
triggered_plan,2026-01-13,401849.38,160000.0,241849.38,240000.0,0.004623,-0.00359,0.294134,0.405773,0.300093
triggered_plan,2026-01-14,401748.02,160000.0,241748.02,240000.0,0.00437,-0.003841,0.297512,0.404426,0.298062
triggered_plan,2026-01-15,402609.69,160000.0,242609.69,240000.0,0.006524,-0.001704,0.300779,0.403292,0.295929
triggered_plan,2026-01-16,402246.08,160000.0,242246.08,240000.0,0.005615,-0.002606,0.303396,0.402384,0.29422
triggered_plan,2026-01-19,404934.36,160000.0,244934.36,240000.0,0.012336,0.0,0.30301,0.403657,0.293333
triggered_plan,2026-01-20,405345.82,160000.0,245345.82,240000.0,0.013365,0.0,0.29502,0.407464,0.297516
triggered_plan,2026-01-21,406471.3,160000.0,246471.3,240000.0,0.016178,0.0,0.300057,0.405901,0.294042
triggered_plan,2026-01-22,410532.32,160000.0,250532.32,240000.0,0.026331,0.0,0.304091,0.405177,0.290733
triggered_plan,2026-01-23,410872.4,160000.0,250872.4,240000.0,0.027181,0.0,0.30211,0.407551,0.290338
triggered_plan,2026-01-26,411101.57,160000.0,251101.57,240000.0,0.027754,0.0,0.296874,0.410977,0.29215
triggered_plan,2026-01-27,410827.85,160000.0,250827.85,240000.0,0.02707,-0.000666,0.302948,0.406454,0.290598
triggered_plan,2026-01-28,414728.95,160000.0,254728.95,240000.0,0.036822,0.0,0.299081,0.410883,0.290036
triggered_plan,2026-01-29,414515.13,160000.0,254515.13,240000.0,0.036288,-0.000516,0.291346,0.414686,0.293967
triggered_plan,2026-01-30,411947.27,160000.0,251947.27,240000.0,0.029868,-0.006707,0.295877,0.41047,0.293653
triggered_plan,2026-02-02,402201.71,80000.0,322201.71,320000.0,0.005504,-0.030206,0.2971,0.405262,0.297638
triggered_plan,2026-02-03,407599.08,80000.0,327599.08,320000.0,0.018998,-0.017192,0.29728,0.408075,0.294645
triggered_plan,2026-02-04,410490.01,80000.0,330490.01,320000.0,0.026225,-0.010221,0.289385,0.410973,0.299642
triggered_plan,2026-02-05,406283.82,80000.0,326283.82,320000.0,0.01571,-0.020363,0.286947,0.410613,0.30244
triggered_plan,2026-02-06,405246.37,80000.0,325246.37,320000.0,0.013116,-0.022865,0.288131,0.409534,0.302335
triggered_plan,2026-02-09,410565.15,80000.0,330565.15,320000.0,0.026413,-0.01004,0.291436,0.40941,0.299154
triggered_plan,2026-02-10,410703.28,80000.0,330703.28,320000.0,0.026758,-0.009707,0.289463,0.409827,0.300711
triggered_plan,2026-02-11,412057.52,80000.0,332057.52,320000.0,0.030144,-0.006441,0.286964,0.411666,0.301369
triggered_plan,2026-02-12,413481.84,80000.0,333481.84,320000.0,0.033705,-0.003007,0.288887,0.411656,0.299457
triggered_plan,2026-02-13,408796.77,80000.0,328796.77,320000.0,0.021992,-0.014304,0.290076,0.41043,0.299493
triggered_plan,2026-02-24,416666.56,80000.0,336666.56,320000.0,0.041666,0.0,0.290833,0.412956,0.296211
triggered_plan,2026-02-25,419285.04,80000.0,339285.04,320000.0,0.048213,0.0,0.292457,0.411774,0.295769
triggered_plan,2026-02-26,420620.52,80000.0,340620.52,320000.0,0.051551,0.0,0.294907,0.4113,0.293793
triggered_plan,2026-02-27,421585.19,80000.0,341585.19,320000.0,0.053963,0.0,0.291,0.412983,0.296017
triggered_plan,2026-03-02,426295.91,80000.0,346295.91,320000.0,0.06574,0.0,0.288052,0.416343,0.295605
triggered_plan,2026-03-03,422660.18,80000.0,342660.18,320000.0,0.05665,-0.008529,0.280128,0.418492,0.30138
triggered_plan,2026-03-04,418620.21,80000.0,338620.21,320000.0,0.046551,-0.018006,0.28192,0.418034,0.300047
triggered_plan,2026-03-05,421602.32,80000.0,341602.32,320000.0,0.054006,-0.01101,0.283557,0.419219,0.297224
triggered_plan,2026-03-06,421175.82,80000.0,341175.82,320000.0,0.05294,-0.012011,0.281603,0.420598,0.297799
triggered_plan,2026-03-09,421160.55,80000.0,341160.55,320000.0,0.052901,-0.012046,0.27982,0.421755,0.298424
triggered_plan,2026-03-10,423059.84,0.0,423059.84,400000.0,0.05765,-0.007591,0.289826,0.4146,0.295574
triggered_plan,2026-03-11,426783.83,0.0,426783.83,400000.0,0.06696,0.0,0.288572,0.414602,0.296826
triggered_plan,2026-03-12,428706.85,0.0,428706.85,400000.0,0.071767,0.0,0.286008,0.414683,0.299309
triggered_plan,2026-03-13,425992.86,0.0,425992.86,400000.0,0.064982,-0.006331,0.286298,0.413698,0.300004
triggered_plan,2026-03-16,422758.19,0.0,422758.19,400000.0,0.056895,-0.013876,0.289261,0.410679,0.30006
triggered_plan,2026-03-17,416294.51,0.0,416294.51,400000.0,0.040736,-0.028953,0.284082,0.413059,0.302858
triggered_plan,2026-03-18,417408.03,0.0,417408.03,400000.0,0.04352,-0.026356,0.289841,0.409965,0.300195
triggered_plan,2026-03-19,410095.05,0.0,410095.05,400000.0,0.025238,-0.043414,0.28652,0.410031,0.30345
triggered_plan,2026-03-20,407611.35,0.0,407611.35,400000.0,0.019028,-0.049207,0.287732,0.408448,0.303821
triggered_plan,2026-03-23,396191.63,0.0,396191.63,400000.0,-0.009521,-0.075845,0.283668,0.410922,0.30541
triggered_plan,2026-03-24,402407.89,0.0,402407.89,400000.0,0.00602,-0.061345,0.287127,0.408118,0.304755
triggered_plan,2026-03-25,408175.14,0.0,408175.14,400000.0,0.020438,-0.047892,0.290533,0.408175,0.301293
triggered_plan,2026-03-26,406323.98,0.0,406323.98,400000.0,0.01581,-0.05221,0.290518,0.406817,0.302665
triggered_plan,2026-03-27,408178.24,0.0,408178.24,400000.0,0.020446,-0.047885,0.291863,0.406425,0.301712
triggered_plan,2026-03-30,410607.3,0.0,410607.3,400000.0,0.026518,-0.042219,0.291462,0.405468,0.303071
triggered_plan,2026-03-31,405147.73,0.0,405147.73,400000.0,0.012869,-0.054954,0.288407,0.407412,0.304181
triggered_plan,2026-04-01,409197.56,0.0,409197.56,400000.0,0.022994,-0.045507,0.292466,0.406574,0.30096
triggered_plan,2026-04-02,405365.32,0.0,405365.32,400000.0,0.013413,-0.054446,0.288789,0.407193,0.304018
triggered_plan,2026-04-03,402774.77,0.0,402774.77,400000.0,0.006937,-0.060489,0.292537,0.405976,0.301486
triggered_plan,2026-04-07,404540.74,0.0,404540.74,400000.0,0.011352,-0.05637,0.293681,0.405085,0.301234
triggered_plan,2026-04-08,415777.77,0.0,415777.77,400000.0,0.039444,-0.030158,0.302491,0.40214,0.295369
triggered_plan,2026-04-09,414419.09,0.0,414419.09,400000.0,0.036048,-0.033328,0.30322,0.402312,0.294469
triggered_plan,2026-04-10,418838.55,0.0,418838.55,400000.0,0.047096,-0.023019,0.307813,0.40062,0.291567
triggered_plan,2026-04-13,419299.58,0.0,419299.58,400000.0,0.048249,-0.021943,0.310069,0.398479,0.291452
triggered_plan,2026-04-14,423401.08,0.0,423401.08,400000.0,0.058503,-0.012376,0.31683,0.394338,0.288832
triggered_plan,2026-04-15,421104.51,0.0,421104.51,400000.0,0.052761,-0.017733,0.313649,0.394513,0.291837
triggered_plan,2026-04-16,426029.88,0.0,426029.88,400000.0,0.065075,-0.006244,0.317429,0.3933,0.289272
triggered_plan,2026-04-17,426713.54,0.0,426713.54,400000.0,0.066784,-0.00465,0.323804,0.389606,0.28659
triggered_plan,2026-04-20,426716.63,0.0,426716.63,400000.0,0.066792,-0.004642,0.325077,0.387932,0.286991
triggered_plan,2026-04-21,429556.08,0.0,429556.08,400000.0,0.07389,0.0,0.327487,0.384815,0.287698
triggered_plan,2026-04-22,432764.04,0.0,432764.04,400000.0,0.08191,0.0,0.331847,0.382786,0.285367
triggered_plan,2026-04-23,430494.92,0.0,430494.92,400000.0,0.076237,-0.005243,0.327278,0.384252,0.28847
triggered_plan,2026-04-24,429933.53,0.0,429933.53,400000.0,0.074834,-0.006541,0.327705,0.383648,0.288647
triggered_plan,2026-04-27,432210.88,0.0,432210.88,400000.0,0.080527,-0.001278,0.332272,0.380801,0.286927
triggered_plan,2026-04-28,431444.25,0.0,431444.25,400000.0,0.078611,-0.00305,0.327314,0.382855,0.28983
triggered_plan,2026-04-29,438221.05,0.0,438221.05,400000.0,0.095553,0.0,0.328459,0.383443,0.288098
triggered_plan,2026-04-30,437652.27,0.0,437652.27,400000.0,0.094131,-0.001298,0.329881,0.382041,0.288079
triggered_plan,2026-05-06,442823.72,0.0,442823.72,400000.0,0.107059,0.0,0.335856,0.378652,0.285492
triggered_plan,2026-05-07,441693.01,0.0,441693.01,400000.0,0.104233,-0.002553,0.342135,0.376124,0.281741
triggered_plan,2026-05-08,440276.15,0.0,440276.15,400000.0,0.10069,-0.005753,0.342,0.376525,0.281475
triggered_plan,2026-05-11,446411.4,0.0,446411.4,400000.0,0.116028,0.0,0.348023,0.373213,0.278763
triggered_plan,2026-05-12,445506.2,0.0,445506.2,400000.0,0.113766,-0.002028,0.349219,0.371838,0.278943
triggered_plan,2026-05-13,448640.35,0.0,448640.35,400000.0,0.121601,0.0,0.353327,0.370829,0.275844
triggered_plan,2026-05-14,440671.52,0.0,440671.52,400000.0,0.101679,-0.017762,0.3491,0.372412,0.278488
triggered_plan,2026-05-15,435468.34,0.0,435468.34,400000.0,0.088671,-0.02936,0.347025,0.371949,0.281025
triggered_plan,2026-05-18,433703.38,0.0,433703.38,400000.0,0.084258,-0.033294,0.349942,0.369079,0.280979
triggered_plan,2026-05-19,436269.04,0.0,436269.04,400000.0,0.090673,-0.027575,0.353371,0.366909,0.279721
triggered_plan,2026-05-20,437724.14,0.0,437724.14,400000.0,0.09431,-0.024332,0.357664,0.364331,0.278004
triggered_plan,2026-05-21,426059.05,0.0,426059.05,400000.0,0.065148,-0.050333,0.351369,0.367055,0.281576
triggered_plan,2026-05-22,431270.8,0.0,431270.8,400000.0,0.078177,-0.038716,0.35898,0.363446,0.277575
triggered_plan,2026-05-25,435745.02,0.0,435745.02,400000.0,0.089363,-0.028743,0.367029,0.357259,0.275712
triggered_plan,2026-05-26,435342.02,0.0,435342.02,400000.0,0.088355,-0.029641,0.36312,0.36032,0.27656
triggered_plan,2026-05-27,430973.51,0.0,430973.51,400000.0,0.077434,-0.039379,0.364024,0.359009,0.276967
triggered_plan,2026-05-28,434136.58,0.0,434136.58,400000.0,0.085341,-0.032328,0.370895,0.354751,0.274355
triggered_plan,2026-05-29,433569.96,0.0,433569.96,400000.0,0.083925,-0.033591,0.364855,0.356859,0.278286
triggered_plan,2026-06-01,432067.53,0.0,432067.53,400000.0,0.080169,-0.03694,0.352526,0.36085,0.286624
triggered_plan,2026-06-02,438251.08,0.0,438251.08,400000.0,0.095628,-0.023157,0.362447,0.355759,0.281794
triggered_plan,2026-06-03,443306.96,0.0,443306.96,400000.0,0.108267,-0.011888,0.372057,0.349557,0.278386
triggered_plan,2026-06-04,443025.0,0.0,443025.0,400000.0,0.107563,-0.012516,0.378188,0.344414,0.277398
triggered_plan,2026-06-05,436298.06,0.0,436298.06,400000.0,0.090745,-0.02751,0.371052,0.347273,0.281675
triggered_plan,2026-06-08,428820.36,0.0,428820.36,400000.0,0.072051,-0.044178,0.368389,0.347232,0.284379
triggered_plan,2026-06-09,437116.94,0.0,437116.94,400000.0,0.092792,-0.025685,0.382055,0.339554,0.278391
triggered_plan,2026-06-10,430936.82,0.0,430936.82,400000.0,0.077342,-0.03946,0.379203,0.340012,0.280785
triggered_plan,2026-06-11,430731.48,0.0,430731.48,400000.0,0.076829,-0.039918,0.378878,0.341002,0.28012
triggered_plan,2026-06-12,436876.46,0.0,436876.46,400000.0,0.092191,-0.026221,0.378779,0.341101,0.28012
triggered_plan,2026-06-15,448452.46,0.0,448452.46,400000.0,0.121131,-0.000419,0.400297,0.329117,0.270586
triggered_plan,2026-06-16,447451.67,0.0,447451.67,400000.0,0.118629,-0.00265,0.409946,0.323479,0.266575
triggered_plan,2026-06-17,450462.43,0.0,450462.43,400000.0,0.126156,0.0,0.418075,0.319998,0.261928
triggered_plan,2026-06-18,450880.25,0.0,450880.25,400000.0,0.127201,0.0,0.427339,0.315748,0.256913
triggered_plan,2026-06-22,459818.66,0.0,459818.66,400000.0,0.149547,0.0,0.432045,0.313228,0.254727
triggered_plan,2026-06-23,445373.68,0.0,445373.68,400000.0,0.113434,-0.031415,0.423829,0.315116,0.261056
triggered_plan,2026-06-24,447370.45,0.0,447370.45,400000.0,0.118426,-0.027072,0.433124,0.310256,0.25662
triggered_plan,2026-06-25,448939.4,0.0,448939.4,400000.0,0.122348,-0.02366,0.440819,0.306525,0.252656
triggered_plan,2026-06-26,435166.57,0.0,435166.57,400000.0,0.087916,-0.053613,0.43477,0.309126,0.256104
triggered_plan,2026-06-29,434394.37,0.0,434394.37,400000.0,0.085986,-0.055292,0.430784,0.311864,0.257352
triggered_plan,2026-06-30,437405.29,62001.14,375404.16,400000.0,0.093513,-0.048744,0.349548,0.357704,0.292748
monthly_dca,2026-01-05,400000.0,240000.0,160000.0,160000.0,0.0,0.0,0.3,0.4,0.3
monthly_dca,2026-01-06,401666.66,240000.0,161666.66,160000.0,0.004167,0.0,0.297453,0.401967,0.300581
monthly_dca,2026-01-07,402076.51,240000.0,162076.51,160000.0,0.005191,0.0,0.301052,0.399128,0.299821
monthly_dca,2026-01-08,401309.39,240000.0,161309.39,160000.0,0.003273,-0.001908,0.299204,0.400415,0.30038
monthly_dca,2026-01-09,402471.52,240000.0,162471.52,160000.0,0.006179,0.0,0.299506,0.401187,0.299307
monthly_dca,2026-01-12,403297.02,240000.0,163297.02,160000.0,0.008243,0.0,0.301501,0.400064,0.298435
monthly_dca,2026-01-13,402323.29,240000.0,162323.29,160000.0,0.005808,-0.002414,0.29462,0.4058,0.29958
monthly_dca,2026-01-14,402256.71,240000.0,162256.71,160000.0,0.005642,-0.00258,0.298001,0.404449,0.29755
monthly_dca,2026-01-15,402836.51,240000.0,162836.51,160000.0,0.007091,-0.001142,0.301271,0.403312,0.295418
monthly_dca,2026-01-16,402593.63,240000.0,162593.63,160000.0,0.006484,-0.001744,0.303889,0.4024,0.293711
monthly_dca,2026-01-19,404398.14,240000.0,164398.14,160000.0,0.010995,0.0,0.303503,0.403673,0.292824
monthly_dca,2026-01-20,404671.0,240000.0,164671.0,160000.0,0.011677,0.0,0.295505,0.407489,0.297006
monthly_dca,2026-01-21,405428.73,240000.0,165428.73,160000.0,0.013572,0.0,0.300546,0.40592,0.293534
monthly_dca,2026-01-22,408156.51,240000.0,168156.51,160000.0,0.020391,0.0,0.304583,0.40519,0.290227
monthly_dca,2026-01-23,408384.36,240000.0,168384.36,160000.0,0.020961,0.0,0.3026,0.407566,0.289834
monthly_dca,2026-01-26,408536.23,240000.0,168536.23,160000.0,0.021341,0.0,0.297359,0.410996,0.291646
monthly_dca,2026-01-27,408354.6,240000.0,168354.6,160000.0,0.020887,-0.000445,0.303439,0.406468,0.290093
monthly_dca,2026-01-28,410972.13,240000.0,170972.13,160000.0,0.02743,0.0,0.299567,0.410899,0.289534
monthly_dca,2026-01-29,410825.33,240000.0,170825.33,160000.0,0.027063,-0.000357,0.291826,0.414711,0.293464
monthly_dca,2026-01-30,409103.14,240000.0,169103.14,160000.0,0.022758,-0.004548,0.296362,0.410491,0.293147
monthly_dca,2026-02-02,402561.21,160000.0,242561.21,240000.0,0.006403,-0.020466,0.297741,0.404707,0.297552
monthly_dca,2026-02-03,406623.84,160000.0,246623.84,240000.0,0.01656,-0.01058,0.297922,0.407517,0.294561
monthly_dca,2026-02-04,408794.61,160000.0,248794.61,240000.0,0.021987,-0.005298,0.290016,0.41042,0.299564
monthly_dca,2026-02-05,405626.81,160000.0,245626.81,240000.0,0.014067,-0.013007,0.287575,0.410063,0.302362
monthly_dca,2026-02-06,404846.81,160000.0,244846.81,240000.0,0.012117,-0.014904,0.28876,0.408983,0.302256
monthly_dca,2026-02-09,408852.85,160000.0,248852.85,240000.0,0.022132,-0.005157,0.29207,0.408857,0.299073
monthly_dca,2026-02-10,408955.53,160000.0,248955.53,240000.0,0.022389,-0.004907,0.290094,0.409275,0.300632
monthly_dca,2026-02-11,409972.98,160000.0,249972.98,240000.0,0.024932,-0.002431,0.287592,0.411115,0.301292
monthly_dca,2026-02-12,411046.39,160000.0,251046.39,240000.0,0.027616,0.0,0.289518,0.411103,0.299379
monthly_dca,2026-02-13,407520.5,160000.0,247520.5,240000.0,0.018801,-0.008578,0.290709,0.409877,0.299414
monthly_dca,2026-02-24,413444.71,160000.0,253444.71,240000.0,0.033612,0.0,0.291467,0.4124,0.296133
monthly_dca,2026-02-25,415417.26,160000.0,255417.26,240000.0,0.038543,0.0,0.293093,0.411217,0.29569
monthly_dca,2026-02-26,416424.28,160000.0,256424.28,240000.0,0.041061,0.0,0.295546,0.410742,0.293712
monthly_dca,2026-02-27,417147.58,160000.0,257147.58,240000.0,0.042869,0.0,0.291634,0.412427,0.295939
monthly_dca,2026-03-02,420691.02,80000.0,340691.02,320000.0,0.051728,0.0,0.29134,0.41208,0.29658
monthly_dca,2026-03-03,417082.64,80000.0,337082.64,320000.0,0.042707,-0.008577,0.283352,0.414245,0.302402
monthly_dca,2026-03-04,413115.34,80000.0,333115.34,320000.0,0.032788,-0.018008,0.285159,0.413783,0.301058
monthly_dca,2026-03-05,416048.04,80000.0,336048.04,320000.0,0.04012,-0.011037,0.286816,0.414958,0.298227
monthly_dca,2026-03-06,415616.89,80000.0,335616.89,320000.0,0.039042,-0.012061,0.284849,0.416337,0.298814
monthly_dca,2026-03-09,415591.75,80000.0,335591.75,320000.0,0.038979,-0.012121,0.283055,0.417495,0.29945
monthly_dca,2026-03-10,417498.09,80000.0,337498.09,320000.0,0.043745,-0.00759,0.290743,0.413736,0.295521
monthly_dca,2026-03-11,420467.49,80000.0,340467.49,320000.0,0.051169,-0.000531,0.289486,0.413739,0.296775
monthly_dca,2026-03-12,421998.61,80000.0,341998.61,320000.0,0.054997,0.0,0.286917,0.413823,0.29926
monthly_dca,2026-03-13,419834.5,80000.0,339834.5,320000.0,0.049586,-0.005128,0.287207,0.41284,0.299953
monthly_dca,2026-03-16,417259.33,80000.0,337259.33,320000.0,0.043148,-0.011231,0.290174,0.409821,0.300005
monthly_dca,2026-03-17,412095.61,80000.0,332095.61,320000.0,0.030239,-0.023467,0.284986,0.412205,0.302809
monthly_dca,2026-03-18,412992.29,80000.0,332992.29,320000.0,0.032481,-0.021342,0.290755,0.409106,0.300139
monthly_dca,2026-03-19,407154.6,80000.0,327154.6,320000.0,0.017887,-0.035175,0.287427,0.409177,0.303396
monthly_dca,2026-03-20,405175.52,80000.0,325175.52,320000.0,0.012939,-0.039865,0.288641,0.407594,0.303765
monthly_dca,2026-03-23,396059.55,80000.0,316059.55,320000.0,-0.009851,-0.061467,0.284569,0.410071,0.305359
monthly_dca,2026-03-24,401023.96,80000.0,321023.96,320000.0,0.00256,-0.049703,0.288034,0.407266,0.3047
monthly_dca,2026-03-25,405628.5,80000.0,325628.5,320000.0,0.014071,-0.038792,0.291448,0.407318,0.301234
monthly_dca,2026-03-26,404152.53,80000.0,324152.53,320000.0,0.010381,-0.042289,0.291432,0.405962,0.302606
monthly_dca,2026-03-27,405633.51,80000.0,325633.51,320000.0,0.014084,-0.03878,0.29278,0.405568,0.301651
monthly_dca,2026-03-30,407571.51,80000.0,327571.51,320000.0,0.018929,-0.034188,0.292377,0.404613,0.30301
monthly_dca,2026-03-31,403211.51,80000.0,323211.51,320000.0,0.008029,-0.044519,0.289317,0.406559,0.304124
monthly_dca,2026-04-01,406447.26,0.0,406447.26,400000.0,0.016118,-0.036852,0.294686,0.404591,0.300722
monthly_dca,2026-04-02,402627.35,0.0,402627.35,400000.0,0.006568,-0.045904,0.290991,0.405221,0.303788
monthly_dca,2026-04-03,400068.86,0.0,400068.86,400000.0,0.000172,-0.051966,0.294758,0.403996,0.301247
monthly_dca,2026-04-07,401828.28,0.0,401828.28,400000.0,0.004571,-0.047797,0.295906,0.403104,0.300991
monthly_dca,2026-04-08,413025.43,0.0,413025.43,400000.0,0.032564,-0.021264,0.304756,0.400138,0.295106
monthly_dca,2026-04-09,411677.97,0.0,411677.97,400000.0,0.029195,-0.024457,0.305489,0.400307,0.294204
monthly_dca,2026-04-10,416087.1,0.0,416087.1,400000.0,0.040218,-0.014008,0.310103,0.398606,0.291292
monthly_dca,2026-04-13,416556.62,0.0,416556.62,400000.0,0.041392,-0.012896,0.312367,0.396464,0.291169
monthly_dca,2026-04-14,420662.23,0.0,420662.23,400000.0,0.051656,-0.003167,0.319154,0.392316,0.28853
monthly_dca,2026-04-15,418369.07,0.0,418369.07,400000.0,0.045923,-0.008601,0.315959,0.392501,0.291541
monthly_dca,2026-04-16,423277.95,0.0,423277.95,400000.0,0.058195,0.0,0.319755,0.391279,0.288967
monthly_dca,2026-04-17,423986.24,0.0,423986.24,400000.0,0.059966,0.0,0.326154,0.387578,0.286268
monthly_dca,2026-04-20,423996.73,0.0,423996.73,400000.0,0.059992,0.0,0.32743,0.385906,0.286664
monthly_dca,2026-04-21,426832.14,0.0,426832.14,400000.0,0.06708,0.0,0.329847,0.382792,0.287361
monthly_dca,2026-04-22,430039.03,0.0,430039.03,400000.0,0.075098,0.0,0.334224,0.380757,0.285019
monthly_dca,2026-04-23,427765.26,0.0,427765.26,400000.0,0.069413,-0.005287,0.329637,0.382232,0.288132
monthly_dca,2026-04-24,427210.02,0.0,427210.02,400000.0,0.068025,-0.006579,0.330065,0.381629,0.288306
monthly_dca,2026-04-27,429494.37,0.0,429494.37,400000.0,0.073736,-0.001267,0.334648,0.378778,0.286574
monthly_dca,2026-04-28,428711.14,0.0,428711.14,400000.0,0.071778,-0.003088,0.329671,0.38084,0.289488
monthly_dca,2026-04-29,435448.15,0.0,435448.15,400000.0,0.08862,0.0,0.330822,0.381422,0.287756
monthly_dca,2026-04-30,434890.64,0.0,434890.64,400000.0,0.087227,-0.00128,0.332248,0.38002,0.287732
monthly_dca,2026-05-06,440057.57,0.0,440057.57,400000.0,0.100144,0.0,0.338244,0.376626,0.28513
monthly_dca,2026-05-07,438961.55,0.0,438961.55,400000.0,0.097404,-0.002491,0.344546,0.374088,0.281366
monthly_dca,2026-05-08,437552.24,0.0,437552.24,400000.0,0.093881,-0.005693,0.344411,0.374487,0.281101
monthly_dca,2026-05-11,443677.92,0.0,443677.92,400000.0,0.109195,0.0,0.350454,0.37117,0.278375
monthly_dca,2026-05-12,442785.19,0.0,442785.19,400000.0,0.106963,-0.002012,0.351653,0.369796,0.278551
monthly_dca,2026-05-13,445917.38,0.0,445917.38,400000.0,0.114793,0.0,0.355776,0.368779,0.275445
monthly_dca,2026-05-14,437978.58,0.0,437978.58,400000.0,0.094946,-0.017803,0.351534,0.370368,0.278097
monthly_dca,2026-05-15,432800.49,0.0,432800.49,400000.0,0.082001,-0.029416,0.349451,0.369914,0.280635
monthly_dca,2026-05-18,431061.93,0.0,431061.93,400000.0,0.077655,-0.033314,0.352376,0.367046,0.280578
monthly_dca,2026-05-19,433628.25,0.0,433628.25,400000.0,0.084071,-0.027559,0.355814,0.364874,0.279312
monthly_dca,2026-05-20,435094.78,0.0,435094.78,400000.0,0.087737,-0.02427,0.360121,0.362294,0.277585
monthly_dca,2026-05-21,423472.71,0.0,423472.71,400000.0,0.058682,-0.050334,0.353805,0.365026,0.281169
monthly_dca,2026-05-22,428686.48,0.0,428686.48,400000.0,0.071716,-0.038641,0.36144,0.361408,0.277152
monthly_dca,2026-05-25,433174.03,0.0,433174.03,400000.0,0.082935,-0.028578,0.36951,0.355224,0.275266
monthly_dca,2026-05-26,432753.83,0.0,432753.83,400000.0,0.081885,-0.02952,0.365591,0.358283,0.276126
monthly_dca,2026-05-27,428416.82,0.0,428416.82,400000.0,0.071042,-0.039246,0.366497,0.356975,0.276529
monthly_dca,2026-05-28,431593.47,0.0,431593.47,400000.0,0.078984,-0.032122,0.373386,0.352714,0.2739
monthly_dca,2026-05-29,431004.66,0.0,431004.66,400000.0,0.077512,-0.033443,0.367328,0.354831,0.277841
monthly_dca,2026-06-01,429459.76,0.0,429459.76,400000.0,0.073649,-0.036907,0.354958,0.358843,0.286199
monthly_dca,2026-06-02,435651.26,0.0,435651.26,400000.0,0.089128,-0.023022,0.364909,0.353743,0.281348
monthly_dca,2026-06-03,440723.76,0.0,440723.76,400000.0,0.101809,-0.011647,0.374545,0.347539,0.277916
monthly_dca,2026-06-04,440475.31,0.0,440475.31,400000.0,0.101188,-0.012204,0.380689,0.342402,0.276909
monthly_dca,2026-06-05,433756.1,0.0,433756.1,400000.0,0.08439,-0.027272,0.373533,0.345269,0.281198
monthly_dca,2026-06-08,426312.53,0.0,426312.53,400000.0,0.065781,-0.043965,0.37086,0.345236,0.283904
monthly_dca,2026-06-09,434623.95,0.0,434623.95,400000.0,0.08656,-0.025326,0.384562,0.337553,0.277886
monthly_dca,2026-06-10,428468.04,0.0,428468.04,400000.0,0.07117,-0.039131,0.3817,0.338016,0.280283
monthly_dca,2026-06-11,428260.98,0.0,428260.98,400000.0,0.070652,-0.039596,0.381377,0.339002,0.279621
monthly_dca,2026-06-12,434370.18,0.0,434370.18,400000.0,0.085925,-0.025895,0.381277,0.339102,0.279621
monthly_dca,2026-06-15,445981.93,0.0,445981.93,400000.0,0.114955,0.0,0.402845,0.327113,0.270043
monthly_dca,2026-06-16,445032.84,0.0,445032.84,400000.0,0.112582,-0.002128,0.412512,0.321476,0.266012
monthly_dca,2026-06-17,448064.18,0.0,448064.18,400000.0,0.12016,0.0,0.420657,0.31799,0.261353
monthly_dca,2026-06-18,448522.33,0.0,448522.33,400000.0,0.121306,0.0,0.429938,0.313737,0.256325
monthly_dca,2026-06-22,457436.71,0.0,457436.71,400000.0,0.143592,0.0,0.434651,0.311218,0.254131
monthly_dca,2026-06-23,443032.68,0.0,443032.68,400000.0,0.107582,-0.031489,0.426417,0.313117,0.260465
monthly_dca,2026-06-24,445062.4,0.0,445062.4,400000.0,0.112656,-0.027051,0.435727,0.308258,0.256015
monthly_dca,2026-06-25,446658.82,0.0,446658.82,400000.0,0.116647,-0.023561,0.443433,0.304527,0.25204
monthly_dca,2026-06-26,432929.44,0.0,432929.44,400000.0,0.082324,-0.053575,0.437375,0.30713,0.255495
monthly_dca,2026-06-29,432141.97,0.0,432141.97,400000.0,0.080355,-0.055297,0.433384,0.309864,0.256752
monthly_dca,2026-06-30,435185.85,62825.41,372360.43,400000.0,0.087965,-0.048643,0.350617,0.356458,0.292926
one_shot_full,2026-01-05,400000.0,0.0,400000.0,400000.0,0.0,0.0,0.3,0.4,0.3
one_shot_full,2026-01-06,404166.66,0.0,404166.66,400000.0,0.010417,0.0,0.297453,0.401967,0.300581
one_shot_full,2026-01-07,405191.28,0.0,405191.28,400000.0,0.012978,0.0,0.301052,0.399128,0.299821
one_shot_full,2026-01-08,403273.47,0.0,403273.47,400000.0,0.008184,-0.004733,0.299204,0.400415,0.30038
one_shot_full,2026-01-09,406178.8,0.0,406178.8,400000.0,0.015447,0.0,0.299506,0.401187,0.299307
one_shot_full,2026-01-12,408242.55,0.0,408242.55,400000.0,0.020606,0.0,0.301501,0.400064,0.298435
one_shot_full,2026-01-13,405808.22,0.0,405808.22,400000.0,0.014521,-0.005963,0.29462,0.4058,0.29958
one_shot_full,2026-01-14,405641.77,0.0,405641.77,400000.0,0.014104,-0.006371,0.298001,0.404449,0.29755
one_shot_full,2026-01-15,407091.26,0.0,407091.26,400000.0,0.017728,-0.00282,0.301271,0.403312,0.295418
one_shot_full,2026-01-16,406484.06,0.0,406484.06,400000.0,0.01621,-0.004307,0.303889,0.4024,0.293711
one_shot_full,2026-01-19,410995.35,0.0,410995.35,400000.0,0.027488,0.0,0.303503,0.403673,0.292824
one_shot_full,2026-01-20,411677.49,0.0,411677.49,400000.0,0.029194,0.0,0.295505,0.407489,0.297006
one_shot_full,2026-01-21,413571.83,0.0,413571.83,400000.0,0.03393,0.0,0.300546,0.40592,0.293534
one_shot_full,2026-01-22,420391.27,0.0,420391.27,400000.0,0.050978,0.0,0.304583,0.40519,0.290227
one_shot_full,2026-01-23,420960.9,0.0,420960.9,400000.0,0.052402,0.0,0.3026,0.407566,0.289834
one_shot_full,2026-01-26,421340.58,0.0,421340.58,400000.0,0.053351,0.0,0.297359,0.410996,0.291646
one_shot_full,2026-01-27,420886.51,0.0,420886.51,400000.0,0.052216,-0.001078,0.303439,0.406468,0.290093
one_shot_full,2026-01-28,427430.32,0.0,427430.32,400000.0,0.068576,0.0,0.299567,0.410899,0.289534
one_shot_full,2026-01-29,427063.32,0.0,427063.32,400000.0,0.067658,-0.000859,0.291826,0.414711,0.293464
one_shot_full,2026-01-30,422757.86,0.0,422757.86,400000.0,0.056895,-0.010932,0.296362,0.410491,0.293147
one_shot_full,2026-02-02,406403.03,0.0,406403.03,400000.0,0.016008,-0.049195,0.296629,0.407023,0.296348
one_shot_full,2026-02-03,413221.2,0.0,413221.2,400000.0,0.033053,-0.033243,0.296801,0.409838,0.29336
one_shot_full,2026-02-04,416869.14,0.0,416869.14,400000.0,0.042173,-0.024709,0.288917,0.412747,0.298335
one_shot_full,2026-02-05,411559.56,0.0,411559.56,400000.0,0.028899,-0.037131,0.286487,0.41239,0.301123
one_shot_full,2026-02-06,410248.46,0.0,410248.46,400000.0,0.025621,-0.040198,0.287671,0.411308,0.301021
one_shot_full,2026-02-09,416960.62,0.0,416960.62,400000.0,0.042402,-0.024495,0.290968,0.411181,0.297851
one_shot_full,2026-02-10,417134.1,0.0,417134.1,400000.0,0.042835,-0.024089,0.288998,0.4116,0.299402
one_shot_full,2026-02-11,418846.09,0.0,418846.09,400000.0,0.047115,-0.020083,0.286501,0.413444,0.300055
one_shot_full,2026-02-12,420644.86,0.0,420644.86,400000.0,0.051612,-0.015875,0.28842,0.413431,0.298149
one_shot_full,2026-02-13,414732.18,0.0,414732.18,400000.0,0.03683,-0.029708,0.289609,0.412203,0.298188
one_shot_full,2026-02-24,424669.04,0.0,424669.04,400000.0,0.061673,-0.00646,0.290357,0.41473,0.294912
one_shot_full,2026-02-25,427969.49,0.0,427969.49,400000.0,0.069924,0.0,0.29198,0.413545,0.294475
one_shot_full,2026-02-26,429655.17,0.0,429655.17,400000.0,0.074138,0.0,0.294425,0.413068,0.292506
one_shot_full,2026-02-27,430873.67,0.0,430873.67,400000.0,0.077184,0.0,0.290524,0.414757,0.29472
one_shot_full,2026-03-02,436824.95,0.0,436824.95,400000.0,0.092062,0.0,0.287575,0.418122,0.294303
one_shot_full,2026-03-03,432237.41,0.0,432237.41,400000.0,0.080594,-0.010502,0.279665,0.420282,0.300053
one_shot_full,2026-03-04,427141.72,0.0,427141.72,400000.0,0.067854,-0.022167,0.281453,0.419821,0.298726
one_shot_full,2026-03-05,430909.78,0.0,430909.78,400000.0,0.077274,-0.013541,0.283084,0.421005,0.295911
one_shot_full,2026-03-06,430374.62,0.0,430374.62,400000.0,0.075937,-0.014766,0.281131,0.422387,0.296482
one_shot_full,2026-03-09,430357.57,0.0,430357.57,400000.0,0.075894,-0.014805,0.27935,0.423548,0.297102
one_shot_full,2026-03-10,432748.43,0.0,432748.43,400000.0,0.081871,-0.009332,0.286973,0.419786,0.293241
one_shot_full,2026-03-11,436558.79,0.0,436558.79,400000.0,0.091397,-0.000609,0.285731,0.419787,0.294483
one_shot_full,2026-03-12,438528.77,0.0,438528.77,400000.0,0.096322,0.0,0.283191,0.419865,0.296944
one_shot_full,2026-03-13,435743.6,0.0,435743.6,400000.0,0.089359,-0.006351,0.283484,0.418877,0.297639
one_shot_full,2026-03-16,432405.76,0.0,432405.76,400000.0,0.081014,-0.013963,0.286436,0.415849,0.297715
one_shot_full,2026-03-17,425819.54,0.0,425819.54,400000.0,0.064549,-0.028982,0.281292,0.418234,0.300474
one_shot_full,2026-03-18,426926.79,0.0,426926.79,400000.0,0.067317,-0.026457,0.287015,0.415132,0.297853
one_shot_full,2026-03-19,419450.33,0.0,419450.33,400000.0,0.048626,-0.043506,0.283724,0.415195,0.30108
one_shot_full,2026-03-20,416895.51,0.0,416895.51,400000.0,0.042239,-0.049331,0.284934,0.413607,0.301459
one_shot_full,2026-03-23,405239.36,0.0,405239.36,400000.0,0.013098,-0.075912,0.280894,0.416088,0.303018
one_shot_full,2026-03-24,411571.26,0.0,411571.26,400000.0,0.028928,-0.061473,0.284337,0.413275,0.302388
one_shot_full,2026-03-25,417467.54,0.0,417467.54,400000.0,0.043669,-0.048027,0.287711,0.413335,0.298954
one_shot_full,2026-03-26,415562.74,0.0,415562.74,400000.0,0.038907,-0.052371,0.287704,0.411972,0.300324
one_shot_full,2026-03-27,417454.73,0.0,417454.73,400000.0,0.043637,-0.048056,0.28904,0.411579,0.299381
one_shot_full,2026-03-30,419931.12,0.0,419931.12,400000.0,0.049828,-0.042409,0.288648,0.410617,0.300736
one_shot_full,2026-03-31,414366.48,0.0,414366.48,400000.0,0.035916,-0.055099,0.28561,0.412567,0.301823
one_shot_full,2026-04-01,418497.99,0.0,418497.99,400000.0,0.046245,-0.045677,0.289636,0.411729,0.298635
one_shot_full,2026-04-02,414586.86,0.0,414586.86,400000.0,0.036467,-0.054596,0.28599,0.412348,0.301663
one_shot_full,2026-04-03,411924.14,0.0,411924.14,400000.0,0.02981,-0.060668,0.289711,0.411129,0.299161
one_shot_full,2026-04-07,413721.78,0.0,413721.78,400000.0,0.034304,-0.056569,0.290849,0.410235,0.298916
one_shot_full,2026-04-08,425180.98,0.0,425180.98,400000.0,0.062952,-0.030438,0.299597,0.407284,0.293119
one_shot_full,2026-04-09,423792.45,0.0,423792.45,400000.0,0.059481,-0.033604,0.300319,0.407456,0.292225
one_shot_full,2026-04-10,428293.26,0.0,428293.26,400000.0,0.070733,-0.023341,0.304881,0.405761,0.289358
one_shot_full,2026-04-13,428744.08,0.0,428744.08,400000.0,0.07186,-0.022313,0.307131,0.403612,0.289258
one_shot_full,2026-04-14,432895.66,0.0,432895.66,400000.0,0.082239,-0.012845,0.313858,0.399457,0.286685
one_shot_full,2026-04-15,430551.81,0.0,430551.81,400000.0,0.07638,-0.01819,0.310704,0.39963,0.289666
one_shot_full,2026-04-16,435573.68,0.0,435573.68,400000.0,0.088934,-0.006739,0.314458,0.398414,0.287128
one_shot_full,2026-04-17,436234.34,0.0,436234.34,400000.0,0.090586,-0.005232,0.320802,0.394707,0.284491
one_shot_full,2026-04-20,436221.51,0.0,436221.51,400000.0,0.090554,-0.005261,0.322075,0.393025,0.2849
one_shot_full,2026-04-21,439094.2,0.0,439094.2,400000.0,0.097735,0.0,0.324485,0.389894,0.285622
one_shot_full,2026-04-22,442351.31,0.0,442351.31,400000.0,0.105878,0.0,0.328821,0.387857,0.283321
one_shot_full,2026-04-23,440049.0,0.0,440049.0,400000.0,0.100123,-0.005205,0.324281,0.389327,0.286391
one_shot_full,2026-04-24,439469.37,0.0,439469.37,400000.0,0.098673,-0.006515,0.324709,0.388721,0.28657
one_shot_full,2026-04-27,441767.63,0.0,441767.63,400000.0,0.104419,-0.001319,0.329256,0.385862,0.284882
one_shot_full,2026-04-28,441006.79,0.0,441006.79,400000.0,0.102517,-0.003039,0.324327,0.387924,0.28775
one_shot_full,2026-04-29,447938.18,0.0,447938.18,400000.0,0.119845,0.0,0.325458,0.388515,0.286027
one_shot_full,2026-04-30,447342.74,0.0,447342.74,400000.0,0.118357,-0.001329,0.326877,0.387106,0.286017
one_shot_full,2026-05-06,452592.1,0.0,452592.1,400000.0,0.13148,0.0,0.332824,0.383704,0.283471
one_shot_full,2026-05-07,451407.62,0.0,451407.62,400000.0,0.128519,-0.002617,0.339068,0.381167,0.279765
one_shot_full,2026-05-08,449963.4,0.0,449963.4,400000.0,0.124908,-0.005808,0.338932,0.38157,0.279499
one_shot_full,2026-05-11,456197.43,0.0,456197.43,400000.0,0.140494,0.0,0.344928,0.378244,0.276828
one_shot_full,2026-05-12,455258.54,0.0,455258.54,400000.0,0.138146,-0.002058,0.346124,0.376861,0.277015
one_shot_full,2026-05-13,458448.18,0.0,458448.18,400000.0,0.14612,0.0,0.350205,0.37585,0.273945
one_shot_full,2026-05-14,450323.41,0.0,450323.41,400000.0,0.125809,-0.017722,0.346002,0.377438,0.27656
one_shot_full,2026-05-15,445003.86,0.0,445003.86,400000.0,0.11251,-0.029326,0.343947,0.376972,0.279081
one_shot_full,2026-05-18,443171.76,0.0,443171.76,400000.0,0.107929,-0.033322,0.346861,0.374087,0.279052
one_shot_full,2026-05-19,445770.68,0.0,445770.68,400000.0,0.114427,-0.027653,0.350277,0.371906,0.277817
one_shot_full,2026-05-20,447230.19,0.0,447230.19,400000.0,0.118075,-0.024469,0.354555,0.369316,0.27613
one_shot_full,2026-05-21,435341.32,0.0,435341.32,400000.0,0.088353,-0.050402,0.348291,0.372051,0.279658
one_shot_full,2026-05-22,440627.6,0.0,440627.6,400000.0,0.101569,-0.038872,0.355866,0.368426,0.275708
one_shot_full,2026-05-25,445135.65,0.0,445135.65,400000.0,0.112839,-0.029038,0.363897,0.362206,0.273897
one_shot_full,2026-05-26,444755.15,0.0,444755.15,400000.0,0.111888,-0.029868,0.359996,0.365283,0.274721
one_shot_full,2026-05-27,440279.61,0.0,440279.61,400000.0,0.100699,-0.039631,0.360903,0.363965,0.275133
one_shot_full,2026-05-28,443466.46,0.0,443466.46,400000.0,0.108666,-0.032679,0.367751,0.359684,0.272565
one_shot_full,2026-05-29,442911.97,0.0,442911.97,400000.0,0.10728,-0.033889,0.361743,0.361801,0.276455
one_shot_full,2026-06-01,441423.77,0.0,441423.77,400000.0,0.103559,-0.037135,0.349483,0.365809,0.284708
one_shot_full,2026-06-02,447685.99,0.0,447685.99,400000.0,0.119215,-0.023475,0.359362,0.360692,0.279945
one_shot_full,2026-06-03,452784.84,0.0,452784.84,400000.0,0.131962,-0.012353,0.368944,0.354456,0.2766
one_shot_full,2026-06-04,452443.91,0.0,452443.91,400000.0,0.13111,-0.013097,0.375067,0.349283,0.27565
one_shot_full,2026-06-05,445606.19,0.0,445606.19,400000.0,0.114015,-0.028012,0.367964,0.352156,0.27988
one_shot_full,2026-06-08,437970.86,0.0,437970.86,400000.0,0.094927,-0.044667,0.365321,0.352113,0.282566
one_shot_full,2026-06-09,446362.54,0.0,446362.54,400000.0,0.115906,-0.026362,0.378943,0.344391,0.276666
one_shot_full,2026-06-10,440058.26,0.0,440058.26,400000.0,0.100146,-0.040113,0.376108,0.344849,0.279042
one_shot_full,2026-06-11,439857.75,0.0,439857.75,400000.0,0.099644,-0.040551,0.375779,0.345846,0.278375
one_shot_full,2026-06-12,446133.92,0.0,446133.92,400000.0,0.115335,-0.026861,0.375679,0.345946,0.278374
one_shot_full,2026-06-15,457823.83,0.0,457823.83,400000.0,0.14456,-0.001362,0.397136,0.333887,0.268977
one_shot_full,2026-06-16,456740.87,0.0,456740.87,400000.0,0.141852,-0.003724,0.406763,0.328212,0.265026
one_shot_full,2026-06-17,459774.12,0.0,459774.12,400000.0,0.149435,0.0,0.414864,0.324708,0.260428
one_shot_full,2026-06-18,460152.26,0.0,460152.26,400000.0,0.150381,0.0,0.424102,0.320429,0.255469
one_shot_full,2026-06-22,469245.99,0.0,469245.99,400000.0,0.173115,0.0,0.428799,0.317891,0.25331
one_shot_full,2026-06-23,454529.69,0.0,454529.69,400000.0,0.136324,-0.031362,0.420621,0.31979,0.25959
one_shot_full,2026-06-24,456513.85,0.0,456513.85,400000.0,0.141285,-0.027133,0.429896,0.314895,0.255209
one_shot_full,2026-06-25,458073.03,0.0,458073.03,400000.0,0.145183,-0.02381,0.437574,0.311136,0.25129
one_shot_full,2026-06-26,444048.86,0.0,444048.86,400000.0,0.110122,-0.053697,0.431541,0.313756,0.254703
one_shot_full,2026-06-29,443289.17,0.0,443289.17,400000.0,0.108223,-0.055316,0.427558,0.316515,0.255927
one_shot_full,2026-06-30,446307.8,0.0,446307.8,400000.0,0.115769,-0.048883,0.438492,0.311617,0.249891
