code,name,date,open,close,high,low,volume,adj_close,raw_open,raw_close,raw_high,raw_low,raw_adj_close
159259,成长ETF易方达,2026-01-05,1.0679999589920044,1.0889999866485596,1.090999960899353,1.0640000104904175,221701860.0,1.0889999866485596,1.0679999589920044,1.0889999866485596,1.090999960899353,1.0640000104904175,1.0889999866485596
159259,成长ETF易方达,2026-01-06,1.0880000591278076,1.090999960899353,1.0950000286102295,1.0720000267028809,151160494.0,1.090999960899353,1.0880000591278076,1.090999960899353,1.0950000286102295,1.0720000267028809,1.090999960899353
159259,成长ETF易方达,2026-01-07,1.090000033378601,1.1069999933242798,1.1150000095367432,1.0889999866485596,134014791.0,1.1069999933242798,1.090000033378601,1.1069999933242798,1.1150000095367432,1.0889999866485596,1.1069999933242798
159259,成长ETF易方达,2026-01-08,1.100000023841858,1.0950000286102295,1.1100000143051147,1.0870000123977661,93036321.0,1.0950000286102295,1.100000023841858,1.0950000286102295,1.1100000143051147,1.0870000123977661,1.0950000286102295
159259,成长ETF易方达,2026-01-09,1.0859999656677246,1.1039999723434448,1.1080000400543213,1.0750000476837158,99475861.0,1.1039999723434448,1.0859999656677246,1.1039999723434448,1.1080000400543213,1.0750000476837158,1.1039999723434448
159259,成长ETF易方达,2026-01-12,1.1039999723434448,1.1169999837875366,1.121999979019165,1.0829999446868896,180208365.0,1.1169999837875366,1.1039999723434448,1.1169999837875366,1.121999979019165,1.0829999446868896,1.1169999837875366
159259,成长ETF易方达,2026-01-13,1.1119999885559082,1.0850000381469727,1.11899995803833,1.0820000171661377,107322988.0,1.0850000381469727,1.1119999885559082,1.0850000381469727,1.11899995803833,1.0820000171661377,1.0850000381469727
159259,成长ETF易方达,2026-01-14,1.0870000123977661,1.097000002861023,1.1100000143051147,1.0820000171661377,104309203.0,1.097000002861023,1.0870000123977661,1.097000002861023,1.1100000143051147,1.0820000171661377,1.097000002861023
159259,成长ETF易方达,2026-01-15,1.0820000171661377,1.1130000352859497,1.1160000562667847,1.0809999704360962,95319349.0,1.1130000352859497,1.0820000171661377,1.1130000352859497,1.1160000562667847,1.0809999704360962,1.1130000352859497
159259,成长ETF易方达,2026-01-16,1.1180000305175781,1.121000051498413,1.1319999694824219,1.1100000143051147,92358029.0,1.121000051498413,1.1180000305175781,1.121000051498413,1.1319999694824219,1.1100000143051147,1.121000051498413
159259,成长ETF易方达,2026-01-19,1.1150000095367432,1.1319999694824219,1.1390000581741333,1.1139999628067017,105698814.0,1.1319999694824219,1.1150000095367432,1.1319999694824219,1.1390000581741333,1.1139999628067017,1.1319999694824219
159259,成长ETF易方达,2026-01-20,1.1339999437332153,1.1039999723434448,1.1339999437332153,1.0950000286102295,120380983.0,1.1039999723434448,1.1339999437332153,1.1039999723434448,1.1339999437332153,1.0950000286102295,1.1039999723434448
159259,成长ETF易方达,2026-01-21,1.0920000076293945,1.128000020980835,1.13100004196167,1.0920000076293945,88711805.0,1.128000020980835,1.0920000076293945,1.128000020980835,1.13100004196167,1.0920000076293945,1.128000020980835
159259,成长ETF易方达,2026-01-22,1.1360000371932983,1.1619999408721924,1.1629999876022339,1.1339999437332153,84195633.0,1.1619999408721924,1.1360000371932983,1.1619999408721924,1.1629999876022339,1.1339999437332153,1.1619999408721924
159259,成长ETF易方达,2026-01-23,1.1610000133514404,1.156000018119812,1.1629999876022339,1.1410000324249268,81729871.0,1.156000018119812,1.1610000133514404,1.156000018119812,1.1629999876022339,1.1410000324249268,1.156000018119812
159259,成长ETF易方达,2026-01-26,1.1540000438690186,1.1369999647140503,1.156000018119812,1.1319999694824219,64512219.0,1.1369999647140503,1.1540000438690186,1.1369999647140503,1.156000018119812,1.1319999694824219,1.1369999647140503
159259,成长ETF易方达,2026-01-27,1.1360000371932983,1.159000039100647,1.1640000343322754,1.121999979019165,82586846.0,1.159000039100647,1.1360000371932983,1.159000039100647,1.1640000343322754,1.121999979019165,1.159000039100647
159259,成长ETF易方达,2026-01-28,1.1629999876022339,1.1619999408721924,1.1699999570846558,1.1490000486373901,89198900.0,1.1619999408721924,1.1629999876022339,1.1619999408721924,1.1699999570846558,1.1490000486373901,1.1619999408721924
159259,成长ETF易方达,2026-01-29,1.156000018119812,1.13100004196167,1.1670000553131104,1.13100004196167,111089400.0,1.13100004196167,1.156000018119812,1.13100004196167,1.1670000553131104,1.13100004196167,1.13100004196167
159259,成长ETF易方达,2026-01-30,1.1180000305175781,1.1369999647140503,1.1430000066757202,1.090999960899353,111477717.0,1.1369999647140503,1.1180000305175781,1.1369999647140503,1.1430000066757202,1.090999960899353,1.1369999647140503
159259,成长ETF易方达,2026-02-02,1.1260000467300415,1.093999981880188,1.1460000276565552,1.090000033378601,164467901.0,1.093999981880188,1.1260000467300415,1.093999981880188,1.1460000276565552,1.090000033378601,1.093999981880188
159259,成长ETF易方达,2026-02-03,1.1080000400543213,1.1130000352859497,1.1150000095367432,1.0809999704360962,93624524.0,1.1130000352859497,1.1080000400543213,1.1130000352859497,1.1150000095367432,1.0809999704360962,1.1130000352859497
159259,成长ETF易方达,2026-02-04,1.1039999723434448,1.093000054359436,1.1039999723434448,1.0700000524520874,116977517.0,1.093000054359436,1.1039999723434448,1.093000054359436,1.1039999723434448,1.0700000524520874,1.093000054359436
159259,成长ETF易方达,2026-02-05,1.0789999961853027,1.0700000524520874,1.0889999866485596,1.0640000104904175,92880640.0,1.0700000524520874,1.0789999961853027,1.0700000524520874,1.0889999866485596,1.0640000104904175,1.0700000524520874
159259,成长ETF易方达,2026-02-06,1.059999942779541,1.0709999799728394,1.090999960899353,1.0490000247955322,117106816.0,1.0709999799728394,1.059999942779541,1.0709999799728394,1.090999960899353,1.0490000247955322,1.0709999799728394
159259,成长ETF易方达,2026-02-09,1.0880000591278076,1.1009999513626099,1.1050000190734863,1.0809999704360962,172848119.0,1.1009999513626099,1.0880000591278076,1.1009999513626099,1.1050000190734863,1.0809999704360962,1.1009999513626099
159259,成长ETF易方达,2026-02-10,1.0950000286102295,1.093999981880188,1.1050000190734863,1.0889999866485596,79532762.0,1.093999981880188,1.0950000286102295,1.093999981880188,1.1050000190734863,1.0889999866485596,1.093999981880188
159259,成长ETF易方达,2026-02-11,1.090000033378601,1.0889999866485596,1.1009999513626099,1.0839999914169312,75496301.0,1.0889999866485596,1.090000033378601,1.0889999866485596,1.1009999513626099,1.0839999914169312,1.0889999866485596
159259,成长ETF易方达,2026-02-12,1.093000054359436,1.1009999513626099,1.1059999465942383,1.0870000123977661,97124906.0,1.1009999513626099,1.093000054359436,1.1009999513626099,1.1059999465942383,1.0870000123977661,1.1009999513626099
159259,成长ETF易方达,2026-02-13,1.093000054359436,1.090000033378601,1.1039999723434448,1.0870000123977661,74779313.0,1.090000033378601,1.093000054359436,1.090000033378601,1.1039999723434448,1.0870000123977661,1.090000033378601
159259,成长ETF易方达,2026-02-24,1.1019999980926514,1.11899995803833,1.128000020980835,1.1019999980926514,78165101.0,1.11899995803833,1.1019999980926514,1.11899995803833,1.128000020980835,1.1019999980926514,1.11899995803833
159259,成长ETF易方达,2026-02-25,1.11899995803833,1.1339999437332153,1.1349999904632568,1.1109999418258667,59090822.0,1.1339999437332153,1.11899995803833,1.1339999437332153,1.1349999904632568,1.1109999418258667,1.1339999437332153
159259,成长ETF易方达,2026-02-26,1.1349999904632568,1.1480000019073486,1.152999997138977,1.1260000467300415,100781458.0,1.1480000019073486,1.1349999904632568,1.1480000019073486,1.152999997138977,1.1260000467300415,1.1480000019073486
159259,成长ETF易方达,2026-02-27,1.128999948501587,1.1360000371932983,1.1369999647140503,1.121999979019165,91841703.0,1.1360000371932983,1.128999948501587,1.1360000371932983,1.1369999647140503,1.121999979019165,1.1360000371932983
159259,成长ETF易方达,2026-03-02,1.11899995803833,1.1399999856948853,1.1430000066757202,1.1119999885559082,93169131.0,1.1399999856948853,1.11899995803833,1.1399999856948853,1.1430000066757202,1.1119999885559082,1.1399999856948853
159259,成长ETF易方达,2026-03-03,1.1380000114440918,1.097000002861023,1.1510000228881836,1.093999981880188,122040108.0,1.097000002861023,1.1380000114440918,1.097000002861023,1.1510000228881836,1.093999981880188,1.097000002861023
159259,成长ETF易方达,2026-03-04,1.0750000476837158,1.090999960899353,1.1139999628067017,1.0700000524520874,95923001.0,1.090999960899353,1.0750000476837158,1.090999960899353,1.1139999628067017,1.0700000524520874,1.090999960899353
159259,成长ETF易方达,2026-03-05,1.1100000143051147,1.1069999933242798,1.128000020980835,1.0980000495910645,105554074.0,1.1069999933242798,1.1100000143051147,1.1069999933242798,1.128000020980835,1.0980000495910645,1.1069999933242798
159259,成长ETF易方达,2026-03-06,1.1039999723434448,1.0980000495910645,1.1100000143051147,1.0880000591278076,71024173.0,1.0980000495910645,1.1039999723434448,1.0980000495910645,1.1100000143051147,1.0880000591278076,1.0980000495910645
159259,成长ETF易方达,2026-03-09,1.0740000009536743,1.090999960899353,1.093999981880188,1.0449999570846558,94017471.0,1.090999960899353,1.0740000009536743,1.090999960899353,1.093999981880188,1.0449999570846558,1.090999960899353
159259,成长ETF易方达,2026-03-10,1.1059999465942383,1.1269999742507935,1.128000020980835,1.100000023841858,86277509.0,1.1269999742507935,1.1059999465942383,1.1269999742507935,1.128000020980835,1.100000023841858,1.1269999742507935
159259,成长ETF易方达,2026-03-11,1.1299999952316284,1.1319999694824219,1.1399999856948853,1.121999979019165,78005804.0,1.1319999694824219,1.1299999952316284,1.1319999694824219,1.1399999856948853,1.121999979019165,1.1319999694824219
159259,成长ETF易方达,2026-03-12,1.1260000467300415,1.1269999742507935,1.1430000066757202,1.1139999628067017,71489508.0,1.1269999742507935,1.1260000467300415,1.1269999742507935,1.1430000066757202,1.1139999628067017,1.1269999742507935
159259,成长ETF易方达,2026-03-13,1.13100004196167,1.121000051498413,1.1390000581741333,1.1180000305175781,92788612.0,1.121000051498413,1.13100004196167,1.121000051498413,1.1390000581741333,1.1180000305175781,1.121000051498413
159259,成长ETF易方达,2026-03-16,1.1139999628067017,1.1239999532699585,1.128999948501587,1.100000023841858,62733200.0,1.1239999532699585,1.1139999628067017,1.1239999532699585,1.128999948501587,1.100000023841858,1.1239999532699585
159259,成长ETF易方达,2026-03-17,1.1230000257492065,1.0870000123977661,1.128999948501587,1.0839999914169312,75537700.0,1.0870000123977661,1.1230000257492065,1.0870000123977661,1.128999948501587,1.0839999914169312,1.0870000123977661
159259,成长ETF易方达,2026-03-18,1.0859999656677246,1.1119999885559082,1.1119999885559082,1.0839999914169312,93669701.0,1.1119999885559082,1.0859999656677246,1.1119999885559082,1.1119999885559082,1.0839999914169312,1.1119999885559082
159259,成长ETF易方达,2026-03-19,1.0920000076293945,1.0800000429153442,1.097000002861023,1.0720000267028809,132042546.0,1.0800000429153442,1.0920000076293945,1.0800000429153442,1.097000002861023,1.0720000267028809,1.0800000429153442
159259,成长ETF易方达,2026-03-20,1.0829999446868896,1.0779999494552612,1.1080000400543213,1.0759999752044678,92853502.0,1.0779999494552612,1.0829999446868896,1.0779999494552612,1.1080000400543213,1.0759999752044678,1.0779999494552612
159259,成长ETF易方达,2026-03-23,1.055999994277954,1.0329999923706055,1.0720000267028809,1.0299999713897705,140981522.0,1.0329999923706055,1.055999994277954,1.0329999923706055,1.0720000267028809,1.0299999713897705,1.0329999923706055
159259,成长ETF易方达,2026-03-24,1.0479999780654907,1.062000036239624,1.062999963760376,1.0169999599456787,86974628.0,1.062000036239624,1.0479999780654907,1.062000036239624,1.062999963760376,1.0169999599456787,1.062000036239624
159259,成长ETF易方达,2026-03-25,1.0709999799728394,1.090000033378601,1.0959999561309814,1.069000005722046,93993313.0,1.090000033378601,1.0709999799728394,1.090000033378601,1.0959999561309814,1.069000005722046,1.090000033378601
159259,成长ETF易方达,2026-03-26,1.0850000381469727,1.0850000381469727,1.1050000190734863,1.0779999494552612,130444601.0,1.0850000381469727,1.0850000381469727,1.0850000381469727,1.1050000190734863,1.0779999494552612,1.0850000381469727
159259,成长ETF易方达,2026-03-27,1.069000005722046,1.0950000286102295,1.1050000190734863,1.059000015258789,82750103.0,1.0950000286102295,1.069000005722046,1.0950000286102295,1.1050000190734863,1.059000015258789,1.0950000286102295
159259,成长ETF易方达,2026-03-30,1.0829999446868896,1.100000023841858,1.1050000190734863,1.0789999961853027,137635305.0,1.100000023841858,1.0829999446868896,1.100000023841858,1.1050000190734863,1.0789999961853027,1.100000023841858
159259,成长ETF易方达,2026-03-31,1.093000054359436,1.0740000009536743,1.100000023841858,1.069000005722046,129396501.0,1.0740000009536743,1.093000054359436,1.0740000009536743,1.100000023841858,1.069000005722046,1.0740000009536743
159259,成长ETF易方达,2026-04-01,1.0920000076293945,1.100000023841858,1.1019999980926514,1.0829999446868896,118709416.0,1.100000023841858,1.0920000076293945,1.100000023841858,1.1019999980926514,1.0829999446868896,1.100000023841858
159259,成长ETF易方达,2026-04-02,1.0959999561309814,1.0759999752044678,1.1019999980926514,1.0709999799728394,102154900.0,1.0759999752044678,1.0959999561309814,1.0759999752044678,1.1019999980926514,1.0709999799728394,1.0759999752044678
159259,成长ETF易方达,2026-04-03,1.0800000429153442,1.0829999446868896,1.090999960899353,1.0759999752044678,92628307.0,1.0829999446868896,1.0800000429153442,1.0829999446868896,1.090999960899353,1.0759999752044678,1.0829999446868896
159259,成长ETF易方达,2026-04-07,1.0820000171661377,1.0920000076293945,1.0989999771118164,1.0800000429153442,94905800.0,1.0920000076293945,1.0820000171661377,1.0920000076293945,1.0989999771118164,1.0800000429153442,1.0920000076293945
159259,成长ETF易方达,2026-04-08,1.1169999837875366,1.156000018119812,1.156999945640564,1.1169999837875366,169083019.0,1.156000018119812,1.1169999837875366,1.156000018119812,1.156999945640564,1.1169999837875366,1.156000018119812
159259,成长ETF易方达,2026-04-09,1.1440000534057617,1.1549999713897705,1.1649999618530273,1.1390000581741333,103493532.0,1.1549999713897705,1.1440000534057617,1.1549999713897705,1.1649999618530273,1.1390000581741333,1.1549999713897705
159259,成长ETF易方达,2026-04-10,1.1629999876022339,1.184999942779541,1.190000057220459,1.1610000133514404,104432592.0,1.184999942779541,1.1629999876022339,1.184999942779541,1.190000057220459,1.1610000133514404,1.184999942779541
159259,成长ETF易方达,2026-04-13,1.1699999570846558,1.1950000524520874,1.1979999542236328,1.1699999570846558,82509600.0,1.1950000524520874,1.1699999570846558,1.1950000524520874,1.1979999542236328,1.1699999570846558,1.1950000524520874
159259,成长ETF易方达,2026-04-14,1.2050000429153442,1.2330000400543213,1.2359999418258667,1.2029999494552612,210477548.0,1.2330000400543213,1.2050000429153442,1.2330000400543213,1.2359999418258667,1.2029999494552612,1.2330000400543213
159259,成长ETF易方达,2026-04-15,1.246000051498413,1.2139999866485596,1.25,1.2050000429153442,134405780.0,1.2139999866485596,1.246000051498413,1.2139999866485596,1.25,1.2050000429153442,1.2139999866485596
159259,成长ETF易方达,2026-04-16,1.2070000171661377,1.2430000305175781,1.2450000047683716,1.2070000171661377,137347076.0,1.2430000305175781,1.2070000171661377,1.2430000305175781,1.2450000047683716,1.2070000171661377,1.2430000305175781
159259,成长ETF易方达,2026-04-17,1.246000051498413,1.2699999809265137,1.2769999504089355,1.2450000047683716,209060012.0,1.2699999809265137,1.246000051498413,1.2699999809265137,1.2769999504089355,1.2450000047683716,1.2699999809265137
159259,成长ETF易方达,2026-04-20,1.2699999809265137,1.274999976158142,1.2920000553131104,1.2690000534057617,166402117.0,1.274999976158142,1.2699999809265137,1.274999976158142,1.2920000553131104,1.2690000534057617,1.274999976158142
159259,成长ETF易方达,2026-04-21,1.2690000534057617,1.2929999828338623,1.2949999570846558,1.2569999694824219,160995179.0,1.2929999828338623,1.2690000534057617,1.2929999828338623,1.2949999570846558,1.2569999694824219,1.2929999828338623
159259,成长ETF易方达,2026-04-22,1.2869999408721924,1.3200000524520874,1.3220000267028809,1.281999945640564,189096801.0,1.3200000524520874,1.2869999408721924,1.3200000524520874,1.3220000267028809,1.281999945640564,1.3200000524520874
159259,成长ETF易方达,2026-04-23,1.3259999752044678,1.2949999570846558,1.3270000219345093,1.2799999713897705,204912561.0,1.2949999570846558,1.3259999752044678,1.2949999570846558,1.3270000219345093,1.2799999713897705,1.2949999570846558
159259,成长ETF易方达,2026-04-24,1.2829999923706055,1.2949999570846558,1.3079999685287476,1.2690000534057617,197944776.0,1.2949999570846558,1.2829999923706055,1.2949999570846558,1.3079999685287476,1.2690000534057617,1.2949999570846558
159259,成长ETF易方达,2026-04-27,1.2979999780654907,1.3200000524520874,1.3220000267028809,1.2979999780654907,252512529.0,1.3200000524520874,1.2979999780654907,1.3200000524520874,1.3220000267028809,1.2979999780654907,1.3200000524520874
159259,成长ETF易方达,2026-04-28,1.3220000267028809,1.2979999780654907,1.3220000267028809,1.2899999618530273,176333515.0,1.2979999780654907,1.3220000267028809,1.2979999780654907,1.3220000267028809,1.2899999618530273,1.2979999780654907
159259,成长ETF易方达,2026-04-29,1.284000039100647,1.3229999542236328,1.3259999752044678,1.2799999713897705,190197804.0,1.3229999542236328,1.284000039100647,1.3229999542236328,1.3259999752044678,1.2799999713897705,1.3229999542236328
159259,成长ETF易方达,2026-04-30,1.3300000429153442,1.3270000219345093,1.3359999656677246,1.315999984741211,130288329.0,1.3270000219345093,1.3300000429153442,1.3270000219345093,1.3359999656677246,1.315999984741211,1.3270000219345093
159259,成长ETF易方达,2026-05-06,1.347000002861023,1.3669999837875366,1.375,1.340000033378601,247564631.0,1.3669999837875366,1.347000002861023,1.3669999837875366,1.375,1.340000033378601,1.3669999837875366
159259,成长ETF易方达,2026-05-07,1.375,1.3890000581741333,1.3930000066757202,1.3619999885559082,325799867.0,1.3890000581741333,1.375,1.3890000581741333,1.3930000066757202,1.3619999885559082,1.3890000581741333
159259,成长ETF易方达,2026-05-08,1.375,1.3839999437332153,1.3899999856948853,1.3669999837875366,181612907.0,1.3839999437332153,1.375,1.3839999437332153,1.3899999856948853,1.3669999837875366,1.3839999437332153
159259,成长ETF易方达,2026-05-11,1.3980000019073486,1.4279999732971191,1.4299999475479126,1.3839999437332153,367857129.0,1.4279999732971191,1.3980000019073486,1.4279999732971191,1.4299999475479126,1.3839999437332153,1.4279999732971191
159259,成长ETF易方达,2026-05-12,1.4299999475479126,1.4299999475479126,1.440999984741211,1.4149999618530273,283585810.0,1.4299999475479126,1.4299999475479126,1.4299999475479126,1.440999984741211,1.4149999618530273,1.4299999475479126
159259,成长ETF易方达,2026-05-13,1.409999966621399,1.4570000171661377,1.4609999656677246,1.406999945640564,277783709.0,1.4570000171661377,1.409999966621399,1.4570000171661377,1.4609999656677246,1.406999945640564,1.4570000171661377
159259,成长ETF易方达,2026-05-14,1.465000033378601,1.4140000343322754,1.472000002861023,1.409999966621399,368503508.0,1.4140000343322754,1.465000033378601,1.4140000343322754,1.472000002861023,1.409999966621399,1.4140000343322754
159259,成长ETF易方达,2026-05-15,1.4119999408721924,1.3890000581741333,1.4240000247955322,1.3580000400543213,425042417.0,1.3890000581741333,1.4119999408721924,1.3890000581741333,1.4240000247955322,1.3580000400543213,1.3890000581741333
159259,成长ETF易方达,2026-05-18,1.3569999933242798,1.3949999809265137,1.4140000343322754,1.3569999933242798,152557335.0,1.3949999809265137,1.3569999933242798,1.3949999809265137,1.4140000343322754,1.3569999933242798,1.3949999809265137
159259,成长ETF易方达,2026-05-19,1.3839999437332153,1.4170000553131104,1.4190000295639038,1.343999981880188,215635514.0,1.4170000553131104,1.3839999437332153,1.4170000553131104,1.4190000295639038,1.343999981880188,1.4170000553131104
159259,成长ETF易方达,2026-05-20,1.4010000228881836,1.4390000104904175,1.4450000524520874,1.399999976158142,362101753.0,1.4390000104904175,1.4010000228881836,1.4390000104904175,1.4450000524520874,1.399999976158142,1.4390000104904175
159259,成长ETF易方达,2026-05-21,1.4490000009536743,1.3760000467300415,1.4529999494552612,1.3639999628067017,323014489.0,1.3760000467300415,1.4490000009536743,1.3760000467300415,1.4529999494552612,1.3639999628067017,1.3760000467300415
159259,成长ETF易方达,2026-05-22,1.3799999952316284,1.4229999780654907,1.4249999523162842,1.3799999952316284,193061200.0,1.4229999780654907,1.3799999952316284,1.4229999780654907,1.4249999523162842,1.3799999952316284,1.4229999780654907
159259,成长ETF易方达,2026-05-25,1.4220000505447388,1.4700000286102295,1.4709999561309814,1.4140000343322754,159257812.0,1.4700000286102295,1.4220000505447388,1.4700000286102295,1.4709999561309814,1.4140000343322754,1.4700000286102295
159259,成长ETF易方达,2026-05-26,1.4509999752044678,1.4529999494552612,1.4639999866485596,1.4199999570846558,225606107.0,1.4529999494552612,1.4509999752044678,1.4529999494552612,1.4639999866485596,1.4199999570846558,1.4529999494552612
159259,成长ETF易方达,2026-05-27,1.4529999494552612,1.4420000314712524,1.4900000095367432,1.4320000410079956,219113403.0,1.4420000314712524,1.4529999494552612,1.4420000314712524,1.4900000095367432,1.4320000410079956,1.4420000314712524
159259,成长ETF易方达,2026-05-28,1.4329999685287476,1.4800000190734863,1.4889999628067017,1.4190000295639038,265675000.0,1.4800000190734863,1.4329999685287476,1.4800000190734863,1.4889999628067017,1.4190000295639038,1.4800000190734863
159259,成长ETF易方达,2026-05-29,1.4880000352859497,1.4539999961853027,1.496999979019165,1.4390000104904175,268534089.0,1.4539999961853027,1.4880000352859497,1.4539999961853027,1.496999979019165,1.4390000104904175,1.4539999961853027
159259,成长ETF易方达,2026-06-01,1.430999994277954,1.399999976158142,1.4559999704360962,1.3990000486373901,251548005.0,1.399999976158142,1.430999994277954,1.399999976158142,1.4559999704360962,1.3990000486373901,1.399999976158142
159259,成长ETF易方达,2026-06-02,1.3969999551773071,1.4600000381469727,1.4700000286102295,1.3969999551773071,150814180.0,1.4600000381469727,1.3969999551773071,1.4600000381469727,1.4700000286102295,1.3969999551773071,1.4600000381469727
159259,成长ETF易方达,2026-06-03,1.475000023841858,1.5160000324249268,1.5540000200271606,1.4589999914169312,254321124.0,1.5160000324249268,1.475000023841858,1.5160000324249268,1.5540000200271606,1.4589999914169312,1.5160000324249268
159259,成长ETF易方达,2026-06-04,1.4819999933242798,1.5399999618530273,1.5479999780654907,1.4819999933242798,136586805.0,1.5399999618530273,1.4819999933242798,1.5399999618530273,1.5479999780654907,1.4819999933242798,1.5399999618530273
159259,成长ETF易方达,2026-06-05,1.5290000438690186,1.4880000352859497,1.5570000410079956,1.4700000286102295,242992606.0,1.4880000352859497,1.5290000438690186,1.4880000352859497,1.5570000410079956,1.4700000286102295,1.4880000352859497
159259,成长ETF易方达,2026-06-08,1.4079999923706055,1.4520000219345093,1.4850000143051147,1.4079999923706055,284607705.0,1.4520000219345093,1.4079999923706055,1.4520000219345093,1.4850000143051147,1.4079999923706055,1.4520000219345093
159259,成长ETF易方达,2026-06-09,1.472000002861023,1.534999966621399,1.5379999876022339,1.4620000123977661,290199700.0,1.534999966621399,1.472000002861023,1.534999966621399,1.5379999876022339,1.4620000123977661,1.534999966621399
159259,成长ETF易方达,2026-06-10,1.5069999694824219,1.5019999742507935,1.527999997138977,1.4819999933242798,235611580.0,1.5019999742507935,1.5069999694824219,1.5019999742507935,1.527999997138977,1.4819999933242798,1.5019999742507935
159259,成长ETF易方达,2026-06-11,1.4789999723434448,1.5,1.5240000486373901,1.4670000076293945,190924003.0,1.5,1.4789999723434448,1.5,1.5240000486373901,1.4670000076293945,1.5
159259,成长ETF易方达,2026-06-12,1.5390000343322754,1.5210000276565552,1.5670000314712524,1.5199999809265137,270380373.0,1.5210000276565552,1.5390000343322754,1.5210000276565552,1.5670000314712524,1.5199999809265137,1.5210000276565552
159259,成长ETF易方达,2026-06-15,1.5549999475479126,1.649999976158142,1.649999976158142,1.527999997138977,382735204.0,1.649999976158142,1.5549999475479126,1.649999976158142,1.649999976158142,1.527999997138977,1.649999976158142
159259,成长ETF易方达,2026-06-16,1.6510000228881836,1.6859999895095825,1.7029999494552612,1.6390000581741333,509448040.0,1.6859999895095825,1.6510000228881836,1.6859999895095825,1.7029999494552612,1.6390000581741333,1.6859999895095825
159259,成长ETF易方达,2026-06-17,1.6679999828338623,1.7309999465942383,1.7330000400543213,1.6629999876022339,396602140.0,1.7309999465942383,1.6679999828338623,1.7309999465942383,1.7330000400543213,1.6629999876022339,1.7309999465942383
159259,成长ETF易方达,2026-06-18,1.7239999771118164,1.7710000276565552,1.7799999713897705,1.715999960899353,385811071.0,1.7710000276565552,1.7239999771118164,1.7710000276565552,1.7799999713897705,1.715999960899353,1.7710000276565552
159259,成长ETF易方达,2026-06-22,1.7879999876022339,1.8259999752044678,1.8270000219345093,1.753999948501587,537849249.0,1.8259999752044678,1.7879999876022339,1.8259999752044678,1.8270000219345093,1.753999948501587,1.8259999752044678
159259,成长ETF易方达,2026-06-23,1.812000036239624,1.7350000143051147,1.8240000009536743,1.718999981880188,478404695.0,1.7350000143051147,1.812000036239624,1.7350000143051147,1.8240000009536743,1.718999981880188,1.7350000143051147
159259,成长ETF易方达,2026-06-24,1.7200000286102295,1.781000018119812,1.7910000085830688,1.715000033378601,401812834.0,1.781000018119812,1.7200000286102295,1.781000018119812,1.7910000085830688,1.715000033378601,1.781000018119812
159259,成长ETF易方达,2026-06-25,1.7979999780654907,1.819000005722046,1.8220000267028809,1.7730000019073486,414404610.0,1.819000005722046,1.7979999780654907,1.819000005722046,1.8220000267028809,1.7730000019073486,1.819000005722046
159259,成长ETF易方达,2026-06-26,1.7879999876022339,1.7389999628067017,1.7979999780654907,1.7109999656677246,534538069.0,1.7389999628067017,1.7879999876022339,1.7389999628067017,1.7979999780654907,1.7109999656677246,1.7389999628067017
159259,成长ETF易方达,2026-06-29,1.7200000286102295,1.7200000286102295,1.7519999742507935,1.6410000324249268,498099150.0,1.7200000286102295,1.7200000286102295,1.7200000286102295,1.7519999742507935,1.6410000324249268,1.7200000286102295
159259,成长ETF易方达,2026-06-30,1.7059999704360962,1.7760000228881836,1.7890000343322754,1.7009999752044678,399654077.0,1.7760000228881836,1.7059999704360962,1.7760000228881836,1.7890000343322754,1.7009999752044678,1.7760000228881836
159222,自由现金流ETF易方达,2026-01-05,1.2920000553131104,1.2999999523162842,1.2999999523162842,1.2910000085830688,48481440.0,1.2999999523162842,1.2920000553131104,1.2999999523162842,1.2999999523162842,1.2910000085830688,1.2999999523162842
159222,自由现金流ETF易方达,2026-01-06,1.3029999732971191,1.3200000524520874,1.3209999799728394,1.2990000247955322,49566710.0,1.3200000524520874,1.3029999732971191,1.3200000524520874,1.3209999799728394,1.2990000247955322,1.3200000524520874
159222,自由现金流ETF易方达,2026-01-07,1.3200000524520874,1.3140000104904175,1.3209999799728394,1.309000015258789,48274200.0,1.3140000104904175,1.3200000524520874,1.3140000104904175,1.3209999799728394,1.309000015258789,1.3140000104904175
159222,自由现金流ETF易方达,2026-01-08,1.312000036239624,1.312000036239624,1.315999984741211,1.3049999475479126,44116400.0,1.312000036239624,1.312000036239624,1.312000036239624,1.315999984741211,1.3049999475479126,1.312000036239624
159222,自由现金流ETF易方达,2026-01-09,1.309999942779541,1.3240000009536743,1.3240000009536743,1.309999942779541,45968300.0,1.3240000009536743,1.309999942779541,1.3240000009536743,1.3240000009536743,1.309999942779541,1.3240000009536743
159222,自由现金流ETF易方达,2026-01-12,1.3240000009536743,1.3270000219345093,1.3289999961853027,1.3200000524520874,48773840.0,1.3270000219345093,1.3240000009536743,1.3270000219345093,1.3289999961853027,1.3200000524520874,1.3270000219345093
159222,自由现金流ETF易方达,2026-01-13,1.3270000219345093,1.3380000591278076,1.3450000286102295,1.3270000219345093,55220500.0,1.3380000591278076,1.3270000219345093,1.3380000591278076,1.3450000286102295,1.3270000219345093,1.3380000591278076
159222,自由现金流ETF易方达,2026-01-14,1.3380000591278076,1.3329999446868896,1.350000023841858,1.3259999752044678,60973700.0,1.3329999446868896,1.3380000591278076,1.3329999446868896,1.350000023841858,1.3259999752044678,1.3329999446868896
159222,自由现金流ETF易方达,2026-01-15,1.3279999494552612,1.3339999914169312,1.343000054359436,1.3250000476837158,47386680.0,1.3339999914169312,1.3279999494552612,1.3339999914169312,1.343000054359436,1.3250000476837158,1.3339999914169312
159222,自由现金流ETF易方达,2026-01-16,1.3370000123977661,1.3289999961853027,1.3459999561309814,1.3229999542236328,58751800.0,1.3289999961853027,1.3370000123977661,1.3289999961853027,1.3459999561309814,1.3229999542236328,1.3289999961853027
159222,自由现金流ETF易方达,2026-01-19,1.3289999961853027,1.3480000495910645,1.3489999771118164,1.3250000476837158,54696280.0,1.3480000495910645,1.3289999961853027,1.3480000495910645,1.3489999771118164,1.3250000476837158,1.3480000495910645
159222,自由现金流ETF易方达,2026-01-20,1.3489999771118164,1.3630000352859497,1.3630000352859497,1.3389999866485596,60146800.0,1.3630000352859497,1.3489999771118164,1.3630000352859497,1.3630000352859497,1.3389999866485596,1.3630000352859497
159222,自由现金流ETF易方达,2026-01-21,1.3619999885559082,1.3639999628067017,1.36899995803833,1.3519999980926514,50254820.0,1.3639999628067017,1.3619999885559082,1.3639999628067017,1.36899995803833,1.3519999980926514,1.3639999628067017
159222,自由现金流ETF易方达,2026-01-22,1.3669999837875366,1.3839999437332153,1.3849999904632568,1.3650000095367432,61632700.0,1.3839999437332153,1.3669999837875366,1.3839999437332153,1.3849999904632568,1.3650000095367432,1.3839999437332153
159222,自由现金流ETF易方达,2026-01-23,1.3849999904632568,1.3940000534057617,1.3940000534057617,1.3839999437332153,53829410.0,1.3940000534057617,1.3849999904632568,1.3940000534057617,1.3940000534057617,1.3839999437332153,1.3940000534057617
159222,自由现金流ETF易方达,2026-01-26,1.3949999809265137,1.406999945640564,1.4110000133514404,1.3940000534057617,62857000.0,1.406999945640564,1.3949999809265137,1.406999945640564,1.4110000133514404,1.3940000534057617,1.406999945640564
159222,自由现金流ETF易方达,2026-01-27,1.399999976158142,1.3899999856948853,1.406000018119812,1.3830000162124634,62404960.0,1.3899999856948853,1.399999976158142,1.3899999856948853,1.406000018119812,1.3830000162124634,1.3899999856948853
159222,自由现金流ETF易方达,2026-01-28,1.3890000581741333,1.4270000457763672,1.4329999685287476,1.3869999647140503,56336730.0,1.4270000457763672,1.3890000581741333,1.4270000457763672,1.4329999685287476,1.3869999647140503,1.4270000457763672
159222,自由现金流ETF易方达,2026-01-29,1.4320000410079956,1.4390000104904175,1.4390000104904175,1.4119999408721924,53439900.0,1.4390000104904175,1.4320000410079956,1.4390000104904175,1.4390000104904175,1.4119999408721924,1.4390000104904175
159222,自由现金流ETF易方达,2026-01-30,1.4320000410079956,1.409999966621399,1.4320000410079956,1.3849999904632568,82598200.0,1.409999966621399,1.4320000410079956,1.409999966621399,1.4320000410079956,1.3849999904632568,1.409999966621399
159222,自由现金流ETF易方达,2026-02-02,1.3869999647140503,1.343999981880188,1.3880000114440918,1.3359999656677246,92957720.0,1.343999981880188,1.3869999647140503,1.343999981880188,1.3880000114440918,1.3359999656677246,1.343999981880188
159222,自由现金流ETF易方达,2026-02-03,1.3589999675750732,1.3760000467300415,1.3769999742507935,1.3519999980926514,57521500.0,1.3760000467300415,1.3589999675750732,1.3760000467300415,1.3769999742507935,1.3519999980926514,1.3760000467300415
159222,自由现金流ETF易方达,2026-02-04,1.375,1.3980000019073486,1.3980000019073486,1.375,59346900.0,1.3980000019073486,1.375,1.3980000019073486,1.3980000019073486,1.375,1.3980000019073486
159222,自由现金流ETF易方达,2026-02-05,1.3960000276565552,1.378999948501587,1.3960000276565552,1.3680000305175781,46289200.0,1.378999948501587,1.3960000276565552,1.378999948501587,1.3960000276565552,1.3680000305175781,1.378999948501587
159222,自由现金流ETF易方达,2026-02-06,1.3630000352859497,1.371000051498413,1.3839999437332153,1.3559999465942383,55826290.0,1.371000051498413,1.3630000352859497,1.371000051498413,1.3839999437332153,1.3559999465942383,1.371000051498413
159222,自由现金流ETF易方达,2026-02-09,1.3830000162124634,1.3930000066757202,1.3940000534057617,1.38100004196167,38766900.0,1.3930000066757202,1.3830000162124634,1.3930000066757202,1.3940000534057617,1.38100004196167,1.3930000066757202
159222,自由现金流ETF易方达,2026-02-10,1.3899999856948853,1.3949999809265137,1.3969999551773071,1.3880000114440918,54727400.0,1.3949999809265137,1.3899999856948853,1.3949999809265137,1.3969999551773071,1.3880000114440918,1.3949999809265137
159222,自由现金流ETF易方达,2026-02-11,1.3960000276565552,1.406999945640564,1.4110000133514404,1.3930000066757202,56589820.0,1.406999945640564,1.3960000276565552,1.406999945640564,1.4110000133514404,1.3930000066757202,1.406999945640564
159222,自由现金流ETF易方达,2026-02-12,1.406999945640564,1.4129999876022339,1.4190000295639038,1.4010000228881836,38005450.0,1.4129999876022339,1.406999945640564,1.4129999876022339,1.4190000295639038,1.4010000228881836,1.4129999876022339
159222,自由现金流ETF易方达,2026-02-13,1.409999966621399,1.3890000581741333,1.409999966621399,1.3839999437332153,94380800.0,1.3890000581741333,1.409999966621399,1.3890000581741333,1.409999966621399,1.3839999437332153,1.3890000581741333
159222,自由现金流ETF易方达,2026-02-24,1.3990000486373901,1.430999994277954,1.4320000410079956,1.3990000486373901,76426410.0,1.430999994277954,1.3990000486373901,1.430999994277954,1.4320000410079956,1.3990000486373901,1.430999994277954
159222,自由现金流ETF易方达,2026-02-25,1.4359999895095825,1.437999963760376,1.4550000429153442,1.430999994277954,88437100.0,1.437999963760376,1.4359999895095825,1.437999963760376,1.4550000429153442,1.430999994277954,1.437999963760376
159222,自由现金流ETF易方达,2026-02-26,1.440000057220459,1.4420000314712524,1.444000005722046,1.430999994277954,79587500.0,1.4420000314712524,1.440000057220459,1.4420000314712524,1.444000005722046,1.430999994277954,1.4420000314712524
159222,自由现金流ETF易方达,2026-02-27,1.4359999895095825,1.4520000219345093,1.4529999494552612,1.434000015258789,72697800.0,1.4520000219345093,1.4359999895095825,1.4520000219345093,1.4529999494552612,1.434000015258789,1.4520000219345093
159222,自由现金流ETF易方达,2026-03-02,1.4550000429153442,1.4839999675750732,1.4859999418258667,1.4520000219345093,98051900.0,1.4839999675750732,1.4550000429153442,1.4839999675750732,1.4859999418258667,1.4520000219345093,1.4839999675750732
159222,自由现金流ETF易方达,2026-03-03,1.4859999418258667,1.4759999513626099,1.49399995803833,1.465999960899353,130498700.0,1.4759999513626099,1.4859999418258667,1.4759999513626099,1.49399995803833,1.465999960899353,1.4759999513626099
159222,自由现金流ETF易方达,2026-03-04,1.4620000123977661,1.4570000171661377,1.4639999866485596,1.437999963760376,103461200.0,1.4570000171661377,1.4620000123977661,1.4570000171661377,1.4639999866485596,1.437999963760376,1.4570000171661377
159222,自由现金流ETF易方达,2026-03-05,1.4670000076293945,1.4739999771118164,1.4839999675750732,1.4589999914169312,100044900.0,1.4739999771118164,1.4670000076293945,1.4739999771118164,1.4839999675750732,1.4589999914169312,1.4739999771118164
159222,自由现金流ETF易方达,2026-03-06,1.468000054359436,1.4769999980926514,1.4780000448226929,1.4550000429153442,54849120.0,1.4769999980926514,1.468000054359436,1.4769999980926514,1.4780000448226929,1.4550000429153442,1.4769999980926514
159222,自由现金流ETF易方达,2026-03-09,1.4800000190734863,1.4809999465942383,1.49399995803833,1.465999960899353,75593470.0,1.4809999465942383,1.4800000190734863,1.4809999465942383,1.49399995803833,1.465999960899353,1.4809999465942383
159222,自由现金流ETF易方达,2026-03-10,1.4609999656677246,1.4759999513626099,1.4780000448226929,1.4589999914169312,77459890.0,1.4759999513626099,1.4609999656677246,1.4759999513626099,1.4780000448226929,1.4589999914169312,1.4759999513626099
159222,自由现金流ETF易方达,2026-03-11,1.4759999513626099,1.4889999628067017,1.4900000095367432,1.465999960899353,87563600.0,1.4889999628067017,1.4759999513626099,1.4889999628067017,1.4900000095367432,1.465999960899353,1.4889999628067017
159222,自由现金流ETF易方达,2026-03-12,1.4910000562667847,1.496000051498413,1.5,1.4809999465942383,98819770.0,1.496000051498413,1.4910000562667847,1.496000051498413,1.5,1.4809999465942383,1.496000051498413
159222,自由现金流ETF易方达,2026-03-13,1.49399995803833,1.4830000400543213,1.5049999952316284,1.4759999513626099,100849000.0,1.4830000400543213,1.49399995803833,1.4830000400543213,1.5049999952316284,1.4759999513626099,1.4830000400543213
159222,自由现金流ETF易方达,2026-03-16,1.4819999933242798,1.4609999656677246,1.4859999418258667,1.4550000429153442,92367650.0,1.4609999656677246,1.4819999933242798,1.4609999656677246,1.4859999418258667,1.4550000429153442,1.4609999656677246
159222,自由现金流ETF易方达,2026-03-17,1.4609999656677246,1.4470000267028809,1.4730000495910645,1.4459999799728394,110131800.0,1.4470000267028809,1.4609999656677246,1.4470000267028809,1.4730000495910645,1.4459999799728394,1.4470000267028809
159222,自由现金流ETF易方达,2026-03-18,1.4470000267028809,1.440000057220459,1.4470000267028809,1.4229999780654907,88500090.0,1.440000057220459,1.4470000267028809,1.440000057220459,1.4470000267028809,1.4229999780654907,1.440000057220459
159222,自由现金流ETF易方达,2026-03-19,1.4329999685287476,1.4149999618530273,1.434999942779541,1.409000039100647,127085100.0,1.4149999618530273,1.4329999685287476,1.4149999618530273,1.434999942779541,1.409000039100647,1.4149999618530273
159222,自由现金流ETF易方达,2026-03-20,1.409000039100647,1.4010000228881836,1.4229999780654907,1.3990000486373901,130476300.0,1.4010000228881836,1.409000039100647,1.4010000228881836,1.4229999780654907,1.3990000486373901,1.4010000228881836
159222,自由现金流ETF易方达,2026-03-23,1.3890000581741333,1.3700000047683716,1.3899999856948853,1.350000023841858,130201400.0,1.3700000047683716,1.3890000581741333,1.3700000047683716,1.3899999856948853,1.350000023841858,1.3700000047683716
159222,自由现金流ETF易方达,2026-03-24,1.3700000047683716,1.3819999694824219,1.3830000162124634,1.3539999723434448,108504300.0,1.3819999694824219,1.3700000047683716,1.3819999694824219,1.3830000162124634,1.3539999723434448,1.3819999694824219
159222,自由现金流ETF易方达,2026-03-25,1.3860000371932983,1.4019999504089355,1.4019999504089355,1.3839999437332153,97009080.0,1.4019999504089355,1.3860000371932983,1.4019999504089355,1.4019999504089355,1.3839999437332153,1.4019999504089355
159222,自由现金流ETF易方达,2026-03-26,1.4010000228881836,1.3910000324249268,1.406999945640564,1.3860000371932983,117519100.0,1.3910000324249268,1.4010000228881836,1.3910000324249268,1.406999945640564,1.3860000371932983,1.3910000324249268
159222,自由现金流ETF易方达,2026-03-27,1.3739999532699585,1.3960000276565552,1.3969999551773071,1.3730000257492065,67560830.0,1.3960000276565552,1.3739999532699585,1.3960000276565552,1.3969999551773071,1.3730000257492065,1.3960000276565552
159222,自由现金流ETF易方达,2026-03-30,1.3860000371932983,1.4010000228881836,1.4019999504089355,1.3849999904632568,57404700.0,1.4010000228881836,1.3860000371932983,1.4010000228881836,1.4019999504089355,1.3849999904632568,1.4010000228881836
159222,自由现金流ETF易方达,2026-03-31,1.4010000228881836,1.3890000581741333,1.4110000133514404,1.3890000581741333,79286740.0,1.3890000581741333,1.4010000228881836,1.3890000581741333,1.4110000133514404,1.3890000581741333,1.3890000581741333
159222,自由现金流ETF易方达,2026-04-01,1.4010000228881836,1.399999976158142,1.4049999713897705,1.3940000534057617,77446790.0,1.399999976158142,1.4010000228881836,1.399999976158142,1.4049999713897705,1.3940000534057617,1.399999976158142
159222,自由现金流ETF易方达,2026-04-02,1.399999976158142,1.3890000581741333,1.4010000228881836,1.3839999437332153,75324900.0,1.3890000581741333,1.399999976158142,1.3890000581741333,1.4010000228881836,1.3839999437332153,1.3890000581741333
159222,自由现金流ETF易方达,2026-04-03,1.3919999599456787,1.3760000467300415,1.3930000066757202,1.371000051498413,91265600.0,1.3760000467300415,1.3919999599456787,1.3760000467300415,1.3930000066757202,1.371000051498413,1.3760000467300415
159222,自由现金流ETF易方达,2026-04-07,1.3760000467300415,1.378999948501587,1.378999948501587,1.3680000305175781,66281200.0,1.378999948501587,1.3760000467300415,1.378999948501587,1.378999948501587,1.3680000305175781,1.378999948501587
159222,自由现金流ETF易方达,2026-04-08,1.3890000581741333,1.406999945640564,1.406999945640564,1.3830000162124634,85663700.0,1.406999945640564,1.3890000581741333,1.406999945640564,1.406999945640564,1.3830000162124634,1.406999945640564
159222,自由现金流ETF易方达,2026-04-09,1.3949999809265137,1.402999997138977,1.4040000438690186,1.3940000534057617,77414540.0,1.402999997138977,1.3949999809265137,1.402999997138977,1.4040000438690186,1.3940000534057617,1.402999997138977
159222,自由现金流ETF易方达,2026-04-10,1.4049999713897705,1.4119999408721924,1.4220000505447388,1.4049999713897705,77498730.0,1.4119999408721924,1.4049999713897705,1.4119999408721924,1.4220000505447388,1.4049999713897705,1.4119999408721924
159222,自由现金流ETF易方达,2026-04-13,1.402999997138977,1.406000018119812,1.409000039100647,1.3960000276565552,87258490.0,1.406000018119812,1.402999997138977,1.406000018119812,1.409000039100647,1.3960000276565552,1.406000018119812
159222,自由现金流ETF易方达,2026-04-14,1.409999966621399,1.4049999713897705,1.4119999408721924,1.3940000534057617,63980300.0,1.4049999713897705,1.409999966621399,1.4049999713897705,1.4119999408721924,1.3940000534057617,1.4049999713897705
159222,自由现金流ETF易方达,2026-04-15,1.406000018119812,1.3980000019073486,1.406999945640564,1.3949999809265137,79877300.0,1.3980000019073486,1.406000018119812,1.3980000019073486,1.406999945640564,1.3949999809265137,1.3980000019073486
159222,自由现金流ETF易方达,2026-04-16,1.3980000019073486,1.409999966621399,1.409999966621399,1.3969999551773071,74398560.0,1.409999966621399,1.3980000019073486,1.409999966621399,1.409999966621399,1.3969999551773071,1.409999966621399
159222,自由现金流ETF易方达,2026-04-17,1.409000039100647,1.3990000486373901,1.409000039100647,1.3949999809265137,73096090.0,1.3990000486373901,1.409000039100647,1.3990000486373901,1.409000039100647,1.3949999809265137,1.3990000486373901
159222,自由现金流ETF易方达,2026-04-20,1.3990000486373901,1.3930000066757202,1.3990000486373901,1.3890000581741333,102256500.0,1.3930000066757202,1.3990000486373901,1.3930000066757202,1.3990000486373901,1.3890000581741333,1.3930000066757202
159222,自由现金流ETF易方达,2026-04-21,1.3940000534057617,1.3910000324249268,1.3940000534057617,1.3869999647140503,60746210.0,1.3910000324249268,1.3940000534057617,1.3910000324249268,1.3940000534057617,1.3869999647140503,1.3910000324249268
159222,自由现金流ETF易方达,2026-04-22,1.3880000114440918,1.3940000534057617,1.3940000534057617,1.3869999647140503,58089260.0,1.3940000534057617,1.3880000114440918,1.3940000534057617,1.3940000534057617,1.3869999647140503,1.3940000534057617
159222,自由现金流ETF易方达,2026-04-23,1.3949999809265137,1.3919999599456787,1.4010000228881836,1.3880000114440918,49682920.0,1.3919999599456787,1.3949999809265137,1.3919999599456787,1.4010000228881836,1.3880000114440918,1.3919999599456787
159222,自由现金流ETF易方达,2026-04-24,1.3880000114440918,1.3880000114440918,1.3899999856948853,1.378000020980835,47963400.0,1.3880000114440918,1.3880000114440918,1.3880000114440918,1.3899999856948853,1.378000020980835,1.3880000114440918
159222,自由现金流ETF易方达,2026-04-27,1.3849999904632568,1.3849999904632568,1.3890000581741333,1.3830000162124634,86250150.0,1.3849999904632568,1.3849999904632568,1.3849999904632568,1.3890000581741333,1.3830000162124634,1.3849999904632568
159222,自由现金流ETF易方达,2026-04-28,1.3819999694824219,1.3899999856948853,1.3899999856948853,1.3799999952316284,67609800.0,1.3899999856948853,1.3819999694824219,1.3899999856948853,1.3899999856948853,1.3799999952316284,1.3899999856948853
159222,自由现金流ETF易方达,2026-04-29,1.3930000066757202,1.4140000343322754,1.4160000085830688,1.3910000324249268,64338480.0,1.4140000343322754,1.3930000066757202,1.4140000343322754,1.4160000085830688,1.3910000324249268,1.4140000343322754
159222,自由现金流ETF易方达,2026-04-30,1.4140000343322754,1.406999945640564,1.4190000295639038,1.4019999504089355,73913400.0,1.406999945640564,1.4140000343322754,1.406999945640564,1.4190000295639038,1.4019999504089355,1.406999945640564
159222,自由现金流ETF易方达,2026-05-06,1.4079999923706055,1.4110000133514404,1.4110000133514404,1.4010000228881836,64062600.0,1.4110000133514404,1.4079999923706055,1.4110000133514404,1.4110000133514404,1.4010000228881836,1.4110000133514404
159222,自由现金流ETF易方达,2026-05-07,1.4110000133514404,1.3980000019073486,1.4129999876022339,1.3949999809265137,81408220.0,1.3980000019073486,1.4110000133514404,1.3980000019073486,1.4129999876022339,1.3949999809265137,1.3980000019073486
159222,自由现金流ETF易方达,2026-05-08,1.3980000019073486,1.3949999809265137,1.399999976158142,1.3899999856948853,57980600.0,1.3949999809265137,1.3980000019073486,1.3949999809265137,1.399999976158142,1.3899999856948853,1.3949999809265137
159222,自由现金流ETF易方达,2026-05-11,1.3949999809265137,1.4019999504089355,1.402999997138977,1.3930000066757202,67115810.0,1.4019999504089355,1.3949999809265137,1.4019999504089355,1.402999997138977,1.3930000066757202,1.4019999504089355
159222,自由现金流ETF易方达,2026-05-12,1.4019999504089355,1.3940000534057617,1.402999997138977,1.3890000581741333,73258700.0,1.3940000534057617,1.4019999504089355,1.3940000534057617,1.402999997138977,1.3890000581741333,1.3940000534057617
159222,自由现金流ETF易方达,2026-05-13,1.3910000324249268,1.399999976158142,1.399999976158142,1.3880000114440918,52212100.0,1.399999976158142,1.3910000324249268,1.399999976158142,1.399999976158142,1.3880000114440918,1.399999976158142
159222,自由现金流ETF易方达,2026-05-14,1.3990000486373901,1.38100004196167,1.4010000228881836,1.38100004196167,70611660.0,1.38100004196167,1.3990000486373901,1.38100004196167,1.4010000228881836,1.38100004196167,1.38100004196167
159222,自由现金流ETF易方达,2026-05-15,1.3799999952316284,1.3630000352859497,1.3799999952316284,1.3580000400543213,75120930.0,1.3630000352859497,1.3799999952316284,1.3630000352859497,1.3799999952316284,1.3580000400543213,1.3630000352859497
159222,自由现金流ETF易方达,2026-05-18,1.3550000190734863,1.347000002861023,1.3609999418258667,1.3389999866485596,68631510.0,1.347000002861023,1.3550000190734863,1.347000002861023,1.3609999418258667,1.3389999866485596,1.347000002861023
159222,自由现金流ETF易方达,2026-05-19,1.347000002861023,1.347000002861023,1.3480000495910645,1.3350000381469727,54607200.0,1.347000002861023,1.347000002861023,1.347000002861023,1.3480000495910645,1.3350000381469727,1.347000002861023
159222,自由现金流ETF易方达,2026-05-20,1.340999960899353,1.3420000076293945,1.3450000286102295,1.3329999446868896,65543500.0,1.3420000076293945,1.340999960899353,1.3420000076293945,1.3450000286102295,1.3329999446868896,1.3420000076293945
159222,自由现金流ETF易方达,2026-05-21,1.3420000076293945,1.315999984741211,1.3450000286102295,1.312000036239624,66839330.0,1.315999984741211,1.3420000076293945,1.315999984741211,1.3450000286102295,1.312000036239624,1.315999984741211
159222,自由现金流ETF易方达,2026-05-22,1.315999984741211,1.319000005722046,1.3229999542236328,1.309000015258789,49125440.0,1.319000005722046,1.315999984741211,1.319000005722046,1.3229999542236328,1.309000015258789,1.319000005722046
159222,自由现金流ETF易方达,2026-05-25,1.315999984741211,1.309999942779541,1.3220000267028809,1.3049999475479126,60833000.0,1.309999942779541,1.315999984741211,1.309999942779541,1.3220000267028809,1.3049999475479126,1.309999942779541
159222,自由现金流ETF易方达,2026-05-26,1.3070000410079956,1.3200000524520874,1.3209999799728394,1.3009999990463257,53541300.0,1.3200000524520874,1.3070000410079956,1.3200000524520874,1.3209999799728394,1.3009999990463257,1.3200000524520874
159222,自由现金流ETF易方达,2026-05-27,1.3209999799728394,1.3020000457763672,1.3240000009536743,1.2970000505447388,75401100.0,1.3020000457763672,1.3209999799728394,1.3020000457763672,1.3240000009536743,1.2970000505447388,1.3020000457763672
159222,自由现金流ETF易方达,2026-05-28,1.2999999523162842,1.2960000038146973,1.3040000200271606,1.2869999408721924,52238800.0,1.2960000038146973,1.2999999523162842,1.2960000038146973,1.3040000200271606,1.2869999408721924,1.2960000038146973
159222,自由现金流ETF易方达,2026-05-29,1.2929999828338623,1.3020000457763672,1.3109999895095825,1.2929999828338623,82170760.0,1.3020000457763672,1.2929999828338623,1.3020000457763672,1.3109999895095825,1.2929999828338623,1.3020000457763672
159222,自由现金流ETF易方达,2026-06-01,1.3020000457763672,1.312000036239624,1.3140000104904175,1.2979999780654907,45969100.0,1.312000036239624,1.3020000457763672,1.312000036239624,1.3140000104904175,1.2979999780654907,1.312000036239624
159222,自由现金流ETF易方达,2026-06-02,1.312000036239624,1.312000036239624,1.312999963760376,1.2990000247955322,58059200.0,1.312000036239624,1.312000036239624,1.312000036239624,1.312999963760376,1.2990000247955322,1.312000036239624
159222,自由现金流ETF易方达,2026-06-03,1.3109999895095825,1.3040000200271606,1.3109999895095825,1.2970000505447388,44090560.0,1.3040000200271606,1.3109999895095825,1.3040000200271606,1.3109999895095825,1.2970000505447388,1.3040000200271606
159222,自由现金流ETF易方达,2026-06-04,1.2999999523162842,1.284000039100647,1.3009999990463257,1.2790000438690186,47340200.0,1.284000039100647,1.2999999523162842,1.284000039100647,1.3009999990463257,1.2790000438690186,1.284000039100647
159222,自由现金流ETF易方达,2026-06-05,1.274999976158142,1.274999976158142,1.2910000085830688,1.2719999551773071,49205000.0,1.274999976158142,1.274999976158142,1.274999976158142,1.2910000085830688,1.2719999551773071,1.274999976158142
159222,自由现金流ETF易方达,2026-06-08,1.2669999599456787,1.253000020980835,1.2680000066757202,1.2430000305175781,56415200.0,1.253000020980835,1.2669999599456787,1.253000020980835,1.2680000066757202,1.2430000305175781,1.253000020980835
159222,自由现金流ETF易方达,2026-06-09,1.25600004196167,1.2489999532699585,1.25600004196167,1.2380000352859497,56013270.0,1.2489999532699585,1.25600004196167,1.2489999532699585,1.25600004196167,1.2380000352859497,1.2489999532699585
159222,自由现金流ETF易方达,2026-06-10,1.2389999628067017,1.2330000400543213,1.2419999837875366,1.2269999980926514,73488900.0,1.2330000400543213,1.2389999628067017,1.2330000400543213,1.2419999837875366,1.2269999980926514,1.2330000400543213
159222,自由现金流ETF易方达,2026-06-11,1.2300000190734863,1.2359999418258667,1.2400000095367432,1.2239999771118164,53259500.0,1.2359999418258667,1.2300000190734863,1.2359999418258667,1.2400000095367432,1.2239999771118164,1.2359999418258667
159222,自由现金流ETF易方达,2026-06-12,1.2389999628067017,1.253999948501587,1.2640000581741333,1.2359999418258667,49116200.0,1.253999948501587,1.2389999628067017,1.253999948501587,1.2640000581741333,1.2359999418258667,1.253999948501587
159222,自由现金流ETF易方达,2026-06-15,1.25600004196167,1.2419999837875366,1.2589999437332153,1.2359999418258667,84955000.0,1.2419999837875366,1.25600004196167,1.2419999837875366,1.2589999437332153,1.2359999418258667,1.2419999837875366
159222,自由现金流ETF易方达,2026-06-16,1.2419999837875366,1.218000054359436,1.2419999837875366,1.215000033378601,57841140.0,1.218000054359436,1.2419999837875366,1.218000054359436,1.2419999837875366,1.215000033378601,1.218000054359436
159222,自由现金流ETF易方达,2026-06-17,1.215999960899353,1.2130000591278076,1.218000054359436,1.2070000171661377,68481240.0,1.2130000591278076,1.215999960899353,1.2130000591278076,1.218000054359436,1.2070000171661377,1.2130000591278076
159222,自由现金流ETF易方达,2026-06-18,1.2089999914169312,1.1979999542236328,1.2130000591278076,1.1920000314712524,64562390.0,1.1979999542236328,1.2089999914169312,1.1979999542236328,1.2130000591278076,1.1920000314712524,1.1979999542236328
159222,自由现金流ETF易方达,2026-06-22,1.1929999589920044,1.2120000123977661,1.2120000123977661,1.187000036239624,67775034.0,1.2120000123977661,1.1929999589920044,1.2120000123977661,1.2120000123977661,1.187000036239624,1.2120000123977661
159222,自由现金流ETF易方达,2026-06-23,1.2100000381469727,1.180999994277954,1.215000033378601,1.1790000200271606,97923248.0,1.180999994277954,1.2100000381469727,1.180999994277954,1.215000033378601,1.1790000200271606,1.180999994277954
159222,自由现金流ETF易方达,2026-06-24,1.1820000410079956,1.1679999828338623,1.1859999895095825,1.1649999618530273,75434398.0,1.1679999828338623,1.1820000410079956,1.1679999828338623,1.1859999895095825,1.1649999618530273,1.1679999828338623
159222,自由现金流ETF易方达,2026-06-25,1.1640000343322754,1.1579999923706055,1.1720000505447388,1.1549999713897705,80704668.0,1.1579999923706055,1.1640000343322754,1.1579999923706055,1.1720000505447388,1.1549999713897705,1.1579999923706055
159222,自由现金流ETF易方达,2026-06-26,1.1579999923706055,1.1319999694824219,1.159999966621399,1.13100004196167,74798318.0,1.1319999694824219,1.1579999923706055,1.1319999694824219,1.159999966621399,1.13100004196167,1.1319999694824219
159222,自由现金流ETF易方达,2026-06-29,1.13100004196167,1.1399999856948853,1.1410000324249268,1.1109999418258667,84083109.0,1.1399999856948853,1.13100004196167,1.1399999856948853,1.1410000324249268,1.1109999418258667,1.1399999856948853
159222,自由现金流ETF易方达,2026-06-30,1.1380000114440918,1.1299999952316284,1.1399999856948853,1.1230000257492065,43669630.0,1.1299999952316284,1.1380000114440918,1.1299999952316284,1.1399999856948853,1.1230000257492065,1.1299999952316284
515180,红利ETF易方达,2026-01-05,1.371999979019165,1.3739999532699585,1.375,1.3669999837875366,346809894.0,1.3739999532699585,1.371999979019165,1.3739999532699585,1.375,1.3669999837875366,1.3739999532699585
515180,红利ETF易方达,2026-01-06,1.3739999532699585,1.3910000324249268,1.3919999599456787,1.371999979019165,192985189.0,1.3910000324249268,1.3739999532699585,1.3910000324249268,1.3919999599456787,1.371999979019165,1.3910000324249268
515180,红利ETF易方达,2026-01-07,1.3910000324249268,1.3910000324249268,1.3940000534057617,1.3830000162124634,145388163.0,1.3910000324249268,1.3910000324249268,1.3910000324249268,1.3940000534057617,1.3830000162124634,1.3910000324249268
515180,红利ETF易方达,2026-01-08,1.3910000324249268,1.3869999647140503,1.3910000324249268,1.3819999694824219,334767746.0,1.3869999647140503,1.3910000324249268,1.3869999647140503,1.3910000324249268,1.3819999694824219,1.3869999647140503
515180,红利ETF易方达,2026-01-09,1.3869999647140503,1.3919999599456787,1.3919999599456787,1.3839999437332153,127541565.0,1.3919999599456787,1.3869999647140503,1.3919999599456787,1.3919999599456787,1.3839999437332153,1.3919999599456787
515180,红利ETF易方达,2026-01-12,1.3910000324249268,1.3949999809265137,1.3960000276565552,1.3869999647140503,176046392.0,1.3949999809265137,1.3910000324249268,1.3949999809265137,1.3960000276565552,1.3869999647140503,1.3949999809265137
515180,红利ETF易方达,2026-01-13,1.3960000276565552,1.3919999599456787,1.4019999504089355,1.3880000114440918,137671100.0,1.3919999599456787,1.3960000276565552,1.3919999599456787,1.4019999504089355,1.3880000114440918,1.3919999599456787
515180,红利ETF易方达,2026-01-14,1.3910000324249268,1.3819999694824219,1.3980000019073486,1.378000020980835,191012600.0,1.3819999694824219,1.3910000324249268,1.3819999694824219,1.3980000019073486,1.378000020980835,1.3819999694824219
515180,红利ETF易方达,2026-01-15,1.38100004196167,1.3769999742507935,1.3880000114440918,1.3760000467300415,193962423.0,1.3769999742507935,1.38100004196167,1.3769999742507935,1.3880000114440918,1.3760000467300415,1.3769999742507935
515180,红利ETF易方达,2026-01-16,1.3769999742507935,1.3669999837875366,1.3839999437332153,1.3630000352859497,152249821.0,1.3669999837875366,1.3769999742507935,1.3669999837875366,1.3839999437332153,1.3630000352859497,1.3669999837875366
515180,红利ETF易方达,2026-01-19,1.3669999837875366,1.378000020980835,1.378000020980835,1.3639999628067017,204462966.0,1.378000020980835,1.3669999837875366,1.378000020980835,1.378000020980835,1.3639999628067017,1.378000020980835
515180,红利ETF易方达,2026-01-20,1.3769999742507935,1.399999976158142,1.4010000228881836,1.3769999742507935,245906299.0,1.399999976158142,1.3769999742507935,1.399999976158142,1.4010000228881836,1.3769999742507935,1.399999976158142
515180,红利ETF易方达,2026-01-21,1.3960000276565552,1.3899999856948853,1.3960000276565552,1.3869999647140503,176305353.0,1.3899999856948853,1.3960000276565552,1.3899999856948853,1.3960000276565552,1.3869999647140503,1.3899999856948853
515180,红利ETF易方达,2026-01-22,1.3880000114440918,1.3969999551773071,1.4010000228881836,1.3869999647140503,180230792.0,1.3969999551773071,1.3880000114440918,1.3969999551773071,1.4010000228881836,1.3869999647140503,1.3969999551773071
515180,红利ETF易方达,2026-01-23,1.3980000019073486,1.3969999551773071,1.4019999504089355,1.3940000534057617,139168400.0,1.3969999551773071,1.3980000019073486,1.3969999551773071,1.4019999504089355,1.3940000534057617,1.3969999551773071
515180,红利ETF易方达,2026-01-26,1.3980000019073486,1.406999945640564,1.409999966621399,1.3949999809265137,260565909.0,1.406999945640564,1.3980000019073486,1.406999945640564,1.409999966621399,1.3949999809265137,1.406999945640564
515180,红利ETF易方达,2026-01-27,1.406999945640564,1.3980000019073486,1.409999966621399,1.3949999809265137,115796600.0,1.3980000019073486,1.406999945640564,1.3980000019073486,1.409999966621399,1.3949999809265137,1.3980000019073486
515180,红利ETF易方达,2026-01-28,1.3980000019073486,1.4170000553131104,1.4229999780654907,1.3919999599456787,227757670.0,1.4170000553131104,1.3980000019073486,1.4170000553131104,1.4229999780654907,1.3919999599456787,1.4170000553131104
515180,红利ETF易方达,2026-01-29,1.4170000553131104,1.434999942779541,1.434999942779541,1.4140000343322754,428502361.0,1.434999942779541,1.4170000553131104,1.434999942779541,1.434999942779541,1.4140000343322754,1.434999942779541
515180,红利ETF易方达,2026-01-30,1.4299999475479126,1.4190000295639038,1.440000057220459,1.406000018119812,136813500.0,1.4190000295639038,1.4299999475479126,1.4190000295639038,1.440000057220459,1.406000018119812,1.4190000295639038
515180,红利ETF易方达,2026-02-02,1.4129999876022339,1.378999948501587,1.4129999876022339,1.375,203279889.0,1.378999948501587,1.4129999876022339,1.378999948501587,1.4129999876022339,1.375,1.378999948501587
515180,红利ETF易方达,2026-02-03,1.38100004196167,1.3880000114440918,1.3880000114440918,1.371000051498413,188854800.0,1.3880000114440918,1.38100004196167,1.3880000114440918,1.3880000114440918,1.371000051498413,1.3880000114440918
515180,红利ETF易方达,2026-02-04,1.3869999647140503,1.4240000247955322,1.4279999732971191,1.3869999647140503,387074400.0,1.4240000247955322,1.3869999647140503,1.4240000247955322,1.4279999732971191,1.3869999647140503,1.4240000247955322
515180,红利ETF易方达,2026-02-05,1.4199999570846558,1.4190000295639038,1.4220000505447388,1.406999945640564,151002905.0,1.4190000295639038,1.4199999570846558,1.4190000295639038,1.4220000505447388,1.406999945640564,1.4190000295639038
515180,红利ETF易方达,2026-02-06,1.4119999408721924,1.4140000343322754,1.4229999780654907,1.4049999713897705,174395411.0,1.4140000343322754,1.4119999408721924,1.4140000343322754,1.4229999780654907,1.4049999713897705,1.4140000343322754
515180,红利ETF易方达,2026-02-09,1.4170000553131104,1.4220000505447388,1.4249999523162842,1.4149999618530273,131780200.0,1.4220000505447388,1.4170000553131104,1.4220000505447388,1.4249999523162842,1.4149999618530273,1.4220000505447388
515180,红利ETF易方达,2026-02-10,1.4249999523162842,1.4299999475479126,1.4299999475479126,1.4170000553131104,103173100.0,1.4299999475479126,1.4249999523162842,1.4299999475479126,1.4299999475479126,1.4170000553131104,1.4299999475479126
515180,红利ETF易方达,2026-02-11,1.4290000200271606,1.4390000104904175,1.440999984741211,1.4220000505447388,109064900.0,1.4390000104904175,1.4290000200271606,1.4390000104904175,1.440999984741211,1.4220000505447388,1.4390000104904175
515180,红利ETF易方达,2026-02-12,1.437999963760376,1.4359999895095825,1.4420000314712524,1.430999994277954,153842000.0,1.4359999895095825,1.437999963760376,1.4359999895095825,1.4420000314712524,1.430999994277954,1.4359999895095825
515180,红利ETF易方达,2026-02-13,1.430999994277954,1.4160000085830688,1.430999994277954,1.4129999876022339,182560086.0,1.4160000085830688,1.430999994277954,1.4160000085830688,1.430999994277954,1.4129999876022339,1.4160000085830688
515180,红利ETF易方达,2026-02-24,1.4220000505447388,1.434000015258789,1.437000036239624,1.4220000505447388,153214286.0,1.434000015258789,1.4220000505447388,1.434000015258789,1.437000036239624,1.4220000505447388,1.434000015258789
515180,红利ETF易方达,2026-02-25,1.434000015258789,1.4429999589920044,1.4579999446868896,1.4329999685287476,164143100.0,1.4429999589920044,1.434000015258789,1.4429999589920044,1.4579999446868896,1.4329999685287476,1.4429999589920044
515180,红利ETF易方达,2026-02-26,1.440000057220459,1.4390000104904175,1.4479999542236328,1.4320000410079956,163607346.0,1.4390000104904175,1.440000057220459,1.4390000104904175,1.4479999542236328,1.4320000410079956,1.4390000104904175
515180,红利ETF易方达,2026-02-27,1.437999963760376,1.4539999961853027,1.4539999961853027,1.4359999895095825,112184825.0,1.4539999961853027,1.437999963760376,1.4539999961853027,1.4539999961853027,1.4359999895095825,1.4539999961853027
515180,红利ETF易方达,2026-03-02,1.4570000171661377,1.472000002861023,1.4739999771118164,1.4479999542236328,187266055.0,1.472000002861023,1.4570000171661377,1.472000002861023,1.4739999771118164,1.4479999542236328,1.472000002861023
515180,红利ETF易方达,2026-03-03,1.472000002861023,1.4850000143051147,1.5010000467300415,1.4670000076293945,272359599.0,1.4850000143051147,1.472000002861023,1.4850000143051147,1.5010000467300415,1.4670000076293945,1.4850000143051147
515180,红利ETF易方达,2026-03-04,1.4800000190734863,1.4609999656677246,1.4809999465942383,1.4490000009536743,235691000.0,1.4609999656677246,1.4800000190734863,1.4609999656677246,1.4809999465942383,1.4490000009536743,1.4609999656677246
515180,红利ETF易方达,2026-03-05,1.4620000123977661,1.4600000381469727,1.465999960899353,1.4470000267028809,216213238.0,1.4600000381469727,1.4620000123977661,1.4600000381469727,1.465999960899353,1.4470000267028809,1.4600000381469727
515180,红利ETF易方达,2026-03-06,1.4550000429153442,1.4609999656677246,1.4639999866485596,1.444000005722046,184594592.0,1.4609999656677246,1.4550000429153442,1.4609999656677246,1.4639999866485596,1.444000005722046,1.4609999656677246
515180,红利ETF易方达,2026-03-09,1.4709999561309814,1.4639999866485596,1.4830000400543213,1.4600000381469727,217667128.0,1.4639999866485596,1.4709999561309814,1.4639999866485596,1.4830000400543213,1.4600000381469727,1.4639999866485596
515180,红利ETF易方达,2026-03-10,1.4500000476837158,1.4529999494552612,1.4550000429153442,1.4459999799728394,152086100.0,1.4529999494552612,1.4500000476837158,1.4529999494552612,1.4550000429153442,1.4459999799728394,1.4529999494552612
515180,红利ETF易方达,2026-03-11,1.4500000476837158,1.472000002861023,1.4739999771118164,1.4429999589920044,193216458.0,1.472000002861023,1.4500000476837158,1.472000002861023,1.4739999771118164,1.4429999589920044,1.472000002861023
515180,红利ETF易方达,2026-03-12,1.4730000495910645,1.4910000562667847,1.496000051498413,1.4700000286102295,151117400.0,1.4910000562667847,1.4730000495910645,1.4910000562667847,1.496000051498413,1.4700000286102295,1.4910000562667847
515180,红利ETF易方达,2026-03-13,1.4910000562667847,1.4850000143051147,1.5019999742507935,1.4809999465942383,168599700.0,1.4850000143051147,1.4910000562667847,1.4850000143051147,1.5019999742507935,1.4809999465942383,1.4850000143051147
515180,红利ETF易方达,2026-03-16,1.4869999885559082,1.4739999771118164,1.4910000562667847,1.4700000286102295,169743800.0,1.4739999771118164,1.4869999885559082,1.4739999771118164,1.4910000562667847,1.4700000286102295,1.4739999771118164
515180,红利ETF易方达,2026-03-17,1.4739999771118164,1.465000033378601,1.4819999933242798,1.4630000591278076,165549600.0,1.465000033378601,1.4739999771118164,1.465000033378601,1.4819999933242798,1.4630000591278076,1.465000033378601
515180,红利ETF易方达,2026-03-18,1.465000033378601,1.4559999704360962,1.465000033378601,1.4420000314712524,191857600.0,1.4559999704360962,1.465000033378601,1.4559999704360962,1.465000033378601,1.4420000314712524,1.4559999704360962
515180,红利ETF易方达,2026-03-19,1.4529999494552612,1.4459999799728394,1.4609999656677246,1.4429999589920044,236178000.0,1.4459999799728394,1.4529999494552612,1.4459999799728394,1.4609999656677246,1.4429999589920044,1.4459999799728394
515180,红利ETF易方达,2026-03-20,1.4429999589920044,1.4390000104904175,1.4559999704360962,1.437000036239624,187779600.0,1.4390000104904175,1.4429999589920044,1.4390000104904175,1.4559999704360962,1.437000036239624,1.4390000104904175
515180,红利ETF易方达,2026-03-23,1.4329999685287476,1.406000018119812,1.437000036239624,1.3969999551773071,268605800.0,1.406000018119812,1.4329999685287476,1.406000018119812,1.437000036239624,1.3969999551773071,1.406000018119812
515180,红利ETF易方达,2026-03-24,1.4119999408721924,1.4249999523162842,1.4259999990463257,1.4010000228881836,219707700.0,1.4249999523162842,1.4119999408721924,1.4249999523162842,1.4259999990463257,1.4010000228881836,1.4249999523162842
515180,红利ETF易方达,2026-03-25,1.4210000038146973,1.4290000200271606,1.4290000200271606,1.406999945640564,210484900.0,1.4290000200271606,1.4210000038146973,1.4290000200271606,1.4290000200271606,1.406999945640564,1.4290000200271606
515180,红利ETF易方达,2026-03-26,1.4270000457763672,1.4290000200271606,1.440000057220459,1.4249999523162842,255176200.0,1.4290000200271606,1.4270000457763672,1.4290000200271606,1.440000057220459,1.4249999523162842,1.4290000200271606
515180,红利ETF易方达,2026-03-27,1.4279999732971191,1.430999994277954,1.437999963760376,1.4210000038146973,158912600.0,1.430999994277954,1.4279999732971191,1.430999994277954,1.437999963760376,1.4210000038146973,1.430999994277954
515180,红利ETF易方达,2026-03-30,1.4299999475479126,1.4459999799728394,1.4459999799728394,1.4299999475479126,191377061.0,1.4459999799728394,1.4299999475479126,1.4459999799728394,1.4459999799728394,1.4299999475479126,1.4459999799728394
515180,红利ETF易方达,2026-03-31,1.4459999799728394,1.4320000410079956,1.4529999494552612,1.4270000457763672,246310900.0,1.4320000410079956,1.4459999799728394,1.4320000410079956,1.4529999494552612,1.4270000457763672,1.4320000410079956
515180,红利ETF易方达,2026-04-01,1.4359999895095825,1.430999994277954,1.440000057220459,1.4279999732971191,254821700.0,1.430999994277954,1.4359999895095825,1.430999994277954,1.440000057220459,1.4279999732971191,1.430999994277954
515180,红利ETF易方达,2026-04-02,1.430999994277954,1.4320000410079956,1.437999963760376,1.4259999990463257,197301346.0,1.4320000410079956,1.430999994277954,1.4320000410079956,1.437999963760376,1.4259999990463257,1.4320000410079956
515180,红利ETF易方达,2026-04-03,1.4320000410079956,1.4110000133514404,1.4329999685287476,1.406000018119812,236625700.0,1.4110000133514404,1.4320000410079956,1.4110000133514404,1.4329999685287476,1.406000018119812,1.4110000133514404
515180,红利ETF易方达,2026-04-07,1.4110000133514404,1.4160000085830688,1.4190000295639038,1.4049999713897705,252383500.0,1.4160000085830688,1.4110000133514404,1.4160000085830688,1.4190000295639038,1.4049999713897705,1.4160000085830688
515180,红利ETF易方达,2026-04-08,1.4160000085830688,1.4270000457763672,1.4270000457763672,1.409000039100647,298252178.0,1.4270000457763672,1.4160000085830688,1.4270000457763672,1.4270000457763672,1.409000039100647,1.4270000457763672
515180,红利ETF易方达,2026-04-09,1.4240000247955322,1.4179999828338623,1.4259999990463257,1.4149999618530273,146070300.0,1.4179999828338623,1.4240000247955322,1.4179999828338623,1.4259999990463257,1.4149999618530273,1.4179999828338623
515180,红利ETF易方达,2026-04-10,1.4179999828338623,1.4190000295639038,1.4259999990463257,1.4149999618530273,157456900.0,1.4190000295639038,1.4179999828338623,1.4190000295639038,1.4259999990463257,1.4149999618530273,1.4190000295639038
515180,红利ETF易方达,2026-04-13,1.4190000295639038,1.4199999570846558,1.4220000505447388,1.4119999408721924,145692900.0,1.4199999570846558,1.4190000295639038,1.4199999570846558,1.4220000505447388,1.4119999408721924,1.4199999570846558
515180,红利ETF易方达,2026-04-14,1.4210000038146973,1.4210000038146973,1.4220000505447388,1.4119999408721924,156261138.0,1.4210000038146973,1.4210000038146973,1.4210000038146973,1.4220000505447388,1.4119999408721924,1.4210000038146973
515180,红利ETF易方达,2026-04-15,1.4210000038146973,1.4279999732971191,1.4290000200271606,1.4170000553131104,238401492.0,1.4279999732971191,1.4210000038146973,1.4279999732971191,1.4290000200271606,1.4170000553131104,1.4279999732971191
515180,红利ETF易方达,2026-04-16,1.4270000457763672,1.4320000410079956,1.4329999685287476,1.4249999523162842,183017300.0,1.4320000410079956,1.4270000457763672,1.4320000410079956,1.4329999685287476,1.4249999523162842,1.4320000410079956
515180,红利ETF易方达,2026-04-17,1.4299999475479126,1.4210000038146973,1.430999994277954,1.4190000295639038,183485100.0,1.4210000038146973,1.4299999475479126,1.4210000038146973,1.430999994277954,1.4190000295639038,1.4210000038146973
515180,红利ETF易方达,2026-04-20,1.4220000505447388,1.4229999780654907,1.4249999523162842,1.4190000295639038,158393800.0,1.4229999780654907,1.4220000505447388,1.4229999780654907,1.4249999523162842,1.4190000295639038,1.4229999780654907
515180,红利ETF易方达,2026-04-21,1.4249999523162842,1.4359999895095825,1.437999963760376,1.4229999780654907,181973611.0,1.4359999895095825,1.4249999523162842,1.4359999895095825,1.437999963760376,1.4229999780654907,1.4359999895095825
515180,红利ETF易方达,2026-04-22,1.4359999895095825,1.434999942779541,1.440999984741211,1.4329999685287476,134859700.0,1.434999942779541,1.4359999895095825,1.434999942779541,1.440999984741211,1.4329999685287476,1.434999942779541
515180,红利ETF易方达,2026-04-23,1.434999942779541,1.4429999589920044,1.444000005722046,1.4299999475479126,176961700.0,1.4429999589920044,1.434999942779541,1.4429999589920044,1.444000005722046,1.4299999475479126,1.4429999589920044
515180,红利ETF易方达,2026-04-24,1.440000057220459,1.4420000314712524,1.444000005722046,1.434999942779541,218885000.0,1.4420000314712524,1.440000057220459,1.4420000314712524,1.444000005722046,1.434999942779541,1.4420000314712524
515180,红利ETF易方达,2026-04-27,1.4390000104904175,1.440999984741211,1.4459999799728394,1.4359999895095825,149365000.0,1.440999984741211,1.4390000104904175,1.440999984741211,1.4459999799728394,1.4359999895095825,1.440999984741211
515180,红利ETF易方达,2026-04-28,1.4390000104904175,1.4529999494552612,1.4550000429153442,1.4329999685287476,188579049.0,1.4529999494552612,1.4390000104904175,1.4529999494552612,1.4550000429153442,1.4329999685287476,1.4529999494552612
515180,红利ETF易方达,2026-04-29,1.4529999494552612,1.4670000076293945,1.4700000286102295,1.4520000219345093,177881100.0,1.4670000076293945,1.4529999494552612,1.4670000076293945,1.4700000286102295,1.4520000219345093,1.4670000076293945
515180,红利ETF易方达,2026-04-30,1.4670000076293945,1.465000033378601,1.4730000495910645,1.4579999446868896,186406600.0,1.465000033378601,1.4670000076293945,1.465000033378601,1.4730000495910645,1.4579999446868896,1.465000033378601
515180,红利ETF易方达,2026-05-06,1.4630000591278076,1.468999981880188,1.4700000286102295,1.4509999752044678,263861094.0,1.468999981880188,1.4630000591278076,1.468999981880188,1.4700000286102295,1.4509999752044678,1.468999981880188
515180,红利ETF易方达,2026-05-07,1.468000054359436,1.4459999799728394,1.468000054359436,1.4429999589920044,394946100.0,1.4459999799728394,1.468000054359436,1.4459999799728394,1.468000054359436,1.4429999589920044,1.4459999799728394
515180,红利ETF易方达,2026-05-08,1.4479999542236328,1.440000057220459,1.4529999494552612,1.4359999895095825,232828203.0,1.440000057220459,1.4479999542236328,1.440000057220459,1.4529999494552612,1.4359999895095825,1.440000057220459
515180,红利ETF易方达,2026-05-11,1.437999963760376,1.4459999799728394,1.4500000476837158,1.437999963760376,288740099.0,1.4459999799728394,1.437999963760376,1.4459999799728394,1.4500000476837158,1.437999963760376,1.4459999799728394
515180,红利ETF易方达,2026-05-12,1.4459999799728394,1.444000005722046,1.4529999494552612,1.4420000314712524,159762700.0,1.444000005722046,1.4459999799728394,1.444000005722046,1.4529999494552612,1.4420000314712524,1.444000005722046
515180,红利ETF易方达,2026-05-13,1.4459999799728394,1.437999963760376,1.4490000009536743,1.4329999685287476,489593480.0,1.437999963760376,1.4459999799728394,1.437999963760376,1.4490000009536743,1.4329999685287476,1.437999963760376
515180,红利ETF易方达,2026-05-14,1.4359999895095825,1.4259999990463257,1.4390000104904175,1.4249999523162842,179811100.0,1.4259999990463257,1.4359999895095825,1.4259999990463257,1.4390000104904175,1.4249999523162842,1.4259999990463257
515180,红利ETF易方达,2026-05-15,1.4259999990463257,1.4220000505447388,1.4329999685287476,1.4170000553131104,238481894.0,1.4220000505447388,1.4259999990463257,1.4220000505447388,1.4329999685287476,1.4170000553131104,1.4220000505447388
515180,红利ETF易方达,2026-05-18,1.4220000505447388,1.4160000085830688,1.4249999523162842,1.4079999923706055,285314200.0,1.4160000085830688,1.4220000505447388,1.4160000085830688,1.4249999523162842,1.4079999923706055,1.4160000085830688
515180,红利ETF易方达,2026-05-19,1.4149999618530273,1.4179999828338623,1.4190000295639038,1.409999966621399,207509600.0,1.4179999828338623,1.4149999618530273,1.4179999828338623,1.4190000295639038,1.409999966621399,1.4179999828338623
515180,红利ETF易方达,2026-05-20,1.4160000085830688,1.4140000343322754,1.4179999828338623,1.4110000133514404,157439500.0,1.4140000343322754,1.4160000085830688,1.4140000343322754,1.4179999828338623,1.4110000133514404,1.4140000343322754
515180,红利ETF易方达,2026-05-21,1.4119999408721924,1.3940000534057617,1.4179999828338623,1.3919999599456787,288480151.0,1.3940000534057617,1.4119999408721924,1.3940000534057617,1.4179999828338623,1.3919999599456787,1.3940000534057617
515180,红利ETF易方达,2026-05-22,1.3969999551773071,1.3910000324249268,1.3969999551773071,1.3819999694824219,231417000.0,1.3910000324249268,1.3969999551773071,1.3910000324249268,1.3969999551773071,1.3819999694824219,1.3910000324249268
515180,红利ETF易方达,2026-05-25,1.3949999809265137,1.3960000276565552,1.4079999923706055,1.3940000534057617,236133349.0,1.3960000276565552,1.3949999809265137,1.3960000276565552,1.4079999923706055,1.3940000534057617,1.3960000276565552
515180,红利ETF易方达,2026-05-26,1.3930000066757202,1.3990000486373901,1.399999976158142,1.3869999647140503,230540200.0,1.3990000486373901,1.3930000066757202,1.3990000486373901,1.399999976158142,1.3869999647140503,1.3990000486373901
515180,红利ETF易方达,2026-05-27,1.399999976158142,1.3869999647140503,1.4010000228881836,1.3799999952316284,339576300.0,1.3869999647140503,1.399999976158142,1.3869999647140503,1.4010000228881836,1.3799999952316284,1.3869999647140503
515180,红利ETF易方达,2026-05-28,1.3860000371932983,1.3839999437332153,1.3940000534057617,1.38100004196167,218091962.0,1.3839999437332153,1.3860000371932983,1.3839999437332153,1.3940000534057617,1.38100004196167,1.3839999437332153
515180,红利ETF易方达,2026-05-29,1.3830000162124634,1.4019999504089355,1.406000018119812,1.38100004196167,422720900.0,1.4019999504089355,1.3830000162124634,1.4019999504089355,1.406000018119812,1.38100004196167,1.4019999504089355
515180,红利ETF易方达,2026-06-01,1.4040000438690186,1.4390000104904175,1.440000057220459,1.3990000486373901,371732662.0,1.4390000104904175,1.4040000438690186,1.4390000104904175,1.440000057220459,1.3990000486373901,1.4390000104904175
515180,红利ETF易方达,2026-06-02,1.4390000104904175,1.434999942779541,1.4550000429153442,1.4290000200271606,315972220.0,1.434999942779541,1.4390000104904175,1.434999942779541,1.4550000429153442,1.4290000200271606,1.434999942779541
515180,红利ETF易方达,2026-06-03,1.4279999732971191,1.434000015258789,1.440000057220459,1.4140000343322754,308026400.0,1.434000015258789,1.4279999732971191,1.434000015258789,1.440000057220459,1.4140000343322754,1.434000015258789
515180,红利ETF易方达,2026-06-04,1.430999994277954,1.4279999732971191,1.437999963760376,1.4220000505447388,220219559.0,1.4279999732971191,1.430999994277954,1.4279999732971191,1.437999963760376,1.4220000505447388,1.4279999732971191
515180,红利ETF易方达,2026-06-05,1.4249999523162842,1.4279999732971191,1.440999984741211,1.4229999780654907,290394651.0,1.4279999732971191,1.4249999523162842,1.4279999732971191,1.440999984741211,1.4229999780654907,1.4279999732971191
515180,红利ETF易方达,2026-06-08,1.4220000505447388,1.4170000553131104,1.4299999475479126,1.409999966621399,376849800.0,1.4170000553131104,1.4220000505447388,1.4170000553131104,1.4299999475479126,1.409999966621399,1.4170000553131104
515180,红利ETF易方达,2026-06-09,1.4119999408721924,1.4140000343322754,1.4170000553131104,1.402999997138977,196451820.0,1.4140000343322754,1.4119999408721924,1.4140000343322754,1.4170000553131104,1.402999997138977,1.4140000343322754
515180,红利ETF易方达,2026-06-10,1.4119999408721924,1.406000018119812,1.4149999618530273,1.399999976158142,371071500.0,1.406000018119812,1.4119999408721924,1.406000018119812,1.4149999618530273,1.399999976158142,1.406000018119812
515180,红利ETF易方达,2026-06-11,1.4049999713897705,1.4019999504089355,1.4110000133514404,1.3930000066757202,346261800.0,1.4019999504089355,1.4049999713897705,1.4019999504089355,1.4110000133514404,1.3930000066757202,1.4019999504089355
515180,红利ETF易方达,2026-06-12,1.3960000276565552,1.4220000505447388,1.4249999523162842,1.3949999809265137,247992300.0,1.4220000505447388,1.3960000276565552,1.4220000505447388,1.4249999523162842,1.3949999809265137,1.4220000505447388
515180,红利ETF易方达,2026-06-15,1.4229999780654907,1.409999966621399,1.4229999780654907,1.402999997138977,233343300.0,1.409999966621399,1.4229999780654907,1.409999966621399,1.4229999780654907,1.402999997138977,1.409999966621399
515180,红利ETF易方达,2026-06-16,1.406000018119812,1.3860000371932983,1.406000018119812,1.3819999694824219,356721400.0,1.3860000371932983,1.406000018119812,1.3860000371932983,1.406000018119812,1.3819999694824219,1.3860000371932983
515180,红利ETF易方达,2026-06-17,1.3860000371932983,1.371000051498413,1.3869999647140503,1.3680000305175781,320277170.0,1.371000051498413,1.3860000371932983,1.371000051498413,1.3869999647140503,1.3680000305175781,1.371000051498413
515180,红利ETF易方达,2026-06-18,1.3700000047683716,1.3459999561309814,1.371000051498413,1.343000054359436,452647900.0,1.3459999561309814,1.3700000047683716,1.3459999561309814,1.371000051498413,1.343000054359436,1.3459999561309814
515180,红利ETF易方达,2026-06-22,1.343999981880188,1.3609999418258667,1.3609999418258667,1.3250000476837158,368955200.0,1.3609999418258667,1.343999981880188,1.3609999418258667,1.3609999418258667,1.3250000476837158,1.3609999418258667
515180,红利ETF易方达,2026-06-23,1.3589999675750732,1.3509999513626099,1.3700000047683716,1.347000002861023,322106701.0,1.3509999513626099,1.3589999675750732,1.3509999513626099,1.3700000047683716,1.347000002861023,1.3509999513626099
515180,红利ETF易方达,2026-06-24,1.3530000448226929,1.3339999914169312,1.3530000448226929,1.3289999961853027,262302300.0,1.3339999914169312,1.3530000448226929,1.3339999914169312,1.3530000448226929,1.3289999961853027,1.3339999914169312
515180,红利ETF易方达,2026-06-25,1.3250000476837158,1.3179999589920044,1.3339999914169312,1.3140000104904175,316901500.0,1.3179999589920044,1.3250000476837158,1.3179999589920044,1.3339999914169312,1.3140000104904175,1.3179999589920044
515180,红利ETF易方达,2026-06-26,1.3179999589920044,1.2949999570846558,1.3200000524520874,1.2910000085830688,373448900.0,1.2949999570846558,1.3179999589920044,1.2949999570846558,1.3200000524520874,1.2910000085830688,1.2949999570846558
515180,红利ETF易方达,2026-06-29,1.2920000553131104,1.2990000247955322,1.3009999990463257,1.2690000534057617,483556800.0,1.2990000247955322,1.2920000553131104,1.2990000247955322,1.3009999990463257,1.2690000534057617,1.2990000247955322
515180,红利ETF易方达,2026-06-30,1.2940000295639038,1.2769999504089355,1.2960000038146973,1.2699999809265137,305945092.0,1.2769999504089355,1.2940000295639038,1.2769999504089355,1.2960000038146973,1.2699999809265137,1.2769999504089355
